feature,ks_statistic,p_value,tp_mean,fp_mean,divergence_score
f374_q75,0.7625812856788285,1.7292335676998138e-30,0.49076536297798157,0.28486186265945435,0.20590350031852722
f374_mean,0.7098337056341524,1.177020539029031e-25,0.46415841579437256,0.2786734104156494,0.18548500537872314
f269_q75,0.7060610573343261,2.4642306031644497e-25,0.5142312049865723,0.29235541820526123,0.22187578678131104
f268_q75,0.6953785058327129,1.8858950877784787e-24,0.5094470381736755,0.30101799964904785,0.20842903852462769
f374_q50,0.69427649540829,2.2975607753543326e-24,0.4635048806667328,0.2785772383213043,0.18492764234542847
f372_q75,0.6788086373790022,3.909080320617388e-23,0.20012016594409943,0.09979395568370819,0.10032621026039124
f265_q50,0.6756316703896749,6.918921887652193e-23,0.18511374294757843,0.09208061546087265,0.09303312748670578
f265_mean,0.6751253412757509,7.569339377829854e-23,0.1884291172027588,0.09337662160396576,0.09505249559879303
f86_q75,0.6717200297840655,1.375262782965759e-22,0.49810731410980225,0.30010518431663513,0.19800212979316711
f265_q75,0.6665673864482502,3.363219294544974e-22,0.2117299884557724,0.10072163492441177,0.11100835353136063
f269_mean,0.658644825018615,1.3192085815913593e-21,0.46978044509887695,0.2749289870262146,0.19485145807266235
f372_q50,0.6499478778853314,5.664455539093902e-21,0.18463030457496643,0.0968703106045723,0.08775999397039413
f372_mean,0.6499478778853314,5.664455539093902e-21,0.1849110722541809,0.09686070680618286,0.08805036544799805
f373_q75,0.6470488955075702,9.115049804466072e-21,0.13278765976428986,0.07876135408878326,0.05402630567550659
f267_q75,0.6337453462397618,7.875487998442575e-20,0.14157356321811676,0.08099323511123657,0.06058032810688019
f268_mean,0.6330106726234798,8.801616052284059e-20,0.46863266825675964,0.2837660312652588,0.18486663699150085
f268_q50,0.6294663688260114,1.5413550535000125e-19,0.46381711959838867,0.28229111433029175,0.18152600526809692
f269_q50,0.6246810622983371,3.252606879235407e-19,0.4677904546260834,0.2727445960044861,0.1950458586215973
f264_q75,0.6192007942417473,7.611267292134866e-19,0.2084438055753708,0.10824989527463913,0.10019391030073166
f265_q25,0.6151104492429883,1.4114725441006774e-18,0.16393564641475677,0.085184246301651,0.07875140011310577
f374_q25,0.61331347728965,1.85674120310606e-18,0.438589483499527,0.2725919187068939,0.16599756479263306
f264_mean,0.6094415487714073,3.3394436219993594e-18,0.18699203431606293,0.10080529004335403,0.08618674427270889
f264_q50,0.6043782576321668,7.082114103301606e-18,0.1850985586643219,0.09983426332473755,0.08526429533958435
f86_mean,0.6030876147927525,8.554605403378123e-18,0.45645391941070557,0.2830275297164917,0.17342638969421387
f266_q75,0.5996823033010673,1.4098393999546496e-17,0.13598555326461792,0.0829191654920578,0.05306638777256012
f269_q25,0.5931496649292628,3.6092304293105874e-17,0.4243796169757843,0.25590386986732483,0.16847574710845947
f38_q75,0.5919980143956317,4.264488936906771e-17,2.534930467605591,2.4797356128692627,0.055194854736328125
f47_q75,0.5888210474063043,6.716205791534695e-17,1.0297490358352661,1.026700735092163,0.0030483007431030273
f238_q75,0.5854554480019856,1.0742365722356255e-16,1.7542070018805589e-09,6.240508665378286e-10,1.1301561353427303e-09
f47_mean,0.5847704144949118,1.1895431334821177e-16,1.029113531112671,1.026500940322876,0.002612590789794922
f85_q75,0.5846314221891288,1.2136731263647992e-16,0.13257953524589539,0.08131864666938782,0.05126088857650757
f38_q50,0.5825167535368578,1.6257097716538115e-16,2.525818109512329,2.4753997325897217,0.05041837692260742
f236_q50,0.5810374782824522,1.994894717648629e-16,2.854442793243095e-10,1.3866351122882037e-10,1.4678076809548912e-10
f198_q75,0.5803028046661702,2.2162167413128461e-16,8.35759067285835e-07,3.954960448027123e-07,4.4026302248312277e-07
f200_q25,0.5797964755522462,2.3774247060894495e-16,5.873877171325148e-07,3.364537235484022e-07,2.509339935841126e-07
f372_q25,0.5784661206254654,2.8540275299898377e-16,0.1703997105360031,0.09400875866413116,0.07639095187187195
f236_mean,0.5782774882104741,2.9333037903680967e-16,3.333470444122355e-10,1.473476063384993e-10,1.859994380737362e-10
f200_q75,0.577999503598908,3.038583327413258e-16,1.1667179933283478e-06,4.58855311080697e-07,7.078626822476508e-07
f202_mean,0.5768478530652767,3.557363691094721e-16,3.6491678656602744e-06,1.5023034620753606e-06,2.146864403584914e-06
f200_q50,0.5766195085629189,3.680169653761757e-16,7.978468943292683e-07,3.9320434552791994e-07,4.046425488013483e-07
f238_mean,0.5753288657235046,4.382627600448304e-16,1.3883970639838594e-09,5.476326614406446e-10,8.407644025432148e-10
f238_q50,0.5749615289153636,4.613492252672258e-16,1.1934155885739983e-09,5.132552716169414e-10,6.801603169570569e-10
f47_q50,0.574415487714073,4.981765653061523e-16,1.0290369987487793,1.0264867544174194,0.0025502443313598633
f202_q75,0.5727078679573095,6.294574229565969e-16,4.631501269614091e-06,1.7067047792806989e-06,2.9247964903333923e-06
f200_mean,0.5710498883097542,7.872499161510621e-16,9.018161222229537e-07,4.035229324017564e-07,4.982931898211973e-07
f359_q75,0.5707719036981881,8.156154541548108e-16,1.5631604899368767e-09,5.543706604882459e-10,1.0087898294486308e-09
f38_mean,0.5705931993050385,8.404279057918499e-16,2.52492356300354,2.475250720977783,0.049672842025756836
f236_q25,0.5705435591958302,8.431517063001634e-16,2.069939220028516e-10,1.1611429179270161e-10,9.087963021015e-11
f359_mean,0.5702655745842641,8.735088991059547e-16,1.2470358079497146e-09,5.130779134887575e-10,7.33957894460957e-10
f236_q75,0.5686572350459171,1.0895026755255133e-15,4.180587265256719e-10,1.6772819244614823e-10,2.5033053407952366e-10
f339_q75,0.567138247704145,1.3364447982680636e-15,8.058319167503214e-07,3.6073103615308355e-07,4.4510088059723785e-07
f239_q25,0.5651129312484487,1.7527526212724648e-15,8.365903525486829e-10,3.7086717030732075e-10,4.657231822413621e-10
f201_q25,0.5648349466368826,1.814012613447902e-15,5.680020649379003e-07,3.0676372375637584e-07,2.6123834118152445e-07
f198_mean,0.5647455944403078,1.8433227438293088e-15,6.842014386165829e-07,3.5248561403022904e-07,3.3171582458635385e-07
f238_q25,0.5646066021345247,1.875293160102649e-15,8.966393183484911e-10,4.2923162246744084e-10,4.674076958810502e-10
f234_mean,0.5641002730206006,2.006227900735605e-15,2.4045307411846295e-10,1.2405304561369235e-10,1.164000285047706e-10
f202_q25,0.5629486224869694,2.334919415067105e-15,2.402757672825828e-06,1.2556566844068584e-06,1.1471009884189698e-06
f86_q50,0.5626309257880368,2.4426508209603887e-15,0.4533578157424927,0.2815718352794647,0.17178598046302795
f71_q50,0.5617969719533383,2.7169907825619424e-15,9.330544115115913e-10,5.707032069146578e-10,3.623512045969335e-10
f198_q50,0.5617076197567634,2.760376968891184e-15,6.402086683010566e-07,3.492416169592616e-07,2.90967051341795e-07
f202_q50,0.5612906428394142,2.9053552287327167e-15,3.3353455819451483e-06,1.4632577176598716e-06,1.8720878642852767e-06
f237_q25,0.5609233060312733,3.053610573719466e-15,2.0182355786602102e-10,1.0194139282715398e-10,9.988216503886704e-11
f339_q50,0.5601886324149913,3.3740295793099942e-15,6.64734670863254e-07,3.35017119823533e-07,3.29717551039721e-07
f358_q75,0.559632663191859,3.614108955514074e-15,3.8378922262438664e-10,1.504776303562494e-10,2.3331159226813725e-10
f359_q50,0.5592653263837181,3.795535920463301e-15,1.138704130987378e-09,5.132058111811943e-10,6.254983198061836e-10
f201_mean,0.559126334077935,3.863311822957508e-15,8.866514917826862e-07,3.654518252460548e-07,5.211996665366314e-07
f339_mean,0.5581633159592951,4.404236937730784e-15,6.740880280631245e-07,3.3488947792648105e-07,3.3919855013664346e-07
f52_q50,0.5580243236535121,4.479292179482727e-15,7.205055112535774e-07,4.2554626134005957e-07,2.9495924991351785e-07
f341_q75,0.557656986845371,4.706616037559368e-15,4.255741259839851e-06,1.5463663203263422e-06,2.709374939513509e-06
f70_q25,0.5567336808140978,5.29097035614628e-15,1.570460428368392e-10,1.3351918182191724e-10,2.3526861014921963e-11
f340_q25,0.5565053363117399,5.464928380094049e-15,6.472740210483607e-07,3.523361158386251e-07,2.949379052097356e-07
f340_q75,0.5558600148920327,5.937161924513008e-15,1.0836308774742065e-06,4.187180309145333e-07,6.649128465596732e-07
f71_q25,0.5558600148920327,5.937161924513008e-15,6.191747670136749e-10,4.859529445511157e-10,1.332218224625592e-10
f70_q50,0.5554926780838918,6.237121594136031e-15,2.361321971289243e-10,1.5624661287017005e-10,7.988558425875425e-11
f234_q50,0.5551253412757509,6.551600090614375e-15,2.2372748098575812e-10,1.1905149088775602e-10,1.046759900980021e-10
f359_q25,0.5547083643584015,6.891035249055705e-15,9.23848553213702e-10,4.688246457718037e-10,4.5502390744189825e-10
f52_mean,0.5541126830479027,7.47387993465942e-15,8.179774226846348e-07,4.369982491425617e-07,3.809791735420731e-07
f172_q75,0.5535666418466121,7.997754768596662e-15,2.53059458732605,2.4779677391052246,0.052626848220825195
f71_mean,0.5531893770166294,8.393880666556753e-15,1.1227593299523164e-09,6.04044814167537e-10,5.187145157847795e-10
f234_q75,0.5525936957061306,9.100605331369305e-15,2.8975824517551985e-10,1.3932506537361888e-10,1.5043317980190096e-10
f341_q50,0.5524547034003475,9.253494944694786e-15,3.2260766147373943e-06,1.4223453490558313e-06,1.803731265681563e-06
f203_q50,0.5522263588979895,9.552389732024026e-15,3.278292297181906e-06,1.3159304899090785e-06,1.9623618072728277e-06
f53_q75,0.5522263588979895,9.552389732024026e-15,4.1637749745859765e-06,1.8361425873081316e-06,2.327632387277845e-06
f339_q25,0.5512137006701415,1.088670416860022e-14,5.444144335342571e-07,3.1079676432455017e-07,2.3361766920970695e-07
f340_q50,0.5511640605609333,1.0906649889457379e-14,8.081413511717983e-07,3.845055971396505e-07,4.236357540321478e-07
f52_q25,0.5510747083643585,1.1073037310517898e-14,4.936560458190797e-07,3.6500512123893714e-07,1.286509245801426e-07
f190_q75,0.5505286671630678,1.1845148478417662e-14,1.0294780731201172,1.0265740156173706,0.002904057502746582
f358_mean,0.5505187391412261,1.184793664307515e-14,3.078769461595243e-10,1.39404848775726e-10,1.6847209738379831e-10
f198_q25,0.5503400347480765,1.2187090226921587e-14,4.978633114660624e-07,3.0380863336176844e-07,1.94054678104294e-07
f70_mean,0.5499230578307273,1.2825472757415865e-14,2.859216197137471e-10,1.651628417365103e-10,1.2075877797723678e-10
f340_mean,0.549138744105237,1.415273986568997e-14,8.732587843951478e-07,3.8493493548230617e-07,4.883238489128416e-07
f341_mean,0.5489997517994539,1.4402453078991025e-14,3.479251063254196e-06,1.422311584065028e-06,2.056939479189168e-06
f199_q50,0.5489103996028791,1.4605858397962733e-14,6.324760306597454e-07,3.0859604294164455e-07,3.238799877181009e-07
f341_q25,0.5474807644576818,1.7494665043954348e-14,2.678959162949468e-06,1.2996906662010588e-06,1.3792684967484092e-06
f53_mean,0.5472524199553239,1.8034194034020383e-14,3.1626941563445143e-06,1.6177586985577364e-06,1.544935457786778e-06
f52_q75,0.5462397617274758,2.052000529406049e-14,1.0374616294939187e-06,4.978884362571989e-07,5.395731932367198e-07
f201_q50,0.5461007694216927,2.086813640097106e-14,7.989170285327418e-07,3.5809918585982814e-07,4.408178426729137e-07
f326_q75,0.5458327128319682,2.162213559168758e-14,2.5257272720336914,2.476320505142212,0.04940676689147949
f201_q75,0.5454554480019856,2.2647911867151034e-14,1.1378552926544216e-06,4.153374106863339e-07,7.225178819680877e-07
f245_q50,0.5450483991064781,2.3940036457742144e-14,4.919158969052262e-10,1.8467154194734547e-10,3.072443549578807e-10
f38_q25,0.544681062298337,2.5054676690187793e-14,2.5167510509490967,2.4710636138916016,0.04568743705749512
f203_mean,0.5441250930752047,2.6936264402781357e-14,3.580089469323866e-06,1.344933934888104e-06,2.235155534435762e-06
f53_q50,0.5437081161578555,2.8297838526929592e-14,2.8047788873664103e-06,1.5739354921606719e-06,1.2308433952057385e-06
f199_q75,0.5432017870439315,3.0169035939701456e-14,8.193798066713498e-07,3.513286515044456e-07,4.680511551669042e-07
f190_mean,0.5427947381484239,3.1782308998184786e-14,1.028806447982788,1.02637779712677,0.0024286508560180664
f237_mean,0.5423281211218665,3.3726800375229945e-14,3.32094879373912e-10,1.3173639956676197e-10,2.0035847980715005e-10
f69_q50,0.5421891288160834,3.428239101170238e-14,2.060173559526035e-10,1.3108066021505493e-10,7.493669573754858e-11
f358_q50,0.5420501365103003,3.4860840191917025e-14,2.804525500721411e-10,1.39282668731866e-10,1.4116988134027508e-10
f199_mean,0.5418217920079424,3.594867480863445e-14,6.764017825844348e-07,3.110854436272348e-07,3.6531633895720006e-07
f357_q50,0.5415934475055845,3.708074614864408e-14,2.2639723429307423e-10,1.14921926142042e-10,1.1147530815103224e-10
f71_q75,0.5414544551998014,3.769723496152424e-14,1.5048845503073949e-09,6.813363206958911e-10,8.235482296115038e-10
f51_mean,0.5408091337800943,4.083118386541035e-14,6.661099973825912e-07,3.8331310747707903e-07,2.827968899055122e-07
f357_mean,0.5405807892777365,4.211374730559008e-14,2.3086273170935812e-10,1.1473152289331878e-10,1.1613120881603933e-10
f51_q25,0.5400744601638123,4.4875406970628374e-14,4.804492164112162e-07,3.305298719169514e-07,1.499193444942648e-07
f234_q25,0.5394291387441053,4.860453023582872e-14,1.6846506134537975e-10,1.0335618472190333e-10,6.510887662347642e-11
f373_q50,0.5389724497393894,5.14889635679772e-14,0.12499028444290161,0.07703915238380432,0.04795113205909729
f51_q50,0.5389228096301811,5.178215944122169e-14,6.252363959902141e-07,3.796868952576915e-07,2.455495007325226e-07
f358_q25,0.538644825018615,5.348588578754076e-14,2.2789850562254799e-10,1.2750404898564938e-10,1.0039445663689861e-10
f237_q50,0.53777115909655,5.971328112172572e-14,2.927846298739212e-10,1.2234344093364768e-10,1.704411889402735e-10
f51_q75,0.53777115909655,5.971328112172572e-14,8.124936243802949e-07,4.307143512960465e-07,3.817792730842484e-07
f47_q25,0.5370861255894763,6.508580610887053e-14,1.0284830331802368,1.0262924432754517,0.0021905899047851562
f203_q75,0.536391164060561,7.098535585400306e-14,4.525497388385702e-06,1.5264791954905377e-06,2.9990181928951642e-06
f239_q50,0.5353785058327128,8.048562961179001e-14,1.1766173590999074e-09,4.467159697707501e-10,7.299013893291573e-10
f235_q25,0.5350608091337801,8.369521950838871e-14,1.744380889734387e-10,8.578673188486263e-11,8.865135708857608e-11
f335_q75,0.5341871432117151,9.315913250562313e-14,1.0291481018066406,1.026534914970398,0.0026131868362426758
f70_q75,0.5339488706875155,9.577537788300603e-14,3.718917951367473e-10,1.860976650558399e-10,1.857941300809074e-10
f376_std,0.5332241250930752,1.046993000897354e-13,0.009387445636093616,0.0032004809472709894,0.006186964688822627
f69_q75,0.5329858525688757,1.0826586619231966e-13,2.7565610905000426e-10,1.5402475128656334e-10,1.2163135776344092e-10
f245_q75,0.5317448498386697,1.2617465579990991e-13,7.367778054323537e-10,2.3116908387521562e-10,5.056087215571381e-10
f264_q25,0.5313775130305287,1.3191276702420407e-13,0.16251681745052338,0.09242904186248779,0.07008777558803558
f373_mean,0.5310101762223877,1.3786283601670083e-13,0.1254747062921524,0.07709897309541702,0.04837573319673538
f357_q25,0.5305931993050385,1.4531018777332472e-13,1.840184116197463e-10,1.058905255146847e-10,7.81278861050616e-11
f69_mean,0.5295309009679822,1.6484160425994895e-13,2.2648975750438893e-10,1.3641404672526392e-10,9.007571077912502e-11
f199_q25,0.5284288905435592,1.8912934538872484e-13,4.936092068419384e-07,2.678078772078152e-07,2.2580132963412325e-07
f52_std,0.5283395383469843,1.9121160034838346e-13,4.3946747041445633e-07,9.971013525955641e-08,3.397573351548999e-07
f357_q75,0.5279225614296351,2.0114277401422437e-13,2.77656064806564e-10,1.2334895604926288e-10,1.5430710875730114e-10
f335_q50,0.5276048647307024,2.0870905930398105e-13,1.0286282300949097,1.0264341831207275,0.002194046974182129
f377_std,0.5273765202283445,2.1431579723262807e-13,0.03487633168697357,0.01003685686737299,0.024839474819600582
f239_mean,0.527277240009928,2.1732030888943032e-13,1.3432192025319978e-09,4.850691515123629e-10,8.581500510196349e-10
f245_mean,0.5270488955075702,2.2378876314702845e-13,5.830989024957489e-10,2.0170476400238613e-10,3.813941384933628e-10
f203_q25,0.5261752295855051,2.487885602402507e-13,2.426503442620742e-06,1.1257980077061802e-06,1.300705434914562e-06
f267_std,0.5258575328865723,2.5763862327987167e-13,0.020253904163837433,0.008459027856588364,0.01179487630724907
f436_std,0.5254405559692231,2.715449375781333e-13,2.263844152139427e-07,5.727195073745861e-08,1.691124644764841e-07
f237_q75,0.5248349466368826,2.9132136193889275e-13,4.1872377787299797e-10,1.5079724968725117e-10,2.679265281857468e-10
f190_q50,0.5241995532390171,3.1489059443917577e-13,1.02871835231781,1.0263687372207642,0.0023496150970458984
f172_mean,0.523186895011169,3.556901880195679e-13,2.520004987716675,2.473493814468384,0.046511173248291016
f437_std,0.5225415735914619,3.846293444437431e-13,8.298528086925216e-07,2.109451315845945e-07,6.189076771079272e-07
f53_q25,0.5212012906428394,4.5169993317243216e-13,1.951528474819497e-06,1.3526981774703017e-06,5.988302973491955e-07
f335_mean,0.5211615785554728,4.5340545131447323e-13,1.0286681652069092,1.0264368057250977,0.0022313594818115234
f243_q50,0.5208835939439067,4.694754472220401e-13,1.23004287311268e-10,4.97622984485524e-11,7.32419888627156e-11
f209_q75,0.5187192851824274,6.079769192960609e-13,2.5199328774760943e-06,8.375736797461286e-07,1.6823591977299657e-06
f326_q50,0.5175676346487962,6.971796402244157e-13,2.5189950466156006,2.474231719970703,0.04476332664489746
f243_q75,0.5173392901464383,7.155452652845688e-13,1.7590634504571767e-10,6.180028711000318e-11,1.1410605793571449e-10
f326_mean,0.5165549764209482,7.858645240828408e-13,2.5181946754455566,2.4742324352264404,0.04396224021911621
f267_mean,0.5152643335815339,9.14182645785525e-13,0.12911485135555267,0.0762895718216896,0.05282527953386307
f235_mean,0.5151749813849591,9.244271901605995e-13,2.497667905831946e-10,1.0546122308774386e-10,1.4430556749545076e-10
f53_std,0.514807644576818,9.646138011093534e-13,1.6477744111398351e-06,3.696959254284593e-07,1.2780784857113758e-06
f265_std,0.5144899478778854,9.981914424623688e-13,0.03680975362658501,0.012898372486233711,0.023911381140351295
f235_q50,0.5142516753536858,1.0297254100564286e-12,2.350640238013568e-10,9.995056865497176e-11,1.3511345514638506e-10
f203_std,0.5142119632663192,1.0323459008543483e-12,1.6010459376047947e-06,3.275106905675784e-07,1.2735352470372163e-06
f239_q75,0.5136063539339787,1.1096047507966444e-12,1.7308373623237117e-09,5.593570606698961e-10,1.1714803016538156e-09
f268_q25,0.513427649540829,1.1333437653287788e-12,0.4259008467197418,0.2648545801639557,0.16104626655578613
f209_mean,0.5115313973690742,1.4120837793962326e-12,1.9741914911719505e-06,7.339743888223893e-07,1.2402171023495612e-06
f172_q50,0.5110349962769918,1.4977577229731195e-12,2.5204272270202637,2.4737205505371094,0.0467066764831543
f84_std,0.5106279473814842,1.5628941031949925e-12,0.03634095937013626,0.01330792810767889,0.02303303126245737
f453_std,0.5098833457433606,1.7136799945246143e-12,5.806869568525386e-11,2.131211873646066e-11,3.6756576948793196e-11
f200_std,0.5096053611317944,1.7722363344981404e-12,4.347751030309155e-07,9.76318332845949e-08,3.371432697463206e-07
f201_std,0.5086423430131546,1.976219105017004e-12,4.298852616102522e-07,8.723390720888347e-08,3.4265135440136874e-07
f373_std,0.5079076693968727,2.149250042372731e-12,0.009868113324046135,0.002616827143356204,0.007251286180689931
f209_q25,0.5052271034996277,2.9273680667578807e-12,1.2537101383713889e-06,5.953273216618982e-07,6.583828167094907e-07
f243_mean,0.5034400595681311,3.5965898005756507e-12,1.4302427298051867e-10,5.3940175243072375e-11,8.90840977374463e-11
f84_q75,0.501692727724001,4.383938106428975e-12,0.1968773454427719,0.11063924431800842,0.08623810112476349
f209_q50,0.5012757508066518,4.605243548264083e-12,1.763919385666668e-06,7.115308449101576e-07,1.0523885407565103e-06
f245_q25,0.5000248200546041,5.295903082156868e-12,3.444506069261166e-10,1.5341311554450954e-10,1.9103749138160708e-10
f69_q25,0.4995681310498883,5.588317570827953e-12,1.536669819168779e-10,1.1344787609335327e-10,4.0219105823524615e-11
f375_std,0.49930007446016383,5.7466278053154065e-12,0.015250440686941147,0.0034120664931833744,0.011838374193757772
f235_q75,0.49920079424174735,5.829370700138591e-12,3.0222624403108966e-10,1.2059238330142108e-10,1.8163386072966858e-10
f241_q50,0.49878381732439814,6.095938160936184e-12,8.305119786333748e-11,4.413352669430104e-11,3.891767116903644e-11
f237_std,0.4987441052370315,6.13360296253834e-12,1.8101602161646468e-10,4.4100362250887315e-11,1.3691565936557737e-10
f199_std,0.4986547530404567,6.184223428756917e-12,2.556468814418622e-07,6.25449416702395e-08,1.931019397716227e-07
f314_std,0.497602382725242,6.937570177961113e-12,23.2850399017334,5.557586193084717,17.72745370864868
f202_std,0.4970861255894763,7.396919089868873e-12,1.6300555216730572e-06,3.6944058479093655e-07,1.2606149368821207e-06
f455_std,0.49561677835691237,8.70032127386487e-12,3.779487556254679e-10,1.0935096578235104e-10,2.685977898431169e-10
f267_q50,0.4937701662943659,1.0721455061097802e-11,0.12751588225364685,0.07591190189123154,0.051603980362415314
f359_std,0.4932241250930752,1.1356362024483113e-11,4.314743284883349e-10,6.575093247640496e-11,3.6572339601192994e-10
f85_mean,0.4902258624968975,1.588001616557845e-11,0.12091459333896637,0.07677813619375229,0.04413645714521408
f173_q75,0.4897691734921817,1.6677750711051813e-11,2.524038076400757,2.4782168865203857,0.045821189880371094
f326_q25,0.4885281707619757,1.9095732594221477e-11,2.512071132659912,2.4721906185150146,0.03988051414489746
f239_std,0.4877438570364855,2.0837229821708282e-11,7.110075861405107e-10,1.714188235801828e-10,5.39588762560328e-10
f190_q25,0.4873268801191363,2.184083850976289e-11,1.0281620025634766,1.026176929473877,0.0019850730895996094
f483_std,0.4873268801191363,2.184083850976289e-11,0.0018619298934936523,0.0002751793363131583,0.001586750557180494
f236_std,0.4868205510052122,2.3085083218764334e-11,1.7909106142521836e-10,4.800403824445354e-11,1.3108702318076482e-10
f241_mean,0.4864929262844378,2.3858398536546916e-11,9.73686339889035e-11,4.669339567775488e-11,5.067523831114862e-11
f191_q75,0.4860858773889303,2.4996767090869676e-11,1.0289795398712158,1.026619791984558,0.002359747886657715
f191_mean,0.4852122114668652,2.7478943486642454e-11,1.0284031629562378,1.0264323949813843,0.0019707679748535156
f266_q50,0.48428890543559194,3.0420385559818344e-11,0.12271465361118317,0.07772362232208252,0.04499103128910065
f266_std,0.4836038719285182,3.2671587580442537e-11,0.019629092887043953,0.00855427235364914,0.011074820533394814
f17_std,0.4829089103996029,3.532424952163457e-11,1.0839539754670113e-05,3.5163388929504436e-06,7.32320086171967e-06
f454_std,0.4827699180938198,3.586607114153355e-11,1.0011921847130623e-10,2.921420050316925e-11,7.090501796813697e-11
f372_std,0.4820451724993795,3.8565824328542745e-11,0.020599618554115295,0.004438349511474371,0.016161269042640924
f241_q25,0.4811119384462646,4.288895107728744e-11,6.335731245199483e-11,3.7945407233008766e-11,2.5411905218986064e-11
f344_q75,0.4804269049391909,4.6073538817540407e-11,2.427963408990763e-06,8.552440249331994e-07,1.5727193840575637e-06
f198_std,0.4802879126334078,4.6794388222496935e-11,2.5644283141446067e-07,6.98140496524502e-08,1.8662878176201048e-07
f482_std,0.48023827252419954,4.71248560922558e-11,0.001861930824816227,0.00027517927810549736,0.0015867515467107296
f172_q25,0.4798709357160586,4.901469668112703e-11,2.5114991664886475,2.4693233966827393,0.0421757698059082
f335_q25,0.4791362620997766,5.298455573198769e-11,1.0281982421875,1.0263375043869019,0.0018607378005981445
f264_std,0.4788185654008439,5.4660036182465067e-11,0.036156557500362396,0.01324534136801958,0.022911216132342815
f207_q75,0.4775676346487962,6.271661858098496e-11,5.864864647264767e-07,2.2845937053261878e-07,3.580270941938579e-07
f289_std,0.47748821047406304,6.290752367535079e-11,1.3628861097458866e-06,2.45340856963594e-07,1.1175452527822927e-06
f85_q50,0.47733929014643833,6.426945566782846e-11,0.11924779415130615,0.07635907828807831,0.042888715863227844
f262_std,0.47729957805907175,6.429737580922197e-11,0.08912868052721024,0.03968299552798271,0.049445684999227524
f255_std,0.47720029784065526,6.523651200699586e-11,1.0163445779420854e-10,2.208994792640695e-11,7.95445098678016e-11
f263_std,0.4771605857532887,6.5297489806327e-11,0.09066291153430939,0.04008715599775314,0.050575755536556244
f468_std,0.4770215934475056,6.631058035070928e-11,0.016141880303621292,0.007613880094140768,0.008528000209480524
f241_q75,0.4766542566393646,6.89179782236674e-11,1.1631969693004507e-10,5.271416983476662e-11,6.360552709527845e-11
f86_q25,0.47660461653015634,6.944203093223275e-11,0.4113504886627197,0.26425909996032715,0.14709138870239258
f173_q25,0.47536361379995035,7.914525722195177e-11,2.506211042404175,2.470045566558838,0.036165475845336914
f480_std,0.47517498138495906,8.091415033705178e-11,0.0018637747270986438,0.0002754585584625602,0.0015883161686360836
f481_std,0.47517498138495906,8.091415033705178e-11,0.0018637747270986438,0.0002754585584625602,0.0015883161686360836
f266_mean,0.4748572846860263,8.351224933395819e-11,0.12348282337188721,0.07822050154209137,0.04526232182979584
f243_q25,0.47402333085132786,9.138729184826618e-11,8.339686580205452e-11,4.105501702489356e-11,4.234184877716096e-11
f71_std,0.472692975924547,1.0503894359351469e-10,7.02592317658457e-10,1.8640307353212648e-10,5.161892441263305e-10
f256_std,0.47213700670141473,1.1152943673088872e-10,3.92336663157522e-10,7.843659055595253e-11,3.139000726015695e-10
f357_std,0.47131298088855794,1.2138242960070045e-10,6.462125279327324e-11,1.3195577443225748e-11,5.1425675350047495e-11
f245_std,0.4710846363862001,1.2418579286364706e-10,3.541274773422032e-10,7.378940514168875e-11,2.8033807220051443e-10
f254_std,0.4701116902457185,1.3793624158738694e-10,1.0496213620481143e-10,2.1636525904256132e-11,8.33256103005553e-11
f257_std,0.4697443534375776,1.43334738714083e-10,3.81629672308037e-10,8.044270805029896e-11,3.0118696425773805e-10
f205_q75,0.46928766443286174,1.50064076803407e-10,4.265791346824699e-07,2.1257454818623955e-07,2.1400458649623033e-07
f469_std,0.46827500620501367,1.6678300516627753e-10,0.010423118248581886,0.00465388735756278,0.005769230891019106
f313_std,0.46758997269793995,1.7851064892621843e-10,5.3756103515625,1.3436896800994873,4.031920671463013
f344_mean,0.4665276743608836,1.9976760167215774e-10,1.8696608776735957e-06,7.762652103338041e-07,1.0933956673397915e-06
f16_std,0.46624968974931746,2.0584111861130162e-10,2.8834356271545403e-05,7.673341315239668e-06,2.1161014956305735e-05
f173_mean,0.46624968974931746,2.0584111861130162e-10,2.514017343521118,2.474001884460449,0.040015459060668945
f362_q75,0.46583271283196825,2.1524565427861094e-10,6.861857748674538e-10,2.384865083193688e-10,4.47699266548085e-10
f244_q25,0.46508811119384463,2.3205936190669295e-10,2.8803687213141416e-10,1.749742017942424e-10,1.1306267033717177e-10
f344_q50,0.4645023579051874,2.4630998654969226e-10,1.7229142486030469e-06,7.738447607152921e-07,9.490694878877548e-07
f205_q50,0.46399602879126334,2.595043498029262e-10,3.1480425377594656e-07,1.8702976944950933e-07,1.2777448432643723e-07
f378_std,0.463301067262348,2.794616374501331e-10,0.014278408139944077,0.0039061149582266808,0.010372293181717396
f342_q75,0.46261603375527427,2.9888379602088605e-10,4.220059963699896e-07,2.2309086489258334e-07,1.9891513147740625e-07
f342_q50,0.46219905683792506,3.124780163494127e-10,3.281986948877602e-07,2.072901565952634e-07,1.2090853829249681e-07
f69_std,0.46118639861007693,3.466055717029007e-10,1.0599750938089514e-10,3.621194663572247e-11,6.978556274517267e-11
f373_q25,0.46104740630429386,3.5175401550447564e-10,0.11797912418842316,0.07545161992311478,0.04252750426530838
f51_std,0.46104740630429386,3.5175401550447564e-10,2.640667275954911e-07,7.498196907818055e-08,1.8908475851731055e-07
f173_q50,0.460819061801936,3.596598708034193e-10,2.5147204399108887,2.474283456802368,0.04043698310852051
f207_mean,0.46044179697195337,3.7388437088280813e-10,4.794371761818184e-07,1.9948888052567781e-07,2.7994829565614054e-07
f401_std,0.4601241002730206,3.869103948181507e-10,5.012732344766846e-06,2.02514138436527e-06,2.987590960401576e-06
f368_std,0.4601241002730206,3.869103948181507e-10,2.553011690942242e-10,3.2831241197905925e-11,2.2246992789631825e-10
f243_std,0.45980640357408786,3.987884339162649e-10,8.91857629414794e-11,1.9522362892931966e-11,6.966340004854743e-11
f343_q75,0.4596674112683048,4.0469807463398847e-10,6.040815492269758e-07,2.297063304013136e-07,3.7437521882566216e-07
f252_std,0.45947877885331345,4.131577134859346e-10,8.27876864284427e-11,1.9931173031451088e-11,6.285651339699161e-11
f341_std,0.4585157607346736,4.5519834698844056e-10,1.1298600384179736e-06,1.722998774766893e-07,9.575601609412843e-07
f238_std,0.4580094316207496,4.791834596089549e-10,6.986375367112885e-10,1.823744627538204e-10,5.162630739574681e-10
f342_mean,0.4572747580044676,5.156292007723784e-10,3.4654121350286005e-07,2.0648934651035233e-07,1.400518669925077e-07
f435_std,0.4563514519731943,5.66909132124938e-10,1.3506624441106396e-07,4.333310954507397e-08,9.173313486599e-08
f207_q50,0.4551998014395632,6.368492990785076e-10,4.254153225247137e-07,1.93974940998487e-07,2.314403815262267e-07
f464_std,0.45492181682799704,6.549205523806319e-10,2.2530627363792632e-10,4.8756110260228525e-11,1.765501633776978e-10
f366_std,0.4546934723256391,6.700944790102716e-10,5.7398051589441224e-11,8.736040536805323e-12,4.86620110526359e-11
f191_q50,0.4544651278232812,6.851123543517909e-10,1.0282952785491943,1.0264220237731934,0.0018732547760009766
f344_std,0.4543757756267064,6.901599299857578e-10,7.247525672937627e-07,1.110934348957926e-07,6.136591323979701e-07
f235_std,0.4543261355174981,6.950444924217556e-10,1.0796528948642248e-10,2.945357499561929e-11,7.851171449080319e-11
f205_q25,0.4535914619012162,7.474532273295156e-10,2.421179488010239e-07,1.623656515903349e-07,7.9752297210689e-08
f191_q25,0.4535914619012162,7.474532273295156e-10,1.0278353691101074,1.0262387990951538,0.0015965700149536133
f205_mean,0.45336311739885826,7.638894691772526e-10,3.4927018077723915e-07,1.8964807679822115e-07,1.59622103979018e-07
f179_std,0.45294614048150905,7.977169885615758e-10,0.04034102335572243,0.013506865128874779,0.02683415822684765
f472_std,0.45257880367336806,8.271231534423183e-10,0.009665309451520443,0.006072362419217825,0.003592947032302618
f367_std,0.4520228344502358,8.754814610687671e-10,6.863985074767598e-11,9.047081660218392e-12,5.959276908745759e-11
f84_q50,0.45138744105237033,9.284723849532916e-10,0.17385132610797882,0.1024109348654747,0.07144039124250412
f65_std,0.45137751303052864,9.334940880233397e-10,4.234146615544887e-07,9.514456422721196e-08,3.2827009732727674e-07
f362_q50,0.4511491685281708,9.549661979863552e-10,4.446445156514045e-10,2.1582151343846334e-10,2.2882300221294116e-10
f70_std,0.4510598163315959,9.623299720289256e-10,1.803422550183953e-10,5.0089730974089974e-11,1.3025252404430532e-10
f244_q50,0.4510498883097543,9.627449171501046e-10,4.2630826646572473e-10,2.1012451500990181e-10,2.1618375145582291e-10
f358_std,0.45083147182923805,9.833464316356075e-10,1.0939142647270472e-10,1.7764345550119742e-11,9.162708092258498e-11
f84_mean,0.44986845371059814,1.0797337385345324e-09,0.1769065111875534,0.10318585485219955,0.07372065633535385
f340_std,0.4489451476793249,1.1849271759878266e-09,3.0447878884842794e-07,4.659091246139724e-08,2.578878763870307e-07
f79_std,0.4479722015388434,1.3082053704914003e-09,1.0350870160991121e-10,2.2135272781387272e-11,8.137342882852394e-11
f362_mean,0.4478332092330603,1.326068016027618e-09,5.094122346172014e-10,2.1579003861571522e-10,2.936221960014862e-10
f234_std,0.4477438570364855,1.3375491886825491e-09,1.0453438809010507e-10,3.1688138224517104e-11,7.284624986558796e-11
f339_std,0.4477438570364855,1.3375491886825491e-09,1.8028809734005335e-07,3.502500689478438e-08,1.4526309044526897e-07
f85_std,0.4469198312236287,1.4469349946600032e-09,0.019031189382076263,0.008269636891782284,0.01076155249029398
f48_std,0.44637379002233807,1.5244808408701079e-09,1.9489868918753928e-06,5.00401597491873e-07,1.4485852943835198e-06
f211_mean,0.4458476048647307,1.6097187249926322e-09,2.9923913302809524e-07,2.14088132111101e-07,8.515100091699424e-08
f86_std,0.4457185405807893,1.6321814919839431e-09,0.06927254796028137,0.030859103426337242,0.03841344453394413
f269_std,0.44567882849342266,1.6326929893219825e-09,0.06974721699953079,0.03116590902209282,0.03858130797743797
f258_std,0.44557954827500623,1.6549618762489755e-09,0.08635237067937851,0.03625858575105667,0.05009378492832184
f26_std,0.4450335070737156,1.740129948131222e-09,34.821590423583984,11.902767181396484,22.9188232421875
f176_std,0.4442491933482254,1.88090314004844e-09,0.015242235735058784,0.005949780344963074,0.00929245539009571
f369_std,0.44379250434350953,1.962550584104645e-09,0.04722936823964119,0.012252229265868664,0.034977138973772526
f374_std,0.4434748076445768,2.0251036846749016e-09,0.03602965548634529,0.009595354087650776,0.026434301398694515
f439_std,0.4429089103996029,2.1479708816478647e-09,1.415329649034902e-07,3.404268511530972e-08,1.0749027978818049e-07
f80_std,0.44240258128567883,2.2563187983530896e-09,3.856167052340709e-10,8.098748754958862e-11,3.0462921768448226e-10
f72_q50,0.4416182675601886,2.4334918844389148e-09,7.258788015107598e-11,5.718271689492127e-11,1.5405163256154708e-11
f253_std,0.44102258624968976,2.5792394140552248e-09,7.968057463836331e-11,1.990119700978621e-11,5.97793776285771e-11
f370_std,0.4408935219657483,2.6001539782127807e-09,0.01651015877723694,0.006089637987315655,0.010420520789921284
f207_q25,0.44065524944154877,2.671994235562636e-09,2.950111763766472e-07,1.6266182001345442e-07,1.3234935636319278e-07
f328_std,0.4401588483494664,2.791406689957267e-09,0.00921790674328804,0.002471611835062504,0.006746294908225536
f297_std,0.4393745346239762,3.0109148172130323e-09,6.2652170527144335e-06,1.3075965625830577e-06,4.957620490131376e-06
f371_std,0.43928518242740133,3.0375816320645756e-09,0.04377178102731705,0.012831492349505424,0.030940288677811623
f291_std,0.4386398610076942,3.231376210897985e-09,6.2035592236497905e-06,1.3006599601794733e-06,4.902899263470317e-06
f462_std,0.43862993298585257,3.248137371649719e-09,4.526777216962152e-11,1.2200765571457328e-11,3.3067006598164195e-11
f471_std,0.43789525936957063,3.48298548878219e-09,0.012066477909684181,0.006567008327692747,0.005499469581991434
f282_std,0.43784561926036236,3.5028463718097416e-09,0.02347995713353157,0.007131250109523535,0.016348707024008036
f363_q75,0.4376073467361628,3.5799171049357632e-09,1.5735339420341887e-10,9.702430525670991e-11,6.032908894670896e-11
f360_q50,0.4372995780590717,3.6818488027050643e-09,8.163227038782139e-11,5.201722386161123e-11,2.9615046526210165e-11
f207_std,0.43711094564408043,3.757720062509811e-09,2.583513492027123e-07,5.435122574226625e-08,2.0400012346044605e-07
f215_std,0.4364656242243733,3.997637162553839e-09,8.946092293626862e-07,1.7702585353163158e-07,7.175833758310546e-07
f360_q75,0.4363663440059568,4.029740390954065e-09,1.1228429297460707e-10,5.6203399573240276e-11,5.6080893401366794e-11
f360_mean,0.43628691983122364,4.05642646376065e-09,8.96482124645992e-11,5.176287870556351e-11,3.788533375903569e-11
f292_std,0.43614792752544057,4.112914543175656e-09,4.478102709981613e-06,9.366332278659684e-07,3.5414694821156445e-06
f473_std,0.4356415984115165,4.316543949771321e-09,0.033245693892240524,0.018500957638025284,0.01474473625421524
f211_q75,0.43521469347232566,4.498606959851886e-09,3.7016513942944584e-07,2.401172878307989e-07,1.3004785159864696e-07
f400_std,0.4351849094068007,4.49940456237833e-09,1.543075813970063e-05,4.806012839253526e-06,1.0624745300447103e-05
f298_std,0.43513526929759244,4.529949622264135e-09,4.545795036392519e-06,9.458239560444781e-07,3.599971080348041e-06
f242_q25,0.43498634896996774,4.596158082992097e-09,7.084019482128667e-11,4.687361609967411e-11,2.3966578721612564e-11
f204_q50,0.4348572846860263,4.656176964877945e-09,2.9998577133483195e-07,2.183793412768864e-07,8.160643005794554e-08
f19_std,0.43467858029287665,4.721574168090307e-09,4.6704768465133384e-05,1.3542486158257816e-05,3.316228230687557e-05
f244_q75,0.4343410275502606,4.887542646531787e-09,6.814828701351416e-10,2.6195548508134436e-10,4.195273850537973e-10
f232_std,0.4339836187639613,5.056868954834794e-09,1.904475022129759e-09,6.801824659063982e-10,1.2242925562233609e-09
f477_std,0.4336559940431869,5.222273452275243e-09,0.010697989724576473,0.004605830647051334,0.006092159077525139
f259_std,0.43297096053611317,5.566398902891843e-09,0.08371426165103912,0.035171028226614,0.048543233424425125
f93_std,0.4320476545048399,6.0811529864542515e-09,0.021908577531576157,0.007371822372078896,0.014536755159497261
f244_mean,0.4319483742864234,6.130006354123121e-09,5.34316535460988e-10,2.2915486175278943e-10,3.051616737081986e-10
f49_std,0.4319185902208985,6.130149313720125e-09,2.6247712412441615e-06,7.181960199886817e-07,1.9065752212554798e-06
f361_q50,0.4319086621990568,6.162257746936643e-09,1.092077539510683e-10,5.7606013709188275e-11,5.160174024188002e-11
f72_q75,0.43172002978406554,6.26511835447551e-09,1.0740544564846743e-10,6.75723921261806e-11,3.983305352228683e-11
f190_std,0.4315512534127575,6.346516955081672e-09,0.001025838777422905,0.0003262236714363098,0.0006996151059865952
f261_std,0.43131298088855796,6.513121564564361e-09,0.03750398010015488,0.01886838860809803,0.018635591492056847
f40_std,0.4312236286919831,6.558091649986939e-09,0.01499177049845457,0.005797728430479765,0.009194042067974806
f208_q25,0.43079672375279227,6.83344347629483e-09,1.0613650829327526e-06,6.74138050271722e-07,3.8722703266103053e-07
f470_std,0.4306676594688508,6.9237652442477654e-09,0.03582094982266426,0.017396913841366768,0.018424035981297493
f131_std,0.4303499627699181,7.116200831965626e-09,1.0497237781237345e-05,3.262128984715673e-06,7.235108796521672e-06
f386_std,0.43030032266070983,7.164279221751938e-09,4.1493753997201566e-06,1.2781537179762381e-06,2.8712216817439185e-06
f211_q50,0.4302903946388682,7.166644061223792e-09,2.4987781443996937e-07,2.1165490693419997e-07,3.82229075057694e-08
f78_std,0.4302506825515016,7.202961864412321e-09,8.153948349853835e-11,2.094934122010006e-11,6.059014227843829e-11
f204_mean,0.4297939935467858,7.513123933300495e-09,3.363829534919205e-07,2.2164667257129622e-07,1.1473628092062427e-07
f221_std,0.4295160089352197,7.716537898040377e-09,7.505124699491716e-07,1.4910303036685946e-07,6.014094395823122e-07
f336_std,0.4291586001489203,7.948285286443083e-09,1.227625944011379e-06,2.2323709458760277e-07,1.0043888494237763e-06
f362_q25,0.428265078183172,8.664238064395098e-09,3.423820116310594e-10,1.919984449205714e-10,1.5038356671048803e-10
f208_q75,0.42798709357160586,8.895084873859533e-09,2.3278505523194326e-06,9.356607506560977e-07,1.392189801663335e-06
f332_std,0.4279573095060809,8.899623276175328e-09,0.027705062180757523,0.007975724525749683,0.01972933765500784
f208_std,0.4277686770910896,9.08076651822335e-09,1.0145294027097407e-06,2.153056044562618e-07,7.992237982534789e-07
f227_std,0.42762968478530655,9.202663049105062e-09,3.948289872823807e-07,8.996310896236537e-08,3.0486587832001533e-07
f343_q50,0.4275403325887317,9.267295481206558e-09,4.1828207031358033e-07,2.081469148151882e-07,2.1013515549839212e-07
f361_q75,0.42735170017374036,9.447511955270153e-09,1.7373093241790372e-10,6.376368183458325e-11,1.0996725058332046e-10
f305_std,0.42735170017374036,9.447511955270153e-09,7.149489647417795e-06,1.5852148180783843e-06,5.564274829339411e-06
f41_std,0.4271729957805907,9.584945714815637e-09,0.04044075682759285,0.015010871924459934,0.025429884903132915
f463_std,0.4269843633655994,9.775371206216349e-09,6.013021330852908e-11,1.3384725619514093e-11,4.6745487689014986e-11
f47_std,0.42643832216430877,1.025260953220313e-08,0.0009813980432227254,0.0003302198019810021,0.0006511782412417233
f348_std,0.4263390419458923,1.038097592842914e-08,1.3886206318147742e-07,2.1904323688204386e-08,1.1695773949327304e-07
f3_std,0.4262596177711591,1.0419474226973881e-08,9.120920367422514e-06,2.681842715901439e-06,6.439077651521075e-06
f9_std,0.4262596177711591,1.0419474226973881e-08,9.187531759380363e-06,2.6767520466819406e-06,6.510779712698422e-06
f329_std,0.42624968974931743,1.0460316365893436e-08,0.027316883206367493,0.006633199285715818,0.020683683920651674
f72_std,0.42611069744353436,1.0600049785626617e-08,5.09540222515259e-11,1.685218804781119e-11,3.410183420371471e-11
f209_std,0.4258823529411765,1.0818452006675415e-08,9.930352007359033e-07,2.0314625714945578e-07,7.898889435864476e-07
f56_std,0.42560436832961035,1.1110021136348224e-08,1.047203909365635e-06,2.1352688861497882e-07,8.336770207506561e-07
f468_q75,0.42550508811119386,1.1201177506623585e-08,0.04739472270011902,0.033306095749139786,0.014088626950979233
f452_std,0.4253760238272524,1.1338654180163733e-08,1.2014872430299306e-09,4.312086521185421e-10,7.702785909113885e-10
f293_std,0.42523703152146936,1.1490753454605962e-08,1.5253872334142216e-05,3.719572987392894e-06,1.1534299346749322e-05
f410_std,0.42486969471332836,1.1883080610713783e-08,16.97579574584961,7.506319999694824,9.469475746154785
f13_std,0.4247307024075453,1.2042233858475943e-08,2.4947625206550583e-05,7.884456863394007e-06,1.7063168343156576e-05
f211_std,0.4243137254901961,1.2523716985751247e-08,1.6622631449081382e-07,4.2091073737537954e-08,1.2413524075327587e-07
f162_std,0.4237180441796972,1.3223233773964132e-08,0.09985581785440445,0.0288584902882576,0.07099732756614685
f130_std,0.42321171506577315,1.38551038767896e-08,1.0280349670210853e-05,3.7399850043584593e-06,6.540364665852394e-06
f433_std,0.42294365847604865,1.4152915953991892e-08,1.467076685912616e-06,4.236575250615715e-07,1.0434191608510446e-06
f393_std,0.42294365847604865,1.4152915953991892e-08,4.6096029109321535e-06,1.6046851669671014e-06,3.004917743965052e-06
f387_std,0.42294365847604865,1.4152915953991892e-08,4.550241101242136e-06,1.6055863625297206e-06,2.9446547387124156e-06
f335_std,0.422933730454207,1.422222527408647e-08,0.0006851626094430685,0.00015291354793589562,0.0005322490615071729
f275_std,0.422933730454207,1.422222527408647e-08,0.065311498939991,0.03370402380824089,0.03160747513175011
f343_mean,0.42284437825763216,1.4325541718140127e-08,4.6436667844318436e-07,2.0900294828152255e-07,2.553637301616618e-07
f14_std,0.4226557458426409,1.4590470025903524e-08,0.00010050896526081488,3.193053635186516e-05,6.857842890894972e-05
f363_q50,0.4224174733184413,1.4900664872868772e-08,1.1559640050728959e-10,8.968914499973835e-11,2.590725550755124e-11
f89_std,0.4223380491437081,1.500840804485448e-08,0.06108251214027405,0.03531317785382271,0.02576933428645134
f178_std,0.4223380491437081,1.500840804485448e-08,0.04143837094306946,0.01577882468700409,0.02565954625606537
f230_std,0.4214643832216431,1.6253611627274027e-08,5.298466110303934e-10,1.6692620896652244e-10,3.62920402063871e-10
f315_std,0.42137503102506824,1.636200297677303e-08,7.20916841601138e-06,1.4054359098736313e-06,5.803732506137749e-06
f283_std,0.42127575080665175,1.656198481347538e-08,0.0216134674847126,0.006620698608458042,0.014992768876254559
f1_std,0.42118639861007695,1.6688246875464795e-08,2.494481805115356e-06,6.99053430253116e-07,1.7954283748622402e-06
f304_std,0.4206899975179945,1.7411190734660693e-08,1.6642818081891164e-05,3.7151262404222507e-06,1.2927691841468913e-05
f360_q25,0.4205807892777364,1.76295728912912e-08,6.711608352416576e-11,4.721315352562705e-11,1.990292999853871e-11
f240_mean,0.42045172499379496,1.7832550193510302e-08,9.102368858648902e-11,5.693087667957286e-11,3.4092811906916154e-11
f303_std,0.4202730206006453,1.8081463322877505e-08,2.289922304044012e-05,4.867526058660587e-06,1.8031696981779533e-05
f224_std,0.4201241002730206,1.83999412981861e-08,1.1947123823574657e-07,2.464498294330042e-08,9.482625529244615e-08
f240_q25,0.4200248200546041,1.8549784954271254e-08,5.81087331030794e-11,4.7399258129576793e-11,1.0709474973502608e-11
f83_std,0.41999503598907917,1.8555840661724247e-08,0.08569779247045517,0.03911998122930527,0.0465778112411499
f204_std,0.41998510796723754,1.8630969724539228e-08,1.555975188693992e-07,4.263015895844546e-08,1.1296735991095375e-07
f365_std,0.41961777115909654,1.9269922917953118e-08,3.095097234062649e-10,4.626741351154706e-11,2.6324230989471786e-10
f164_q75,0.4193894266567386,1.9676036652579053e-08,0.35196104645729065,0.29445189237594604,0.057509154081344604
f242_q50,0.4193894266567386,1.9676036652579053e-08,1.04961372926482e-10,5.629786220540112e-11,4.866351072108088e-11
f343_std,0.4193000744601638,1.9818622345329442e-08,1.8767431697597203e-07,2.9395293310585657e-08,1.5827902366538638e-07
f338_std,0.41916108215438075,2.0079487078609237e-08,5.4156607802724466e-06,1.2104848110539024e-06,4.205175969218544e-06
f208_mean,0.4190717299578059,2.021498536350393e-08,1.7825067288868013e-06,8.168476028913574e-07,9.65659125995444e-07
f226_std,0.4188830975428146,2.060447764569241e-08,4.131225921355508e-07,9.045562165965748e-08,3.226669704758933e-07
f318_std,0.418843385455448,2.0618689102304975e-08,3.56714372173883e-06,6.82424513342994e-07,2.884719208395836e-06
f385_std,0.4186547530404567,2.1026477335539892e-08,1.4642961332356208e-06,3.9497288639722683e-07,1.069323246838394e-06
f152_q25,0.41864482501861505,2.103252961244426e-08,2.452786429785192e-05,1.8596860172692686e-05,5.931004125159234e-06
f240_std,0.41860511293124847,2.1131062396116224e-08,5.0318436917162757e-11,1.491454702795547e-11,3.5403889889207285e-11
f342_q25,0.4181484239265326,2.2016680324751924e-08,2.657551760876231e-07,1.9033709008908772e-07,7.541808599853539e-08
f455_q75,0.4176321667907669,2.3058558447622998e-08,7.610974073202215e-10,3.615075183649452e-10,3.9958988895527625e-10
f432_std,0.4173740382228841,2.3539354340941885e-08,1.0129427892024978e-06,2.9244733923405875e-07,7.204954499684391e-07
f378_q75,0.417264829982626,2.383712180258149e-08,0.11257249116897583,0.08420984447002411,0.02836264669895172
f228_std,0.4170464135021097,2.429672631635197e-08,3.8003955538101764e-10,1.134987104300933e-10,2.6654084495092434e-10
f204_q25,0.41703648548026806,2.433831596303731e-08,2.31801877248472e-07,1.9189086231108377e-07,3.9911014937388245e-08
f204_q75,0.4169967733929015,2.444743096375012e-08,3.971017861204018e-07,2.4805092380120186e-07,1.4905086231919995e-07
f231_std,0.4169471332836932,2.455509521739398e-08,5.193074859022317e-10,1.614339634192774e-10,3.5787352248295434e-10
f148_std,0.41686770910896004,2.4643898804681726e-08,34.29718017578125,12.285496711730957,22.011683464050293
f208_q50,0.4168478530652767,2.4761935906504288e-08,1.5668477999497554e-06,7.966382895574498e-07,7.702095103923057e-07
f242_q75,0.41661950856291885,2.5273106906632834e-08,1.6460194318668186e-10,6.966057591872854e-11,9.494136726795332e-11
f300_std,0.4165897244973939,2.5277324386963775e-08,2.1996138457325287e-05,4.944500687997788e-06,1.70516377693275e-05
f465_std,0.41657979647555227,2.5389942593978528e-08,0.03676179423928261,0.021030865609645844,0.015730928629636765
f308_std,0.41650037230081904,2.547916903190001e-08,0.00010444808867760003,2.6190473363385536e-05,7.825761531421449e-05
f449_std,0.4164904442789774,2.5593147864270167e-08,2.229512716667159e-07,5.98937148765799e-08,1.63057556790136e-07
f438_std,0.4161231074708364,2.644890132529938e-08,8.64396341171414e-08,2.539064958284598e-08,6.104898453429541e-08
f241_std,0.41599404318689504,2.6671645767402253e-08,5.0414721008973373e-11,1.3181820218699514e-11,3.723290079027386e-11
f247_q50,0.4159741871432117,2.6793644358586002e-08,1.0279366247090138e-10,8.489832448166368e-11,1.7895337989237703e-11
f15_std,0.41594440307768676,2.6803699279988127e-08,3.497991565382108e-05,9.570976544637233e-06,2.5408939109183848e-05
f260_std,0.4157557706626955,2.7329649648253705e-08,0.036186087876558304,0.01889999583363533,0.017286092042922974
f306_std,0.41557706626954577,2.7697901999147325e-08,4.458691182662733e-05,9.67007417784771e-06,3.491683764877962e-05
f337_std,0.4153487217671879,2.8267230442544458e-08,1.535844489808369e-06,3.050710404295387e-07,1.2307734493788303e-06
f273_std,0.41511044924298834,2.8977741662582993e-08,0.01758989505469799,0.01050656195729971,0.007083333097398281
f95_std,0.4150608091337801,2.911844102679591e-08,0.05754811316728592,0.022090798243880272,0.03545731492340565
f274_std,0.4148324646314222,2.9725290689257543e-08,0.060477014631032944,0.03579692542552948,0.024680089205503464
f383_std,0.4148324646314222,2.9725290689257543e-08,0.03615804389119148,0.008374730125069618,0.027783313766121864
f54_mean,0.41474311243484735,2.99400147945043e-08,3.711037379616755e-07,2.3233019419421908e-07,1.3877354376745643e-07
f34_q75,0.4146041201290643,3.032845636589352e-08,0.35678261518478394,0.29368090629577637,0.06310170888900757
f6_std,0.41447505584512284,3.0582499751886834e-08,1.973322394377419e-09,5.177061557226637e-10,1.4556162386547555e-09
f296_std,0.41432613551749814,3.1109537638284364e-08,5.5519273622905985e-09,1.1349451378706021e-09,4.416982224419996e-09
f60_std,0.41432613551749814,3.1109537638284364e-08,1.8167683890624176e-07,4.292569499853016e-08,1.387511439077116e-07
f363_mean,0.4143162074956565,3.1110425821746564e-08,1.289709727902988e-10,8.953694730085004e-11,3.943402548944874e-11
f206_std,0.4140977910151402,3.174005317218249e-08,2.6096819283338846e-07,5.7553009469302197e-08,2.0341518336408626e-07
f299_std,0.4140977910151402,3.174005317218249e-08,1.56179339683149e-05,3.7626684843417024e-06,1.1855265483973199e-05
f365_q75,0.4139488706875155,3.2150975402199516e-08,8.326492273447172e-10,3.5393490915858195e-10,4.787143181861353e-10
f66_std,0.41386944651278235,3.236986362799463e-08,4.137581943730595e-10,1.2154559303478862e-10,2.9221260133827087e-10
f72_mean,0.4136311739885828,3.308429393088617e-08,8.806715773301832e-11,5.991472595834324e-11,2.815243177467508e-11
f97_std,0.41340282948622487,3.378606021208111e-08,1.1394769217076828e-06,4.123582186821295e-07,7.271187030255533e-07
f84_q25,0.4132638371804418,3.420034164358792e-08,0.15272442996501923,0.09468603879213333,0.058038391172885895
f444_std,0.41317448498386694,3.449502596799061e-08,9.343654028270976e-08,2.4612011984004312e-08,6.882452829870545e-08
f2_std,0.41308513278729214,3.475658804342695e-08,6.870187007734785e-06,2.2218409867491573e-06,4.6483460209856275e-06
f64_std,0.41303549267808387,3.492307746805097e-08,1.2241260094469908e-07,2.556391898167476e-08,9.684868196302432e-08
f380_std,0.4129957805907173,3.4988834770921706e-08,0.025456363335251808,0.010715554468333721,0.014740808866918087
f290_std,0.4129560685033507,3.50461900620727e-08,3.2324378480552696e-06,7.001930271144374e-07,2.532244820940832e-06
f68_std,0.4128567882849342,3.5444508311212755e-08,2.11069028921429e-09,7.096391252403578e-10,1.401051163973932e-09
f5_std,0.4127674360883594,3.567555992742692e-08,2.3798167603672482e-05,8.173601599992253e-06,1.562456600368023e-05
f447_std,0.4123901712583768,3.6989734568850715e-08,5.66307392091403e-08,1.765900314865121e-08,3.897173606048909e-08
f361_mean,0.41230081906180194,3.72974823060903e-08,1.2702501550609924e-10,5.768602262534728e-11,6.933899288075196e-11
f356_std,0.4118838421444527,3.869996893339703e-08,1.0642819958661676e-09,2.41600711659018e-10,8.226812842071496e-10
f307_std,0.41157607346736164,3.965112045814362e-08,2.8584870960912667e-05,6.564116119989194e-06,2.2020754840923473e-05
f271_std,0.4113378009431621,4.059275419531541e-08,0.02449454925954342,0.010482543148100376,0.014012006111443043
f74_q50,0.4112881608339538,4.0822771231170615e-08,3.6748296072808273e-10,2.3286297889946184e-10,1.346199818286209e-10
f233_std,0.41101017622238767,4.184116880227672e-08,1.8198569318172986e-09,6.438407584852257e-10,1.1760161733320729e-09
f363_q25,0.4109108960039712,4.217802220943154e-08,9.208786511116784e-11,8.234837117759852e-11,9.739493933569321e-12
f242_mean,0.41059319930503846,4.339122945074458e-08,1.3261912401585363e-10,6.108041850083623e-11,7.15387055150174e-11
f403_std,0.4105137751303053,4.358355900071656e-08,2.4053262677625753e-05,8.438983968517277e-06,1.5614278709108476e-05
f55_std,0.4104144949118888,4.411560671032363e-08,2.6988882950718107e-07,5.703902772324909e-08,2.1284980178393198e-07
f360_std,0.4103747828245222,4.4139797129552546e-08,3.1378562942441235e-11,6.411815089285566e-12,2.496674785315567e-11
f240_q50,0.41032514271531395,4.441947376014758e-08,7.462527124024732e-11,5.4131657489797647e-11,2.049361375044967e-11
f216_std,0.41027550260610574,4.466962644713821e-08,1.751575666730787e-07,4.049494961577693e-08,1.3466261705730176e-07
f451_std,0.4101861504095309,4.499122587395102e-08,3.500331413608393e-10,1.0668130268065568e-10,2.433518386801836e-10
f361_std,0.41013651030032267,4.52244252952286e-08,5.6434783929359966e-11,8.913440298352615e-12,4.752134363100735e-11
f440_std,0.4099975179945396,4.578043838342824e-08,5.556485120905563e-07,1.2624731482446805e-07,4.294011972660883e-07
f74_std,0.40976917349218167,4.67223701388963e-08,3.6380135015612325e-10,8.844549398423496e-11,2.753558561718883e-10
f342_std,0.4097294614048151,4.676206817309682e-08,1.1271808375568071e-07,2.2860756843101626e-08,8.985732691257908e-08
f301_std,0.40941176470588236,4.805173300032052e-08,1.4765372725378256e-05,3.6409196582098957e-06,1.112445306716836e-05
f29_std,0.40898485976669147,5.007757488254068e-08,3.01137006317731e-05,1.1209686817892361e-05,1.8904013813880738e-05
f20_std,0.4088458674609084,5.0686725344629063e-08,0.00017077384109143168,5.329043779056519e-05,0.00011748340330086648
f73_std,0.4083891784561926,5.278482821640805e-08,9.148743568276885e-11,2.3475688407104123e-11,6.801174727566472e-11
f347_q25,0.40837925043435097,5.279001578291212e-08,8.785204954619985e-07,6.639027105848072e-07,2.146177848771913e-07
f363_std,0.40825018615040953,5.344329698869481e-08,5.21831362843006e-11,1.0637827424497814e-11,4.154530885980279e-11
f455_mean,0.40815090593199305,5.385654762872459e-08,5.978495476455237e-10,3.1690380875026847e-10,2.809457388952552e-10
f399_std,0.4080714817572599,5.4176646626083724e-08,1.8682831068872474e-05,5.8042210184794385e-06,1.2878610050393036e-05
f247_mean,0.4078729213204269,5.52026965858904e-08,1.2779434455101324e-10,8.807431867152715e-11,3.972002587948609e-11
f390_std,0.4077537850583271,5.563229340229794e-08,1.0059973964970936e-09,2.98105318208286e-10,7.078920782888076e-10
f247_q75,0.407644576818069,5.631650906374604e-08,1.5137842368506682e-10,9.877875600805552e-11,5.25996676770113e-11
f450_std,0.4075651526433358,5.665103823097278e-08,2.2294151247326255e-10,7.267025176060926e-11,1.502712607126533e-10
f72_q25,0.4075552246214942,5.677620321931757e-08,5.4543841665477544e-11,4.938151276778768e-11,5.162328897689861e-12
f50_std,0.40747580044676096,5.702842860894283e-08,9.171352758130524e-06,2.8817742077080766e-06,6.289578550422448e-06
f73_q50,0.40709853561677833,5.915257794092625e-08,9.112351151419062e-11,6.163077687082463e-11,2.949273464336599e-11
f309_q75,0.4068602630925788,6.035216255241534e-08,0.015081272460520267,0.008878965862095356,0.0062023065984249115
f294_std,0.4067808389178456,6.076053532062158e-08,1.2845865482447039e-09,2.5169580308848083e-10,1.032890745156223e-09
f10_std,0.406741126830479,6.082095805458258e-08,7.31088903194177e-06,2.034433236985933e-06,5.276455794955837e-06
f413_std,0.4063638620004964,6.309211311506207e-08,1.615945075172931e-05,6.646785550401546e-06,9.512665201327763e-06
f213_std,0.4063638620004964,6.309211311506207e-08,2.3121707215523202e-07,4.866630121114213e-08,1.825507709440899e-07
f211_q25,0.40635393397865477,6.309819232933967e-08,1.8270355894856039e-07,1.8539840596076829e-07,2.6948470122079016e-09
f11_std,0.40618515760734675,6.393230174583862e-08,2.40619556279853e-05,8.108585461741313e-06,1.5953370166243985e-05
f283_q75,0.40607594936708863,6.465725217492138e-08,0.05921578407287598,0.04688970372080803,0.012326080352067947
f247_std,0.40585753288657234,6.595857387655926e-08,7.980515553951406e-11,2.2133950922098578e-11,5.7671204617415484e-11
f435_q75,0.40585753288657234,6.595857387655926e-08,2.644864309786499e-07,1.6836537497511017e-07,9.61210560035397e-08
f240_q75,0.40530156366344006,6.92353951492219e-08,1.0968517066833883e-10,6.341724367864288e-11,4.626792698969595e-11
f87_std,0.4052618515760735,6.94233867958471e-08,0.022924145683646202,0.012111940421164036,0.010812205262482166
f59_std,0.40484487465872426,7.207412719929969e-08,9.337292112832074e-07,1.788216223985728e-07,7.549075888846346e-07
f255_q50,0.4048349466368826,7.208097127255077e-08,6.688596204673658e-11,6.511919475871153e-11,1.7667672880250507e-12
f193_std,0.404795234549516,7.237085202966976e-08,1.625424943085818e-06,4.5394727976599825e-07,1.1714776633198198e-06
f67_std,0.4047555224621494,7.256787112027743e-08,6.062334523271318e-10,1.7655013562212218e-10,4.296833167050096e-10
f257_q75,0.4046959543310995,7.296467958778011e-08,5.077100406758461e-10,2.8121846518125437e-10,2.2649157549459176e-10
f149_std,0.40434847356664183,7.501140770686593e-08,30.599472045898438,11.589269638061523,19.010202407836914
f454_q75,0.40410027302060064,7.684740682898865e-08,1.8261835099675494e-10,9.744679368983711e-11,8.517155730691783e-11
f286_std,0.403921568627451,7.812202225173875e-08,0.05876543000340462,0.022318776696920395,0.03644665330648422
f354_std,0.4038421444527178,7.839978842630022e-08,2.3083440714444237e-10,4.321133034723701e-11,1.8762307679720536e-10
f295_std,0.40374286423430134,7.927521765373057e-08,1.5927819063676907e-09,2.891028250129324e-10,1.3036790813547583e-09
f391_std,0.4037031521469347,7.935214263021871e-08,1.3190919467831463e-09,3.674077431181644e-10,9.51684203664982e-10
f182_std,0.4036535120377265,7.97804672807174e-08,0.015293098986148834,0.00586578156799078,0.009427317418158054
f267_q25,0.4036137999503599,8.000419146495483e-08,0.11601994186639786,0.0711531788110733,0.044866763055324554
f347_q50,0.40331595929511044,8.229471584770628e-08,1.1750136081900564e-06,7.283982199624006e-07,4.466153882276558e-07
f361_q25,0.40331595929511044,8.229471584770628e-08,8.532621831314202e-11,5.1404477896532796e-11,3.3921740416609225e-11
f35_std,0.4031968230330107,8.292997604419682e-08,0.1369214653968811,0.05286378413438797,0.08405768126249313
f246_q75,0.40317696698932737,8.329866514150412e-08,1.5697904087730308e-10,1.0085838414441994e-10,5.6120656732883134e-11
f250_q75,0.4029486224869695,8.496157186636769e-08,8.194689926632748e-10,3.691201511113462e-10,4.5034884155192856e-10
f255_mean,0.4028096301811864,8.600025230767975e-08,1.0640264364036867e-10,6.871515856321508e-11,3.768748507715358e-11
f215_q75,0.4027202779846116,8.665935032175883e-08,1.7741516558089643e-06,8.282620456157019e-07,9.458896101932623e-07
f62_std,0.4025415735914619,8.810061184106004e-08,7.895457656559302e-07,1.4953518245874875e-07,6.400105831971814e-07
f217_std,0.40208488458674607,9.16077166711334e-08,1.7016122910717968e-07,3.921836722042826e-08,1.3094286188675142e-07
f152_mean,0.4017969719533383,9.390125426537047e-08,2.957075776066631e-05,2.0216153643559664e-05,9.354604117106646e-06
f349_std,0.4015289153636138,9.618709523367686e-08,1.5904828387647285e-07,2.1413404382997214e-08,1.3763487949347564e-07
f44_std,0.40139985107967235,9.69606460618755e-08,0.04164772853255272,0.01723397895693779,0.02441374957561493
f195_std,0.4013899230578307,9.733937782193384e-08,2.169881099689519e-06,6.526582296828565e-07,1.5172228700066626e-06
f253_q50,0.40129064283941424,9.811046266303675e-08,6.697908894182092e-11,6.982059375104654e-11,2.8415048092256256e-12
f127_std,0.40121121866468107,9.877119636664202e-08,3.157399260089733e-05,8.917017112253234e-06,2.2656975488644093e-05
f416_std,0.4011615785554728,9.929696739324467e-08,8.067900125752203e-06,3.1474010029342026e-06,4.920499122818001e-06
f353_std,0.4010225862496897,1.0049487253909215e-07,3.1075205697561614e-07,5.011248660480305e-08,2.606395703708131e-07
f4_std,0.40094316207495656,1.0085382403615763e-07,7.261433438543463e-06,2.046986082859803e-06,5.21444735568366e-06
f206_q50,0.40083395383469844,1.0205786512002978e-07,3.878426468872931e-07,2.1248236237170204e-07,1.7536028451559105e-07
f345_q25,0.40078431372549017,1.025017650017085e-07,2.1559111473834491e-07,2.0068135597739456e-07,1.4909758760950353e-08
f345_q75,0.40078431372549017,1.025017650017085e-07,3.782119790685101e-07,2.3251982383953873e-07,1.456921552289714e-07
f54_q50,0.400704889550757,1.0319177299238099e-07,3.3118925557573675e-07,2.287039393422674e-07,1.0248531623346935e-07
f436_q75,0.4006056093323405,1.041268092403141e-07,4.524520136328647e-07,2.2446977254730882e-07,2.2798224108555587e-07
f344_q25,0.400337552742616,1.0646916494132779e-07,1.321129388998088e-06,6.998468506935751e-07,6.212825383045129e-07
f157_std,0.4001489203276247,1.083735084863758e-07,4.851207904721377e-06,1.3631638466904406e-06,3.488044058030937e-06
f146_std,0.4000198560436833,1.0921713559244979e-07,7.861957550048828,2.899634838104248,4.96232271194458
f330_std,0.3999305038471085,1.1006823470792212e-07,0.030881131067872047,0.0075385612435638905,0.023342569824308157
f467_std,0.3999205758252668,1.1049725594496065e-07,0.04203295335173607,0.022732798010110855,0.019300155341625214
f255_q75,0.3997716554976421,1.1186126526040047e-07,1.3182094305008718e-10,7.954075592619958e-11,5.22801871238876e-11
f166_std,0.39964259121370066,1.1320742535420096e-07,0.1346491426229477,0.05332367494702339,0.0813254676759243
f333_std,0.3993646066021345,1.1593078767325366e-07,0.0007013680296950042,0.00018633533909451216,0.0005150326906004921
f0_std,0.3993646066021345,1.1593078767325366e-07,1.4479081755780498e-06,4.4424911038731807e-07,1.0036590651907318e-06
f161_std,0.39927525440555967,1.1683500264151014e-07,1.3304023013915867e-05,4.761725449498044e-06,8.542297564417822e-06
f347_mean,0.39926532638371803,1.168455369158243e-07,1.3616449905384798e-06,7.269860589076416e-07,6.346589316308382e-07
f253_mean,0.39926532638371803,1.168455369158243e-07,9.577799664484132e-11,7.230852722139858e-11,2.3469469423442746e-11
f381_std,0.3990469099032018,1.190926217189266e-07,0.016466138884425163,0.0030248956754803658,0.013441243208944798
f151_std,0.3986299329858526,1.2350796867244303e-07,9.77538093138719e-06,2.804649511745083e-06,6.970731419642107e-06
f316_std,0.398590220898486,1.2363811599714884e-07,5.018989668315044e-06,1.1366232683940325e-06,3.882366399921011e-06
f270_std,0.39854058078927773,1.2438827567093774e-07,0.022194312885403633,0.011597818695008755,0.010596494190394878
f150_mean,0.39844130057086125,1.2543128002494516e-07,6.253790343180299e-05,4.051536598126404e-05,2.2022537450538948e-05
f229_std,0.39817324398113674,1.283219102543033e-07,3.8092751175611284e-10,1.0835953662136077e-10,2.7256797513475206e-10
f362_std,0.39817324398113674,1.283219102543033e-07,2.208348226506729e-10,3.350401553414706e-11,1.8733080711652583e-10
f74_mean,0.3981236038719285,1.2899215604869622e-07,4.79541295561603e-10,2.5202243070232555e-10,2.2751886485927741e-10
f281_std,0.3981236038719285,1.2899215604869622e-07,0.061367303133010864,0.03349410369992256,0.027873199433088303
f468_mean,0.39802432365351204,1.2997402774664373e-07,0.03836556896567345,0.02937769703567028,0.008987871930003166
f205_std,0.3979945395879871,1.2999487803532458e-07,1.55399433765524e-07,3.912125023930457e-08,1.1627818352621944e-07
f129_std,0.3978456192603624,1.3208073777915281e-07,2.345017492189072e-05,7.103808002284495e-06,1.6346366919606226e-05
f220_std,0.3978456192603624,1.3208073777915281e-07,7.713047125434969e-07,1.454896079167156e-07,6.258151046267812e-07
f74_q25,0.3977959791511541,1.3255020310960347e-07,2.2484118733512304e-10,1.9612617085940087e-10,2.8715016475722166e-11
f283_mean,0.3976073467361628,1.347145759281219e-07,0.04732263460755348,0.043314509093761444,0.004008125513792038
f33_std,0.397488210474063,1.3575806257106763e-07,0.09822538495063782,0.028068607673048973,0.07015677727758884
f251_q50,0.39742864234301317,1.3680354339963353e-07,4.85917250880874e-10,3.0404456730082075e-10,1.8187268358005326e-10
f283_q50,0.3973790022338049,1.3736628495822882e-07,0.04309309646487236,0.04264923557639122,0.00044386088848114014
f215_mean,0.3972896500372301,1.3842210508218494e-07,1.3780306744592963e-06,7.245712936310156e-07,6.534593808282807e-07
f215_q50,0.39715065773144703,1.4006894613746643e-07,1.0817377642524661e-06,7.12543055669812e-07,3.6919470858265413e-07
f225_std,0.3968826011417225,1.4341107979847155e-07,1.1420648604598682e-07,2.4306936907692034e-08,8.989954913829479e-08
f215_q25,0.39687267311988084,1.4344388106616014e-07,7.152434591262136e-07,6.026407959325297e-07,1.1260266319368384e-07
f128_std,0.39684288905435594,1.4349454458843987e-07,2.5857059881673194e-05,7.690905476920307e-06,1.8166154404752888e-05
f271_mean,0.39683296103251425,1.4403273152459168e-07,0.08922551572322845,0.06002568081021309,0.029199834913015366
f365_q50,0.39673368081409777,1.45163347636569e-07,5.473931308230817e-10,3.2164546026614005e-10,2.2574767055694167e-10
f155_std,0.3966046165301564,1.4689318740880717e-07,2.6861976948566735e-05,9.961649993783794e-06,1.690032695478294e-05
f250_q50,0.3965053363117399,1.4800856648004825e-07,4.3771086755128863e-10,3.060755815464944e-10,1.3163528600479424e-10
f319_std,0.39647555224621495,1.4803389666042048e-07,2.477227781128022e-06,5.412240966506943e-07,1.9360036844773276e-06
f478_std,0.39632663191859024,1.5039398968419674e-07,0.007576442789286375,0.004078518599271774,0.0034979241900146008
f73_mean,0.3962372797220154,1.5155997844123062e-07,1.2108812563749183e-10,6.654020390239879e-11,5.454792173509304e-11
f213_q50,0.39622735170017376,1.5157327773383015e-07,2.704796315811109e-07,1.9750945057239733e-07,7.297018100871355e-08
f139_q75,0.3961379995035989,1.5271942637233008e-07,0.014383439905941486,0.008958972059190273,0.005424467846751213
f63_std,0.39595929511044925,1.5519755102473598e-07,1.1058142490583123e-07,2.978491409066919e-08,8.079651081516204e-08
f431_std,0.39591958302308267,1.554470895665075e-07,0.00046762905549257994,0.00020906448480673134,0.0002585645706858486
f378_q50,0.395909655001241,1.5574948427417872e-07,0.10109230130910873,0.08165759593248367,0.01943470537662506
f432_q75,0.39569123852072474,1.5836138702511108e-07,2.1583709894912317e-06,1.1652574585241382e-06,9.931135309670935e-07
f326_std,0.39559195830230826,1.601358471759106e-07,0.009916696697473526,0.0032041652593761683,0.006712531438097358
f378_mean,0.39540332588731697,1.6261015132248412e-07,0.10164931416511536,0.08182016015052795,0.019829154014587402
f302_std,0.39523454951600895,1.645277276348864e-07,5.936749221291393e-05,1.5197821085166652e-05,4.416967112774728e-05
f253_q75,0.39521469347232563,1.6522312127277766e-07,1.1293796453593075e-10,8.260042649865795e-11,3.033753803727279e-11
f61_std,0.39517498138495905,1.6585975375050847e-07,2.1398032856723148e-07,4.205291403991396e-08,1.7192741452731752e-07
f223_std,0.3950856291883842,1.671823679119349e-07,1.0316468745941165e-07,2.7320572471012383e-08,7.584411498839927e-08
f206_q25,0.39498634896996776,1.6844863083417486e-07,2.5939311854017433e-07,1.7946639729871094e-07,7.992672124146338e-08
f272_std,0.3944899478778853,1.7576653578481207e-07,0.015607870183885098,0.011443717405200005,0.004164152778685093
f266_q25,0.39445023579051874,1.758813500791727e-07,0.11049379408359528,0.07300957292318344,0.037484221160411835
f65_q25,0.3944403077686771,1.7659011508016094e-07,4.372567445898312e-07,3.332245626097574e-07,1.040321819800738e-07
f156_mean,0.39439066765946884,1.7721756003869901e-07,3.096093496424146e-05,1.994980630115606e-05,1.1011128663085401e-05
f56_mean,0.3942616033755274,1.790600655863884e-07,1.9165365756634856e-06,8.704263336767326e-07,1.046110241986753e-06
f456_std,0.39416232315711097,1.8074726599586953e-07,2.890088862672613e-11,1.0413710692380729e-11,1.84871779343454e-11
f139_q50,0.39397369074211963,1.8356200426764799e-07,0.011878600344061852,0.00852961465716362,0.0033489856868982315
f177_std,0.39389426656738646,1.8463711569580525e-07,0.01311306282877922,0.005509734153747559,0.007603328675031662
f402_std,0.3936162819558203,1.8920431030970483e-07,3.5393983125686646e-05,1.1630711014731787e-05,2.376327211095486e-05
f73_q25,0.39360635393397864,1.8936103884436824e-07,5.7558954130731976e-11,5.1806364753659295e-11,5.752589377072681e-12
f158_q25,0.39346736162819557,1.9160152557375685e-07,1.208328285429161e-05,8.990573405753821e-06,3.0927094485377893e-06
f152_q50,0.39346736162819557,1.9160152557375685e-07,2.8645788916037418e-05,2.0059969756403007e-05,8.585819159634411e-06
f7_std,0.3934375775626706,1.9163867435886996e-07,2.554596534309894e-09,6.241566152809241e-10,1.93043991902897e-09
f350_std,0.393427649540829,1.9240478749122601e-07,5.814525820824201e-07,7.538630342196484e-08,5.060662786604553e-07
f100_std,0.3932886572350459,1.9465488914728475e-07,6.166884759295499e-06,2.1819237190356944e-06,3.984961040259805e-06
f331_std,0.3929709605361132,1.998885153509973e-07,0.009891235269606113,0.0026343308854848146,0.007256904384121299
f397_std,0.39279225614296354,2.024293259023149e-07,1.3183111150283366e-05,4.774628905579448e-06,8.408482244703919e-06
f271_q75,0.39273268801191363,2.038846860063541e-07,0.10086992383003235,0.0653948038816452,0.035475119948387146
f277_std,0.3927029039463887,2.0389065779908197e-07,0.02512485347688198,0.010497861541807652,0.01462699193507433
f257_q50,0.39268304790270536,2.0474205556264927e-07,2.5157670391351417e-10,2.2892816808894878e-10,2.2648535824565386e-11
f365_mean,0.39268304790270536,2.0474205556264927e-07,6.345443614996782e-10,3.217666966204291e-10,3.1277766487924907e-10
f124_std,0.3926036237279722,2.0611038937190418e-07,9.088128717849031e-05,3.20037615892943e-05,5.887752558919601e-05
f152_q75,0.3925440555969223,2.0715511907850898e-07,3.365914380992763e-05,2.1731419110437855e-05,1.1927724699489772e-05
f277_q75,0.3925043435095557,2.0790900515669464e-07,0.11724663525819778,0.08446268737316132,0.03278394788503647
f210_q75,0.39217671878878135,2.1367388393571604e-07,3.8856182982272003e-07,2.441243509565538e-07,1.444374788661662e-07
f347_q75,0.39194837428642343,2.1781198220571718e-07,1.7561060303705744e-06,7.902733045739296e-07,9.658327257966448e-07
f443_std,0.39190866219905685,2.187173139491247e-07,4.913853786092659e-07,1.0528744809334967e-07,3.8609793051591623e-07
f398_std,0.39190866219905685,2.187173139491247e-07,5.2806135499849916e-05,1.940632500918582e-05,3.3399810490664095e-05
f285_std,0.3917696698932738,2.2126367868615536e-07,0.014801021665334702,0.005919847637414932,0.00888117402791977
f316_q75,0.3916703896748573,2.2298120122181796e-07,3.1030176614876837e-05,2.0123465219512582e-05,1.0906711395364255e-05
f133_std,0.39145197319434105,2.271908844907393e-07,6.136780575616285e-05,1.748851173033472e-05,4.387929402582813e-05
f434_std,0.3914023330851328,2.282358255939347e-07,5.165960828890093e-06,1.7146217032859568e-06,3.451339125604136e-06
f284_std,0.3914023330851328,2.282358255939347e-07,0.016234584152698517,0.006611732766032219,0.009622851386666298
f257_mean,0.3911640605609332,2.3267916503953228e-07,3.9453992850546626e-10,2.4303031809225217e-10,1.515096104132141e-10
f32_std,0.3908960039712087,2.3815348518103647e-07,1.500930648035137e-05,5.34970240551047e-06,9.6596040748409e-06
f156_q75,0.3908463638620005,2.3899796593420093e-07,3.374648076714948e-05,2.084618063236121e-05,1.2900300134788267e-05
f399_q75,0.39030032266070985,2.503191914085285e-07,4.364238338894211e-05,2.702229357964825e-05,1.662008980929386e-05
f139_mean,0.3902903946388682,2.503729697704505e-07,0.012561558745801449,0.008551445789635181,0.004010112956166267
f246_q25,0.3899230578307272,2.5819005571389943e-07,7.747820440773268e-11,7.584012584604949e-11,1.6380785616831872e-12
f388_std,0.38988334574336064,2.5925114713053204e-07,3.594930831241072e-06,1.2323450846452033e-06,2.362585746595869e-06
f255_q25,0.38978406552494416,2.612175880838329e-07,3.9601141810230445e-11,5.388417143037394e-11,1.4283029620143495e-11
f345_mean,0.389506080913378,2.6736178227697934e-07,3.098014929037163e-07,2.1624747148507595e-07,9.355402141864033e-08
f18_std,0.3893869446512782,2.6942237754038895e-07,6.711564492434263e-05,1.93288014997961e-05,4.778684342454653e-05
f8_std,0.3893869446512782,2.6942237754038895e-07,8.588276756427149e-09,2.492165140921543e-09,6.096111615505606e-09
f81_std,0.3892876644328618,2.724566814257424e-07,0.08496525883674622,0.034792374819517136,0.05017288401722908
f322_std,0.38920824025812856,2.735905783264871e-07,0.02390439435839653,0.006250196136534214,0.017654198221862316
f56_q75,0.388969967733929,2.7925022593184004e-07,2.4940115963545395e-06,9.937333516063518e-07,1.5002782447481877e-06
f98_std,0.3889203276247208,2.8087400852884484e-07,2.210580760220182e-06,6.91524917328934e-07,1.5190558428912482e-06
f345_std,0.3887813353189377,2.8422212373862317e-07,1.2898686918560998e-07,2.3240106727939747e-08,1.0574676245767023e-07
f322_q75,0.38837428642343014,2.9318804253141263e-07,0.33882540464401245,0.2934938073158264,0.045331597328186035
f287_std,0.3883643584015885,2.9431358162614456e-07,0.05449187383055687,0.02005520462989807,0.0344366692006588
f276_std,0.38823529411764707,2.966750271281793e-07,0.024045391008257866,0.010877376422286034,0.013168014585971832
f206_mean,0.38817572598659716,2.987647816847118e-07,4.4117825837020064e-07,2.182670755246363e-07,2.2291118284556433e-07
f320_std,0.388096301811864,3.002317548106045e-07,9.346672413812485e-06,2.2557742340723053e-06,7.090898179740179e-06
f325_std,0.38808637379002237,3.011215438358253e-07,0.010503377765417099,0.0024957607965916395,0.00800761696882546
f345_q50,0.387897741375031,3.0574344213622405e-07,2.7473200248095964e-07,2.1718871323628264e-07,5.7543289244677e-08
f174_std,0.38785802928766444,3.0698605401579325e-07,0.03728243708610535,0.013030831702053547,0.0242516053840518
f54_q75,0.3877686770910896,3.092404696459244e-07,4.3118373582728964e-07,2.610195508623292e-07,1.7016418496496044e-07
f316_q50,0.38775874906924795,3.09305381856056e-07,2.7318414140609093e-05,1.943295319506433e-05,7.885460945544764e-06
f197_std,0.38771903698188137,3.105176533912219e-07,7.972577805048786e-06,2.5595870738470694e-06,5.412990731201717e-06
f206_q75,0.38740134028294865,3.187528293551501e-07,5.530491193894704e-07,2.5069115849873924e-07,3.023579608907312e-07
f394_std,0.3873517001737404,3.201839711716024e-07,3.6437122616916895e-06,1.2316462516537285e-06,2.412066010037961e-06
f309_mean,0.3872524199553239,3.2260056318622636e-07,0.013242024928331375,0.008601167239248753,0.0046408576890826225
f283_q25,0.3871134276495408,3.2634835799501297e-07,0.03104315511882305,0.0391249880194664,0.008081832900643349
f114_std,0.38699429138744107,3.2880843748333583e-07,8.291402082249988e-06,2.696564479265362e-06,5.594837602984626e-06
f347_std,0.3868950111690246,3.3244004810323176e-07,6.725560410814069e-07,9.190513594603544e-08,5.806509051353714e-07
f454_mean,0.38688508314718295,3.325839453492702e-07,1.434065088901093e-10,8.521457151022815e-11,5.8191937379881153e-11
f56_q50,0.3867560188632415,3.3637602201457455e-07,1.693665922175569e-06,8.488467528877663e-07,8.448191692878027e-07
f25_std,0.38657731447009186,3.4062423717521057e-07,7.961375713348389,2.84965443611145,5.1117212772369385
f395_std,0.38643832216430873,3.447122803209436e-07,1.2158536264905706e-05,4.884165264229523e-06,7.274371000676183e-06
f65_q50,0.3863390419458923,3.482405420520397e-07,5.803812541671505e-07,3.820813105903653e-07,1.9829994357678515e-07
f214_mean,0.3862397617274758,3.5086349738791424e-07,1.3721394225285621e-06,7.19960894457472e-07,6.521785280710901e-07
f155_q50,0.38615040953090096,3.5348316911049923e-07,0.00011761259520426393,8.54893442010507e-05,3.212325100321323e-05
f139_q25,0.3859617771159097,3.5902157253555816e-07,0.010185934603214264,0.008122539147734642,0.002063395455479622
f94_std,0.38583271283196824,3.6314341050285793e-07,0.015518357045948505,0.006501262076199055,0.00901709496974945
f153_q50,0.3856440804169769,3.6860407238026216e-07,2.503512951079756e-05,1.8299129806109704e-05,6.735999704687856e-06
f261_q25,0.3855547282204021,3.7148232616193566e-07,0.18554843962192535,0.21344706416130066,0.027898624539375305
f102_std,0.3854753040456689,3.7288993257686683e-07,8.23582558950875e-06,2.696018555070623e-06,5.539807034438127e-06
f96_std,0.38546537602382724,3.743604016094643e-07,1.3611286249215482e-06,4.351767870502954e-07,9.259518378712528e-07
f355_std,0.38542566393646066,3.7484373899196155e-07,3.010657556590246e-10,6.046037975826479e-11,2.406053759007598e-10
f309_q25,0.3852271034996277,3.8150632431801364e-07,0.011107563972473145,0.00834049191325903,0.002767072059214115
f218_std,0.3851873914122611,3.8298403937292144e-07,2.08393871048429e-07,4.038045631205023e-08,1.6801341473637876e-07
f138_q25,0.3850881111938446,3.859092797493732e-07,0.011400994844734669,0.008147531189024448,0.0032534636557102203
f441_std,0.38504839910647803,3.8734273077514693e-07,9.267096601206504e-08,2.5627297617347722e-08,6.704366839471732e-08
f453_q75,0.3848200546041201,3.948151984164079e-07,9.970539671666501e-11,7.051167288940619e-11,2.919372382725882e-11
f251_q75,0.3847704144949119,3.962103441698883e-07,8.219382396923436e-10,3.67531033385049e-10,4.544072063072946e-10
f277_mean,0.38468106229833704,3.9931679071681323e-07,0.10060366243124008,0.07894980907440186,0.021653853356838226
f428_std,0.38445271779597917,4.0697376329933434e-07,0.021412765607237816,0.01031460426747799,0.011098161339759827
f351_std,0.3843137254901961,4.116335396951211e-07,8.34232238844379e-08,1.6144362291470316e-08,6.727886159296759e-08
f21_q50,0.38412509307520476,4.1780179115852204e-07,0.013683137483894825,0.008724578656256199,0.004958558827638626
f479_std,0.3840357408786299,4.2104454079548164e-07,0.028003757819533348,0.013728267513215542,0.014275490306317806
f352_std,0.3839463886820551,4.2429089448055245e-07,9.078600271550386e-08,1.383687742162465e-08,7.69491252938792e-08
f150_q50,0.38389674857284684,4.258197113627255e-07,6.202254735399038e-05,4.041405554744415e-05,2.1608491806546226e-05
f320_q50,0.3838471084636386,4.2744139381534507e-07,6.226416735444218e-05,4.382833503768779e-05,1.8435832316754386e-05
f334_std,0.38380739637627204,4.291413505020734e-07,0.00022496683232020587,5.58690371690318e-05,0.00016909779515117407
f253_q25,0.38370811615785555,4.323565463959946e-07,4.28151923637099e-11,5.898719707131406e-11,1.617200470760416e-11
f414_std,0.38366840407048897,4.340197800192501e-07,2.4392129489569925e-06,8.84928624600434e-07,1.5542843243565585e-06
f219_std,0.3835790518739141,4.3728714167706337e-07,2.030509165251715e-07,4.1384677018641014e-08,1.6166623950653047e-07
f194_std,0.3834896996773393,4.4021739112226324e-07,2.413300990156131e-06,6.787812480979483e-07,1.7345197420581826e-06
f412_std,0.38340034748076446,4.4290364076147695e-07,4.513693511398742e-06,1.5762316252221353e-06,2.9374618861766066e-06
f213_q25,0.38334077934971456,4.455982546479425e-07,1.7073564606562286e-07,1.6739251407216216e-07,3.3431319934607018e-09
f125_std,0.38330106726234797,4.473657270486775e-07,8.824338874546811e-05,2.917575511673931e-05,5.90676336287288e-05
f420_std,0.38330106726234797,4.473657270486775e-07,0.0157763808965683,0.008519127033650875,0.007257253862917423
f150_q75,0.38325142715313976,4.489451065418429e-07,6.8190238380339e-05,4.236030508764088e-05,2.5829933292698115e-05
f279_std,0.3832117150657731,4.5062298132370424e-07,0.014952174387872219,0.009953908622264862,0.004998265765607357
f137_std,0.3831620749565649,4.5244376756409133e-07,0.00014610901416745037,4.854828512179665e-05,9.756072904565372e-05
f420_q25,0.38307272275999005,4.558453520905603e-07,0.024429667741060257,0.04065040126442909,0.016220733523368835
f154_mean,0.3830627947381484,4.5588124299008986e-07,0.00013445949298329651,9.36795913730748e-05,4.0779901610221714e-05
f458_std,0.3828443782576322,4.643039175421342e-07,2.0957845181523993e-10,5.4094097257095797e-11,1.5548435455814413e-10
f327_std,0.38261603375527425,4.7274443256749346e-07,0.025340091437101364,0.005591090768575668,0.019749000668525696
f112_std,0.38261603375527425,4.7274443256749346e-07,7.77909914262409e-09,2.3036197394077362e-09,5.4754794032163545e-09
f210_mean,0.3826061057334326,4.732981646266904e-07,3.1801670274944627e-07,2.1615221612591995e-07,1.0186448662352632e-07
f161_q50,0.3826061057334326,4.732981646266904e-07,5.819340003654361e-05,4.1682025766931474e-05,1.6511374269612134e-05
f250_mean,0.3823281211218665,4.841673067093479e-07,6.266638874485864e-10,3.237030921088291e-10,3.029607953397573e-10
f448_std,0.3822884090344999,4.860776776791327e-07,6.473236169313168e-08,1.632211521496174e-08,4.841024647816994e-08
f36_std,0.3822884090344999,4.860776776791327e-07,0.02930484339594841,0.014500895515084267,0.014803947880864143
f446_std,0.38219905683792504,4.896096280864539e-07,4.1877828493852576e-07,8.985739441413898e-08,3.289208905243868e-07
f466_std,0.38219905683792504,4.896096280864539e-07,0.018293840810656548,0.010490608401596546,0.007803232409060001
f38_std,0.38219905683792504,4.896096280864539e-07,0.014428071677684784,0.006982652470469475,0.007445419207215309
f214_q25,0.3821891288160834,4.897074501887301e-07,7.137379611776851e-07,5.966708727100922e-07,1.1706708846759284e-07
f246_q50,0.3819607843137255,4.989436771066797e-07,1.0777095188485575e-10,8.698155390396423e-11,2.0789397980891522e-11
f319_q75,0.3819607843137255,4.989436771066797e-07,1.5287836504285224e-05,9.752022378961556e-06,5.535814125323668e-06
f35_q75,0.3819210722263589,5.009337396801623e-07,1.689467430114746,1.476621389389038,0.212846040725708
f156_q50,0.38187143211715063,5.027325091797267e-07,3.069920057896525e-05,1.988624171644915e-05,1.0812958862516098e-05
f196_std,0.381692727724001,5.103021312760438e-07,8.598129170422908e-06,2.6906477614829782e-06,5.90748140893993e-06
f138_q75,0.38168279970215935,5.10403642886264e-07,0.015695670619606972,0.009106078185141087,0.006589592434465885
f276_q75,0.38168279970215935,5.10403642886264e-07,0.11726988852024078,0.0886760875582695,0.028593800961971283
f21_q75,0.3815934475055845,5.141718014956558e-07,0.016289833933115005,0.009238053113222122,0.007051780819892883
f250_q25,0.3815934475055845,5.141718014956558e-07,2.7042723615977593e-10,2.56079102367579e-10,1.4348133792196904e-11
f158_std,0.38137503102506826,5.227954196184743e-07,3.6970238852518378e-06,1.2415036962920567e-06,2.455520188959781e-06
f320_q75,0.38131546289401835,5.259427209866025e-07,6.955081335036084e-05,4.518705463851802e-05,2.436375871184282e-05
f160_q50,0.38131546289401835,5.259427209866025e-07,6.543991912622005e-05,4.507713674684055e-05,2.0362782379379496e-05
f435_mean,0.38127575080665177,5.280071370813115e-07,1.922044248203747e-07,1.4339744325297943e-07,4.880698156739527e-08
f257_q25,0.3811764705882353,5.319411605478834e-07,1.3849052460379596e-10,1.894459311646557e-10,5.095540656085973e-11
f317_q75,0.3810374782824522,5.379997150005545e-07,0.00014020981325302273,9.299137309426442e-05,4.721844015875831e-05
f309_q50,0.3806701414743112,5.543527693582591e-07,0.012731642462313175,0.00859738327562809,0.004134259186685085
f138_q50,0.38053114916852815,5.606561646287871e-07,0.013130496256053448,0.008593099191784859,0.004537397064268589
f321_std,0.38049143708116157,5.627095718693839e-07,0.07009418308734894,0.013711816631257534,0.056382366456091404
f21_std,0.38049143708116157,5.627095718693839e-07,0.0035988364834338427,0.0007911704014986753,0.0028076660819351673
f453_mean,0.38044179697195335,5.647639041636514e-07,7.882224040134389e-11,6.032128962996097e-11,1.8500950771382918e-11
f392_std,0.38040208488458677,5.669985336398006e-07,4.431193190157501e-09,1.45762812930883e-09,2.9735650608486708e-09
f154_q25,0.3801638123603872,5.776724519286318e-07,0.0001153688135673292,8.67089256644249e-05,2.8659887902904302e-05
f65_q75,0.3799851079672375,5.863667432734351e-07,8.531905564268527e-07,4.4843633872915234e-07,4.0475421769770037e-07
f41_q75,0.3799453958798709,5.880827494073204e-07,0.8112701773643494,0.7253986597061157,0.08587151765823364
f425_std,0.3798560436832961,5.91647289445965e-07,0.018906261771917343,0.009143073111772537,0.009763188660144806
f382_std,0.37975676346487963,5.974989744571624e-07,0.01022043265402317,0.002509157871827483,0.007711274782195687
f415_std,0.37971705137751305,5.98622163072867e-07,2.2397130123863462e-06,7.531642154390283e-07,1.486548796947318e-06
f126_std,0.3794887068751551,6.093212008958625e-07,3.1637289794161916e-05,9.5972245617304e-06,2.2040065232431516e-05
f183_std,0.3794787788533135,6.109803277318529e-07,0.013629463501274586,0.005575303453952074,0.008054160047322512
f65_mean,0.3794787788533135,6.109803277318529e-07,7.154692980293476e-07,3.949343465592392e-07,3.2053495147010835e-07
f455_q50,0.3790618019359643,6.317801028338857e-07,5.00142982584606e-10,2.9527072453738867e-10,2.0487225804721731e-10
f21_mean,0.3790618019359643,6.317801028338857e-07,0.014359002001583576,0.008761398494243622,0.005597603507339954
f39_std,0.3788830975428146,6.414150494117523e-07,0.0355587899684906,0.01268046721816063,0.02287832275032997
f34_std,0.3788036733680814,6.437106779860618e-07,0.0369553342461586,0.013948308303952217,0.023007025942206383
f288_std,0.37851576073467363,6.607698073306651e-07,4.210322970266134e-07,1.0222795765457704e-07,3.1880433937203634e-07
f22_std,0.37846612062546536,6.632262260910367e-07,0.002369381720200181,0.0004805006901733577,0.0018888810300268233
f164_std,0.3783866964507322,6.657506083581098e-07,0.037981171160936356,0.013801918365061283,0.024179252795875072
f30_std,0.3779597915115413,6.909367480560489e-07,4.896958671452012e-06,1.4798060874454677e-06,3.417152584006544e-06
f54_q25,0.3779200794241747,6.929620564267248e-07,2.6565987809590297e-07,2.011250614941673e-07,6.453481660173566e-08
f317_std,0.37769173492181685,7.053131753592028e-07,1.8734541299636476e-05,4.772051397594623e-06,1.3962489902041852e-05
f260_q25,0.37769173492181685,7.053131753592028e-07,0.1913786083459854,0.2231416404247284,0.03176303207874298
f370_q25,0.37769173492181685,7.053131753592028e-07,0.1993521898984909,0.22455139458179474,0.025199204683303833
f292_q50,0.37763216679076694,7.091720207475561e-07,2.5147655833279714e-05,1.898160007840488e-05,6.166055754874833e-06
f365_q25,0.37763216679076694,7.091720207475561e-07,4.083823001987952e-10,2.8881222413623675e-10,1.1957007606255843e-10
f192_std,0.37736411020104244,7.251909375061578e-07,1.7612944702705136e-06,4.961240165357594e-07,1.2651704537347541e-06
f142_std,0.37722511789525937,7.333147600910173e-07,0.008391417562961578,0.0018222155049443245,0.006569202058017254
f74_q75,0.37676842889054357,7.606168198414641e-07,6.268697783085031e-10,2.8857849443397754e-10,3.3829128387452556e-10
f147_std,0.3767187887813353,7.638355638077028e-07,6.987937927246094,2.7836806774139404,4.204257249832153
f99_std,0.3766790766939687,7.653039351713484e-07,1.920425802381942e-06,6.40134999230213e-07,1.280290803151729e-06
f110_std,0.3766294365847605,7.69320059738902e-07,2.26625940236147e-09,5.818302506455098e-10,1.6844291517159604e-09
f113_std,0.37649044427897743,7.780429601273479e-07,7.411940394774774e-09,2.1189514587405256e-09,5.2929889360342486e-09
f138_mean,0.37648051625713574,7.781013163834362e-07,0.01379767619073391,0.008650444447994232,0.005147231742739677
f154_q75,0.3762521717547779,7.925437453876648e-07,0.0001496648183092475,0.00010013760038418695,4.952721792506054e-05
f246_mean,0.3762025316455696,7.95579819273294e-07,1.3248810382116005e-10,9.03214725234136e-11,4.216663129774645e-11
f115_std,0.37612310747083644,8.012830026151376e-07,8.47916817292571e-06,2.468205366312759e-06,6.010962806612952e-06
f317_q50,0.3761131794489948,8.014351092660916e-07,0.0001256085524801165,9.008875349536538e-05,3.5519798984751105e-05
f172_std,0.3760734673616282,8.044214902686303e-07,0.015433525666594505,0.007159600965678692,0.008273924700915813
f158_q50,0.3758848349466369,8.162949978520261e-07,1.4100512089498807e-05,9.689118087408133e-06,4.411394002090674e-06
f381_q75,0.37583519483742867,8.194667662688408e-07,0.0631813332438469,0.04571571946144104,0.017465613782405853
f381_q50,0.37583519483742867,8.194667662688408e-07,0.04869828000664711,0.0437295101583004,0.00496876984834671
f82_std,0.3757061305534872,8.285862078919172e-07,0.03552953526377678,0.018155748024582863,0.017373787239193916
f323_std,0.37556713824770416,8.377838028158522e-07,0.08481992781162262,0.02382693998515606,0.06099298782646656
f24_std,0.37556713824770416,8.377838028158522e-07,15.297547340393066,4.575156211853027,10.722391128540039
f56_q25,0.3754777860511293,8.439523976004161e-07,1.196433004224673e-06,7.221224223030731e-07,4.743105819215998e-07
f381_q25,0.3753288657235046,8.534285612850825e-07,0.038089726120233536,0.041871584951877594,0.0037818588316440582
f381_mean,0.3753288657235046,8.534285612850825e-07,0.051481943577528,0.04383491724729538,0.00764702633023262
f121_std,0.37524944154877143,8.593035695049248e-07,3.076345819863491e-05,9.130983926297631e-06,2.1632474272337276e-05
f97_q75,0.3750608091337801,8.724755531232042e-07,1.0762314559542574e-06,5.675898364643217e-07,5.086416194899357e-07
f310_std,0.3750608091337801,8.724755531232042e-07,0.0017935257637873292,0.00024649236002005637,0.0015470334037672728
f46_std,0.3750608091337801,8.724755531232042e-07,0.00032610358903184533,0.0001314741966780275,0.00019462939235381782
f27_std,0.374921816827997,8.821248791859442e-07,9.934882655215915e-06,3.0445496577158337e-06,6.8903329975000815e-06
f249_std,0.374921816827997,8.821248791859442e-07,1.236762914302858e-10,2.7252571727087727e-11,9.642371970319807e-11
f319_q50,0.3747331844130057,8.952008984834798e-07,1.3465602933138143e-05,9.419297384738456e-06,4.046305548399687e-06
f298_q50,0.3745941921072226,9.051942644137488e-07,2.5280070985900238e-05,1.9118437194265425e-05,6.161633791634813e-06
f135_std,0.37455448001985603,9.085474247604569e-07,4.033900404465385e-05,1.2368034731480293e-05,2.7970969313173555e-05
f418_std,0.37455448001985603,9.085474247604569e-07,0.01848650351166725,0.008675506338477135,0.009810997173190117
f103_std,0.37401836684040707,9.460521332643408e-07,8.432457434537355e-06,2.470708295732038e-06,5.961749138805317e-06
f185_std,0.3739190866219906,9.540252345574173e-07,0.03864434361457825,0.016269098967313766,0.02237524464726448
f12_std,0.3739091586001489,9.564847946628867e-07,3.334132634336129e-05,1.0253295840811916e-05,2.3088030502549373e-05
f170_std,0.373680814097791,9.742928592751446e-07,0.013703308999538422,0.006019629072397947,0.007683679927140474
f144_std,0.37346239761727473,9.886148752540449e-07,15.39725112915039,4.6874494552612305,10.70980167388916
f150_q25,0.3734028294862249,9.95890651795751e-07,5.606536433333531e-05,3.8587022572755814e-05,1.7478341760579497e-05
f154_std,0.3734028294862249,9.95890651795751e-07,2.7630458134808578e-05,1.098982374969637e-05,1.6640634385112207e-05
f256_q75,0.3730752047654505,1.0218151271234991e-06,5.535968905512334e-10,2.656778963494588e-10,2.879189942017746e-10
f222_std,0.3730354926780839,1.025578562374753e-06,1.0829464969219771e-07,2.9619512176282115e-08,7.86751375159156e-08
f166_q75,0.3730354926780839,1.025578562374753e-06,1.6819746494293213,1.4849239587783813,0.19705069065093994
f213_mean,0.3729858525688757,1.0292032925343066e-06,3.40217439998014e-07,2.006588744052351e-07,1.395585655927789e-07
f37_std,0.37294614048150904,1.033074207899099e-06,0.01438542827963829,0.005954831372946501,0.00843059690669179
f317_mean,0.3729362124596674,1.0331498119604387e-06,0.00012657702609430999,8.975622040452436e-05,3.682080568978563e-05
f277_q50,0.3728965003723008,1.0368556998118803e-06,0.09804398566484451,0.07812508940696716,0.01991889625787735
f171_std,0.37280714817572597,1.044558115133947e-06,0.014498784206807613,0.00547744007781148,0.009021344128996134
f109_std,0.37280714817572597,1.044558115133947e-06,1.6938754843209836e-09,4.5147346972029823e-10,1.2424020146006853e-09
f158_mean,0.3727078679573095,1.0521370321746312e-06,1.4565326637239195e-05,9.771462828211952e-06,4.793863809027243e-06
f324_std,0.3726681558699429,1.0560969150463321e-06,0.022935913875699043,0.006811047904193401,0.016124865971505642
f54_std,0.372439811367585,1.0755073607639048e-06,1.6257621382465004e-07,4.485009696963971e-08,1.1772611685501033e-07
f92_std,0.37239017125837676,1.0794389308522303e-06,0.05158749595284462,0.03297293186187744,0.01861456409096718
f476_std,0.37239017125837676,1.0794389308522303e-06,0.026256227865815163,0.018546203151345253,0.00771002471446991
f21_q25,0.37234053114916854,1.08333229445323e-06,0.01192321814596653,0.008265970274806023,0.003657247871160507
f141_std,0.37230081906180196,1.0874436138973167e-06,0.0021847684402018785,0.0004326041089370847,0.0017521643312647939
f468_q50,0.3722511789525937,1.091289818274651e-06,0.03590609133243561,0.0284611564129591,0.007444934919476509
f214_q50,0.37220153884338547,1.0953247078564628e-06,1.0943357438009116e-06,6.991107284193276e-07,3.9522501538158394e-07
f268_std,0.3718937701662944,1.1208684825452198e-06,0.06360682845115662,0.03128984570503235,0.03231698274612427
f214_q75,0.3718342020352445,1.1277506914522036e-06,1.7863193306766334e-06,8.2946019119845e-07,9.568591394781834e-07
f346_q75,0.3716952097294614,1.1402144639042055e-06,4.399025783641264e-07,2.162899477298197e-07,2.236126306343067e-07
f251_mean,0.37160585753288655,1.1484903251486092e-06,6.519387252268416e-10,3.2072411393357925e-10,3.3121461129326235e-10
f424_std,0.37156614544551997,1.1526061517998799e-06,0.007352225948125124,0.0034173864405602217,0.003934839507564902
f430_std,0.37151650533631175,1.1570392564290417e-06,0.00016046238306444138,7.823107443982735e-05,8.223130862461403e-05
f160_mean,0.3714668652271035,1.1611220188296106e-06,6.658506026724353e-05,4.543189788819291e-05,2.1153162379050627e-05
f389_std,0.3714271531397369,1.1654574134669264e-06,1.1969738807238173e-05,4.904559318674728e-06,7.0651794885634445e-06
f432_mean,0.37124844874658725,1.1801424151857653e-06,1.6316963638018933e-06,1.0060563226943486e-06,6.256400411075447e-07
f368_q75,0.3711392405063291,1.1913102728679544e-06,5.530085278593333e-10,2.5982421769654707e-10,2.9318431016278623e-10
f280_std,0.3711094564408042,1.1936801309489687e-06,0.05240867659449577,0.033440351486206055,0.01896832510828972
f160_q25,0.3709605361131795,1.2086010402003662e-06,5.711029371013865e-05,4.210323459119536e-05,1.5007059118943289e-05
f343_q25,0.3709108960039712,1.2131903561998702e-06,3.211611954156979e-07,1.893606622616062e-07,1.3180053315409168e-07
f156_q25,0.3708711839166046,1.2175199129993174e-06,2.7731428417610005e-05,1.9005326976184733e-05,8.726101441425271e-06
f116_std,0.37083147182923804,1.2210935714236324e-06,6.634812962147407e-06,1.9925025753764203e-06,4.642310386770987e-06
f152_std,0.3707421196326632,1.2283755395600388e-06,7.460308552253991e-06,2.5751789962669136e-06,4.885129555987078e-06
f184_std,0.3705634152395135,1.2443489933779207e-06,0.04080333560705185,0.01775260455906391,0.023050731047987938
f73_q75,0.3705534872176719,1.2487412818199685e-06,1.5373452511013852e-10,7.603366547481727e-11,7.770085963532125e-11
f160_q75,0.3705435591958302,1.248968027452253e-06,7.401805487461388e-05,4.852059646509588e-05,2.5497458409518003e-05
f251_std,0.3701365103003227,1.2905325073046223e-06,4.895381877645377e-10,1.0222257762482201e-10,3.873156101397157e-10
f153_std,0.3701365103003227,1.2905325073046223e-06,6.896224476804491e-06,2.3525278720626375e-06,4.543696604741854e-06
f154_q50,0.3700372300819062,1.2998896370694989e-06,0.0001318733993684873,9.301432874053717e-05,3.885907062795013e-05
f178_q75,0.3697294614048151,1.3305893349091224e-06,0.798275351524353,0.7206632494926453,0.07761210203170776
f461_std,0.3696301811863986,1.343078696553888e-06,3.047863073035728e-10,7.004440083502317e-11,2.3474190646854964e-10
f132_std,0.3695011169024572,1.3537698147501703e-06,6.018108251737431e-05,1.9010791220352985e-05,4.117029129702132e-05
f411_std,0.36949118888061555,1.35772245718182e-06,4.939625341648934e-06,1.8208230585514684e-06,3.118802283097466e-06
f23_q50,0.3693521965748325,1.372500407246081e-06,0.03109445609152317,0.01858765073120594,0.01250680536031723
f346_q50,0.3693025564656242,1.3774216964579546e-06,2.961299685466656e-07,1.9974223164354044e-07,9.638773690312519e-08
f254_q75,0.36902457185405807,1.4077848717753189e-06,1.4599148279170748e-10,7.396663836978234e-11,7.202484442192514e-11
f105_std,0.3688458674609084,1.4282503479376806e-06,6.108130492066266e-06,1.874111262623046e-06,4.23401922944322e-06
f180_std,0.368716803176967,1.440952123304415e-06,0.042291078716516495,0.016251370310783386,0.02603970840573311
f155_q25,0.3685678828493423,1.459480558685328e-06,0.0001009744155453518,7.977896166266873e-05,2.119545388268307e-05
f23_std,0.36833953834698435,1.4861731621631806e-06,0.008613750338554382,0.0018551243701949716,0.006758625968359411
f104_std,0.36829982625961777,1.4905307968789467e-06,6.5785288825281896e-06,1.9950311980210245e-06,4.583497684507165e-06
f189_std,0.36825018615040955,1.497038547492111e-06,0.00030788625008426607,0.00012317193613853306,0.000184714313945733
f153_q25,0.3682005460412013,1.5023011553917081e-06,2.1078401914564893e-05,1.696835352049675e-05,4.110048394068144e-06
f316_mean,0.36815090593199307,1.5077865907294684e-06,2.764728014881257e-05,1.9353832612978294e-05,8.293447535834275e-06
f213_q75,0.3680615537354182,1.518621784152891e-06,4.3740763544519723e-07,2.2838773361399944e-07,2.0901990183119779e-07
f210_q50,0.3680615537354182,1.518621784152891e-06,2.6650482709555945e-07,2.1132684935309953e-07,5.5177977742459916e-08
f346_mean,0.36778356912385207,1.5518766096416953e-06,3.44220808301543e-07,1.9915098903311446e-07,1.4506981926842855e-07
f153_mean,0.36755522462149415,1.5800621265880066e-06,2.5779512725421228e-05,1.846336090238765e-05,7.316151823033579e-06
f111_std,0.3673765202283445,1.6030780820901974e-06,2.131141485506305e-09,5.42753231247417e-10,1.5883882542588879e-09
f370_mean,0.3673765202283445,1.6030780820901974e-06,0.21008789539337158,0.22829163074493408,0.0182037353515625
f160_std,0.36719781583519484,1.623143006487633e-06,1.3775361367152072e-05,5.277051968732849e-06,8.498309398419224e-06
f105_q50,0.36713824770414494,1.6321908054129275e-06,2.310095624125097e-05,1.8073367755278014e-05,5.027588485972956e-06
f31_std,0.3666914867212708,1.6886474244189813e-06,4.072532647114713e-06,1.2591146969498368e-06,2.813417950164876e-06
f57_q50,0.3666319185902209,1.6980337192770205e-06,2.8714299560306245e-07,2.1883012379930733e-07,6.831287180375512e-08
f158_q75,0.3666319185902209,1.6980337192770205e-06,1.65706587722525e-05,1.0498557458049618e-05,6.072101314202882e-06
f140_std,0.3665922065028543,1.7042535244826024e-06,0.0023017756175249815,0.00047939977957867086,0.0018223758379463106
f159_q50,0.3665425663936461,1.7101845605159206e-06,1.230137513630325e-05,8.898409760149661e-06,3.4029653761535883e-06
f364_std,0.36631422189128815,1.7412543716907096e-06,7.863931034135518e-11,1.232026199809999e-11,6.63190483432552e-11
f143_std,0.36622486969471335,1.7538933213550862e-06,0.007982604205608368,0.0016503897495567799,0.006332214456051588
f108_std,0.3661851576073467,1.7566871766643842e-06,1.7393062545778548e-09,4.934935793343698e-10,1.245812675243485e-09
f251_q25,0.36612558947629686,1.7664239846272623e-06,2.935791887370698e-10,2.5234989098343874e-10,4.1229297753631045e-11
f167_std,0.3660858773889303,1.772880303577997e-06,0.11873549222946167,0.05186038091778755,0.06687511131167412
f320_q25,0.36589724497393894,1.7982855957150306e-06,5.580645665759221e-05,4.223446376272477e-05,1.3571992894867435e-05
f404_std,0.3658178207992058,1.8070091218250353e-06,9.045810293173417e-05,3.334384018671699e-05,5.7114262745017186e-05
f88_std,0.36549019607843136,1.8570392804277393e-06,0.01632985845208168,0.011492827907204628,0.004837030544877052
f76_std,0.36544055596922315,1.864024128120836e-06,1.278717132180418e-10,3.013795810136166e-11,9.773375511668014e-11
f210_q25,0.3653909158600149,1.8705488155997536e-06,2.0224440788751963e-07,1.861568108552092e-07,1.608759703231044e-08
f396_std,0.3653611317944899,1.870791597024871e-06,1.7333042706013657e-05,6.176592250994872e-06,1.1156450455018785e-05
f474_std,0.3653015636634401,1.8840756583088006e-06,0.011180791072547436,0.0065435487776994705,0.004637242294847965
f247_q25,0.3652519235542318,1.8907711347507861e-06,7.378959943071806e-11,7.383767208768433e-11,4.807265696626928e-14
f105_q25,0.3652519235542318,1.8907711347507861e-06,1.9338402125868015e-05,1.6969455828075297e-05,2.368946297792718e-06
f117_q50,0.36511293124844874,1.911226158113583e-06,2.31906942644855e-05,1.819529279600829e-05,4.995401468477212e-06
f436_mean,0.36432861752295853,2.0309747793038974e-06,3.2826585538714426e-07,1.9236505011122063e-07,1.3590080527592363e-07
f188_std,0.36428890543559195,2.0381106786136305e-06,0.0003325488360133022,0.00012970231182407588,0.00020284652418922633
f366_q75,0.36418962521717546,2.0528388413617346e-06,1.3112719243757454e-10,7.602794088734655e-11,5.509925155022799e-11
f454_q50,0.36410027302060066,2.067390118482858e-06,1.1861488180553437e-10,7.981024868763953e-11,3.880463311789484e-11
f364_q75,0.3640506329113924,2.0748891057748827e-06,2.03909139573355e-10,9.513648202563729e-11,1.087726575477177e-10
f292_q75,0.3639612807148176,2.089677842967355e-06,2.8379052309901454e-05,1.9582343156798743e-05,8.79670915310271e-06
f119_std,0.36383221643087615,2.112034606829293e-06,2.1480889699887484e-05,7.313175046874676e-06,1.4167714653012808e-05
f271_q50,0.3637825763216679,2.1195931407882574e-06,0.08585268259048462,0.058624543249607086,0.027228139340877533
f405_std,0.36341523951352694,2.1808767931588514e-06,0.0015571145340800285,0.00048545413301326334,0.0010716604010667652
f45_std,0.36341523951352694,2.1808767931588514e-06,0.0009149877587333322,0.00039344679680652916,0.000521540961926803
f316_q25,0.3633655994043187,2.188485765267569e-06,2.3914426492410712e-05,1.8640705093275756e-05,5.273721399134956e-06
f248_q25,0.36331595929511046,2.196498278758064e-06,6.959760545655058e-11,6.801367108399958e-11,1.5839343725509991e-12
f146_q75,0.363186895011169,2.220023847262433e-06,60.89170837402344,47.75027084350586,13.141437530517578
f107_std,0.362819558203028,2.2838852794586564e-06,2.1217721950961277e-05,7.307650321308756e-06,1.391007162965252e-05
f390_q75,0.36277984611566144,2.286750804778498e-06,2.1858710397282266e-09,1.2443893693259156e-09,9.41481670402311e-10
f423_std,0.3627699180938198,2.292039611989877e-06,0.01578107848763466,0.00760686257854104,0.008174215909093618
f139_std,0.36268056589724496,2.3084660273325613e-06,0.0033592486288398504,0.0006825511227361858,0.0026766975061036646
f417_std,0.3625515016133036,2.326002425212814e-06,0.04409947246313095,0.017825832590460777,0.026273639872670174
f422_std,0.3625415735914619,2.3331858562812093e-06,0.00738439941778779,0.004376498982310295,0.003007900435477495
f364_q25,0.36230330106726233,2.3749294495249786e-06,9.905627706974229e-11,7.831563869631353e-11,2.0740638373428766e-11
f23_q25,0.36226358897989575,2.3832358422907213e-06,0.02697625197470188,0.01755138300359249,0.00942486897110939
f28_std,0.36217423678332095,2.4002846054303195e-06,8.243580850830767e-06,2.617618974909419e-06,5.625961875921348e-06
f23_q75,0.3621245966741127,2.408643807317812e-06,0.037060026079416275,0.019835103303194046,0.01722492277622223
f408_std,0.3620352444775379,2.425947650216937e-06,6.485504627227783,2.878415107727051,3.6070895195007324
f256_mean,0.3617969719533383,2.469282281503426e-06,4.351451143858043e-10,2.2996030080157936e-10,2.051848135842249e-10
f117_q25,0.36170761975676347,2.4866377313360733e-06,1.940741640282795e-05,1.7086022126022726e-05,2.321394276805222e-06
f307_q50,0.3614296351451973,2.5400979075524164e-06,0.00016847977531142533,0.00012782443081960082,4.065534449182451e-05
f58_std,0.36138992305783074,2.5490885789369867e-06,2.404983376891323e-07,4.8967169874458705e-08,1.915311678146736e-07
f155_mean,0.36134028294862247,2.5579508207503346e-06,0.00011931722838198766,8.609724318375811e-05,3.321998519822955e-05
f311_q75,0.3612211466865227,2.5762019574765465e-06,0.03471769765019417,0.018755752593278885,0.015961945056915283
f57_q25,0.3612012906428394,2.585248257541854e-06,2.168445689676446e-07,1.9305700504901324e-07,2.378756391863135e-08
f294_q75,0.3612012906428394,2.585248257541854e-06,5.865852248376768e-09,3.1593268001728347e-09,2.7065254482039336e-09
f275_q75,0.3611119384462646,2.60356806495095e-06,0.3021492660045624,0.22777940332889557,0.07436986267566681
f457_std,0.36107222635889796,2.61194980245972e-06,5.239125452916049e-11,1.4293044178770309e-11,3.809821035039018e-11
f282_q75,0.3610126582278481,2.622208990153221e-06,0.06716437637805939,0.046917520463466644,0.020246855914592743
f276_q50,0.36097294614048153,2.631260033315885e-06,0.09924590587615967,0.08185195177793503,0.01739395409822464
f308_q50,0.36092330603127326,2.640735465861169e-06,0.000732865824829787,0.0005557778640650213,0.00017708796076476574
f168_std,0.3608835939439067,2.6500676293789524e-06,0.02986173704266548,0.01516213919967413,0.014699597842991352
f210_std,0.3607942417473318,2.6687114570238485e-06,1.700189642406258e-07,4.4087755668442696e-08,1.259312085721831e-07
f346_q25,0.3607843137254902,2.6688924963938427e-06,2.1754141243945924e-07,1.8209796337487205e-07,3.5443449064587185e-08
f117_std,0.3607446016381236,2.678195608400677e-06,6.148723969090497e-06,1.875629664027656e-06,4.273094305062841e-06
f226_q75,0.3604368329610325,2.735555616857523e-06,8.143150580508518e-07,4.3764669044321636e-07,3.7666836760763545e-07
f298_q75,0.3604169769173492,2.7451923601728284e-06,2.8610158551600762e-05,1.9724058802239597e-05,8.886099749361165e-06
f120_std,0.3603871928518243,2.74750883419223e-06,2.9599010304082185e-05,9.935460184351541e-06,1.9663550119730644e-05
f273_q75,0.36023827252419954,2.7840751575366345e-06,0.08240490406751633,0.06793375313282013,0.014471150934696198
f118_std,0.36019856043683296,2.792171646262119e-06,2.20293859456433e-05,7.903866389824543e-06,1.4125519555818755e-05
f311_std,0.36014892032762474,2.8038456047506224e-06,0.006511772982776165,0.0009310152381658554,0.00558075774461031
f252_q75,0.36013899230578306,2.8039012080729796e-06,1.291608348052975e-10,7.805547874717433e-11,5.1105356058123164e-11
f55_q50,0.3600099280218417,2.8336370180433843e-06,4.338986343555007e-07,2.2532269383646053e-07,2.0857594051904016e-07
f308_mean,0.3599106478034252,2.853606741256809e-06,0.0007344071636907756,0.000555471342522651,0.00017893582116812468
f313_q75,0.3595532390171258,2.933955908280734e-06,59.02931213378906,47.63572692871094,11.393585205078125
f64_q75,0.35932489451476796,2.984084124843824e-06,2.3689824502071133e-07,1.1957665435602394e-07,1.1732159066468739e-07
f301_q75,0.35926532638371805,2.997592106864199e-06,0.00010580436355667189,7.631552580278367e-05,2.948883775388822e-05
f163_std,0.3591859022089849,3.0167407238984215e-06,0.09346188604831696,0.02746780961751938,0.06599407643079758
f300_q75,0.3591759741871432,3.0185306351828103e-06,0.0001906503166537732,0.00013530511932913214,5.534519732464105e-05
f309_std,0.35895755770662696,3.0678323273508603e-06,0.0028499597683548927,0.00040495823486708105,0.0024450015334878117
f64_q25,0.35894762968478533,3.0719194724571904e-06,1.134449334472265e-07,8.87841622443375e-08,2.466077120288901e-08
f364_q50,0.35889798957557706,3.0828843770906674e-06,1.3480863647608032e-10,8.693046976704366e-11,4.787816670903666e-11
f101_std,0.3588582774882105,3.093711777941223e-06,5.214986231294461e-06,1.9670439996843925e-06,3.247942231610068e-06
f136_std,0.3588185654008439,3.1015403487950676e-06,0.000151377433212474,5.3491578000830486e-05,9.78858552116435e-05
f306_q75,0.35866964507321913,3.1372750516111426e-06,0.00037839679862372577,0.0002644095220603049,0.00011398727656342089
f214_std,0.35854058078927775,3.169422152566744e-06,9.12602160951792e-07,1.8228685405574652e-07,7.303153068960455e-07
f319_mean,0.35853065276743606,3.1704900383294908e-06,1.362099101243075e-05,9.386660167365335e-06,4.234330845065415e-06
f57_mean,0.35853065276743606,3.1704900383294908e-06,3.374148036527913e-07,2.2324223891700967e-07,1.1417256473578163e-07
f367_q75,0.35848101265822785,3.1817369996555108e-06,1.500302937440523e-10,7.257713180441883e-11,7.745316193963347e-11
f156_std,0.3583618763961281,3.2068430689151445e-06,4.6717614168301225e-06,1.5092628018464893e-06,3.162498614983633e-06
f0_q75,0.3582625961777116,3.237714886588063e-06,1.2715715911326697e-06,5.23357130077784e-07,7.482144610548858e-07
f312_std,0.35821295606850334,3.249155661224216e-06,11.269564628601074,2.2752833366394043,8.99428129196167
f368_q50,0.35811367585008685,3.272123443150642e-06,3.354367894559118e-10,2.3629231904465087e-10,9.914447041126095e-11
f161_q25,0.35807396376272027,3.2833798391682716e-06,5.0128568545915186e-05,3.8955975469434634e-05,1.1172593076480553e-05
f161_mean,0.3579349714569372,3.3179802125676646e-06,5.904106728849001e-05,4.19737261836417e-05,1.706734110484831e-05
f307_q75,0.357885331347729,3.3297709816311246e-06,0.00019053876167163253,0.0001321233285125345,5.841543315909803e-05
f181_std,0.3577066269545793,3.3765774194410373e-06,0.038271304219961166,0.01403005514293909,0.024241249077022076
f317_q25,0.357517994539588,3.4240945607239562e-06,0.00011302268103463575,8.669787348480895e-05,2.63248075498268e-05
f249_q50,0.35742864234301314,3.447990495121831e-06,1.2149319050802632e-10,8.19805404117524e-11,3.9512650096273916e-11
f364_mean,0.3573790022338049,3.4602160843908907e-06,1.575647806673075e-10,8.681903806984081e-11,7.074574259746669e-11
f445_std,0.35733929014643834,3.472313655705924e-06,1.1167708890980066e-07,2.581013447411351e-08,8.586695443568715e-08
f475_std,0.35720029784065527,3.5087825631698523e-06,0.00708503182977438,0.005592512432485819,0.0014925193972885609
f307_mean,0.35687267311988086,3.59555242703116e-06,0.0001691893849056214,0.0001278543786611408,4.133500624448061e-05
f421_std,0.3567436088359394,3.6331474385133912e-06,0.006996730342507362,0.003508932888507843,0.0034877974539995193
f91_std,0.3566939687267312,3.6459420839982063e-06,0.012894397601485252,0.009654547087848186,0.003239850513637066
f77_mean,0.35650533631173986,3.6970834858304165e-06,6.274604169576037e-10,3.5019701027927397e-10,2.772634066783297e-10
f470_q75,0.35641598411516506,3.7228131724702537e-06,0.08985894173383713,0.07520401477813721,0.01465492695569992
f442_std,0.3563266319185902,3.7489773713518717e-06,1.237242344132028e-07,2.9305194715334437e-08,9.441903969786836e-08
f318_q75,0.356276991809382,3.7618806957244303e-06,3.183017179253511e-05,1.9848954252665862e-05,1.1981217539869249e-05
f366_q50,0.3562273517001737,3.7752034028668655e-06,8.308396332035173e-11,6.990135553719412e-11,1.3182607783157607e-11
f64_q50,0.35618763961280714,3.788232754240124e-06,1.5501012740060105e-07,1.0172585973577952e-07,5.328426766482153e-08
f303_q25,0.3561379995035989,3.801372587560923e-06,-0.000188422913197428,-0.00012915859406348318,5.926431913394481e-05
f242_std,0.35609828741623234,3.814738948906304e-06,9.068529954747717e-11,2.235836689401527e-11,6.83269326534619e-11
f145_std,0.3558699429138744,3.880969212477274e-06,14.096590995788574,4.308681964874268,9.787909030914307
f244_std,0.3556415984115165,3.947197326455033e-06,3.6109859546940015e-10,8.519749489233064e-11,2.759011005770695e-10
f153_q75,0.35526433358153386,4.060597759764208e-06,2.96784801321337e-05,1.9844124835799448e-05,9.834355296334252e-06
f315_q75,0.35526433358153386,4.060597759764208e-06,6.441224832087755e-05,4.028851617476903e-05,2.4123732146108523e-05
f155_q75,0.35526433358153386,4.060597759764208e-06,0.00013437907909974456,9.194928134093061e-05,4.242979775881395e-05
f366_mean,0.35521469347232565,4.074911600005395e-06,1.0373126663187904e-10,6.996092594135916e-11,3.3770340690519873e-11
f419_std,0.3551352692975925,4.100735312069422e-06,0.06477148830890656,0.03263896703720093,0.03213252127170563
f315_mean,0.355035989079176,4.131621091123445e-06,5.9694408264476806e-05,3.9323713281191885e-05,2.037069498328492e-05
f57_q75,0.3549863489699677,4.146019274556841e-06,4.1234488890040666e-07,2.521832414004166e-07,1.6016164749999007e-07
f150_std,0.3548175725986597,4.193252641483247e-06,9.42260794545291e-06,3.089402071054792e-06,6.333205874398118e-06
f320_mean,0.35475800446760986,4.218352243920452e-06,6.267884600674734e-05,4.366554640000686e-05,1.9013299606740475e-05
f254_mean,0.3547083643584016,4.2331877672375866e-06,1.171890640083717e-10,6.36758701322293e-11,5.3513193876142395e-11
f282_mean,0.3545693720526185,4.2773892368626466e-06,0.0541822612285614,0.043045151978731155,0.011137109249830246
f384_std,0.3544403077686771,4.321978044766152e-06,8.535436109013972e-07,2.4126453013195714e-07,6.1227908076944e-07
f55_q75,0.3543112434847357,4.355965331912839e-06,6.118183932812826e-07,2.649935026965977e-07,3.468248905846849e-07
f366_q25,0.3542020352444775,4.397344676436347e-06,6.152692244576485e-11,6.421759651820125e-11,2.6906740724363942e-12
f293_q50,0.3542020352444775,4.397344676436347e-06,0.00010850231774384156,8.199556032195687e-05,2.6506757421884686e-05
f107_q25,0.3541126830479027,4.427667249739786e-06,8.852323662722483e-05,7.393208215944469e-05,1.4591154467780143e-05
f26_q75,0.35407297096053614,4.443100252532774e-06,294.61273193359375,239.7979736328125,54.81475830078125
f142_q25,0.35393397865475307,4.489430890742851e-06,0.02593553625047207,0.016930539160966873,0.009004997089505196
f308_q75,0.3538346984363366,4.520489035741094e-06,0.0008104671724140644,0.0005727132083848119,0.00023775396402925253
f159_mean,0.3537453462397617,4.55165615504185e-06,1.2675097423198167e-05,8.978357072919607e-06,3.69674035027856e-06
f288_q75,0.3536162819558203,4.596445106555952e-06,5.765722903561254e-07,3.887838033733715e-07,1.8778848698275397e-07
f315_q50,0.3535170017374038,4.630883318063188e-06,5.9871337725780904e-05,3.936595385312103e-05,2.0505383872659877e-05
f77_std,0.353427649540829,4.663088845463882e-06,5.090798893547799e-10,1.1265955529582428e-10,3.964203340589556e-10
f64_mean,0.3533879374534624,4.673095871499172e-06,1.9607615797667677e-07,1.0527810445637442e-07,9.079805352030235e-08
f292_mean,0.3533283693224125,4.695297189533644e-06,2.5338546038256027e-05,1.895194873213768e-05,6.386597306118347e-06
f161_q75,0.35323901712583766,4.727627064470127e-06,6.642151856794953e-05,4.477096445043571e-05,2.165055411751382e-05
f346_std,0.353060312732688,4.793344602701163e-06,1.746642794842046e-07,2.5052786511992053e-08,1.4961149297221255e-07
f368_mean,0.3529113924050633,4.843185993229714e-06,4.25420781935415e-10,2.368917839667972e-10,1.8852899796861777e-10
f191_std,0.352692975924547,4.926893579267952e-06,0.0009179660701192915,0.00030895305098965764,0.0006090130191296339
f367_q50,0.3526830479027054,4.927213636376221e-06,9.085341506898104e-11,6.630145737984705e-11,2.4551957689133985e-11
f260_mean,0.35265326383718043,4.933739205085918e-06,0.2160647213459015,0.23408803343772888,0.018023312091827393
f23_mean,0.3526433358153388,4.944089569635661e-06,0.03282318636775017,0.01874927058815956,0.014073915779590607
f113_q25,0.3525936957061305,4.961054391764387e-06,1.2406732530223508e-08,9.887329177615811e-09,2.5194033526076964e-09
f409_std,0.35251427153139736,4.98696490455134e-06,3.6748201847076416,1.811730146408081,1.8630900382995605
f57_std,0.3523256391164061,5.063724937448906e-06,1.771901168012846e-07,4.485012539134914e-08,1.3233999140993546e-07
f186_std,0.3522759990071978,5.0819837830771875e-06,0.0009359080577269197,0.0004069455899298191,0.0005289624677971005
f426_std,0.35213700670141473,5.134549889622579e-06,0.02022835798561573,0.009371993131935596,0.010856364853680134
f77_q50,0.3520873665922065,5.152140102993941e-06,4.4604098192735364e-10,3.3053013104300533e-10,1.1551085088434832e-10
f148_q75,0.35204765450483994,5.169945262065156e-06,295.7843017578125,242.05316162109375,53.73114013671875
f175_std,0.351819310002482,5.258586760825337e-06,0.03475179150700569,0.011973314918577671,0.02277847658842802
f248_q50,0.3517200297840655,5.295494473599825e-06,1.1040345027080178e-10,8.092312236973598e-11,2.9480327901065806e-11
f106_std,0.3515909655001241,5.347288030377134e-06,2.175325971620623e-05,7.917608854768332e-06,1.3835650861437898e-05
f159_std,0.35154132539091587,5.368712650344135e-06,3.4135550777136814e-06,1.1280063745289226e-06,2.2855487031847588e-06
f368_q25,0.35153139736907424,5.368815857750948e-06,2.389613784625766e-10,2.1517708448381967e-10,2.378429397875692e-11
f159_q75,0.3514916852817076,5.387074655466783e-06,1.460709700040752e-05,9.639690688345581e-06,4.967406312061939e-06
f275_mean,0.3514916852817076,5.387074655466783e-06,0.2734876871109009,0.20927202701568604,0.06421566009521484
f319_q25,0.35135269297592453,5.442693282139862e-06,1.1755131708923727e-05,9.04819717106875e-06,2.706934537854977e-06
f59_q25,0.3513030528667163,5.461482925037558e-06,7.470121659025608e-07,6.386155746440636e-07,1.0839659125849721e-07
f399_mean,0.35122362869198315,5.494136697017428e-06,3.317082882858813e-05,2.383019818807952e-05,9.340630640508607e-06
f427_std,0.35112434847356666,5.536758949800788e-06,0.0067659588530659676,0.003551180474460125,0.0032147783786058426
f119_q25,0.3510747083643584,5.555665774701926e-06,8.877710934029892e-05,7.446358358720317e-05,1.4313525753095746e-05
f318_mean,0.3509853561677836,5.5938336685626114e-06,2.9550194085459225e-05,1.9380473531782627e-05,1.0169720553676598e-05
f318_q50,0.3509853561677836,5.5938336685626114e-06,2.964576196973212e-05,1.939901449077297e-05,1.024674747895915e-05
f254_q50,0.3509357160585753,5.613023538946187e-06,8.035670739925393e-11,5.975920452927497e-11,2.0597502869978968e-11
f226_q25,0.3508066517746339,5.6700653379616755e-06,3.968058024383936e-07,3.270691593115771e-07,6.973664312681649e-08
f25_q75,0.3506676594688508,5.729100260134589e-06,60.93367004394531,47.89117431640625,13.042495727539062
f367_mean,0.3506577314470092,5.7294687542499856e-06,1.145697772764187e-10,6.640218236375617e-11,4.816759491266254e-11
f252_mean,0.3506577314470092,5.7294687542499856e-06,1.0931935912061874e-10,6.816059522352091e-11,4.115876389709783e-11
f226_mean,0.3506180193596426,5.749006968947763e-06,6.727796062477864e-07,3.8700568438798655e-07,2.857739218597999e-07
f460_std,0.3506180193596426,5.749006968947763e-06,7.687924602484131e-11,1.899889447154468e-11,5.788035155329663e-11
f226_q50,0.3506180193596426,5.749006968947763e-06,5.415735699898505e-07,3.7322215007407067e-07,1.6835141991577984e-07
f256_q50,0.35042938694465126,5.828062393419972e-06,2.881184180125729e-10,2.1551503637251557e-10,7.260338164005731e-11
f293_mean,0.35042938694465126,5.828062393419972e-06,0.00010916500468738377,8.186841296264902e-05,2.7296591724734753e-05
f111_q50,0.35042938694465126,5.828062393419972e-06,4.394797858964239e-09,2.9637141629734742e-09,1.4310836959907647e-09
f256_q25,0.3502903946388682,5.888119710624145e-06,1.7582864331178172e-10,1.7873393043377206e-10,2.905287121990341e-12
f298_mean,0.3502903946388682,5.888119710624145e-06,2.5509052647976205e-05,1.9087636246695183e-05,6.4214164012810215e-06
f406_std,0.3502506825515016,5.908294046312711e-06,0.001096578547731042,0.0003152717836201191,0.0007813067641109228
f122_std,0.35011169024571853,5.969030607268766e-06,2.226364449597895e-05,7.751496923447121e-06,1.451214757253183e-05
f111_q25,0.3500620501365103,5.9893466299448145e-06,3.1476135031738295e-09,2.642919216810924e-09,5.046942863629056e-10
f291_q75,0.3500620501365103,5.9893466299448145e-06,5.653077460010536e-05,3.7704496207879856e-05,1.8826278392225504e-05
f276_mean,0.3498337056341524,6.092330978998834e-06,0.10148236900568008,0.08284402638673782,0.01863834261894226
f138_std,0.34974435343757754,6.134140111905521e-06,0.003540904028341174,0.0007868042448535562,0.002754099783487618
f85_q25,0.34923802432365353,6.368234741633961e-06,0.10884249210357666,0.07174257189035416,0.037099920213222504
f249_q75,0.34923802432365353,6.368234741633961e-06,2.0030657688074882e-10,9.964028907516465e-11,1.0066628780558418e-10
f433_q75,0.3491089600397121,6.420474769998325e-06,2.8880065201519756e-06,1.5998216440493707e-06,1.288184876102605e-06
f102_q75,0.3490493919086622,6.455320254160123e-06,6.020938963047229e-05,3.964611823903397e-05,2.056327139143832e-05
f437_q75,0.3490096798212956,6.477351990055062e-06,1.7546923345435061e-06,8.42002009449061e-07,9.126903250944451e-07
f370_q75,0.34892032762472075,6.519475922728582e-06,0.2199418991804123,0.23207569122314453,0.012133792042732239
f302_q50,0.3489103996028791,6.521518227007107e-06,0.0004191771149635315,0.0003205377724952996,9.863934246823192e-05
f291_q25,0.3488210474063043,6.5659668883399665e-06,4.826151052839123e-05,3.597431714297272e-05,1.2287193385418504e-05
f293_q75,0.34877140729709605,6.588384176886739e-06,0.00012009995407424867,8.439369412371889e-05,3.5706259950529784e-05
f42_std,0.3485927029039464,6.6785067730482525e-06,0.04047499969601631,0.01561941858381033,0.024855581112205982
f254_q25,0.3485430627947381,6.701123609278371e-06,4.8548737946463305e-11,4.936525840881778e-11,8.165204623544753e-13
f165_q75,0.3485132787292132,6.704018100858403e-06,0.33687886595726013,0.30045703053474426,0.03642183542251587
f107_q50,0.34840407048895505,6.769726319321424e-06,0.00010239754192298278,7.837472367100418e-05,2.4022818251978606e-05
f142_q50,0.34836435840158847,6.792856714967059e-06,0.030172137543559074,0.017948739230632782,0.012223398312926292
f297_q25,0.34831471829238025,6.815801981343011e-06,4.856091982219368e-05,3.618194386945106e-05,1.2378975952742621e-05
f123_std,0.34808637379002233,6.932429954628032e-06,2.2190602976479568e-05,7.147684300434776e-06,1.5042918676044792e-05
f55_mean,0.34804666170265575,6.952111438188661e-06,4.934606181450363e-07,2.316604224006369e-07,2.618001957443994e-07
f113_q50,0.34789774137503104,7.026957306330298e-06,1.6579599915189647e-08,1.1141069400366632e-08,5.4385305148230145e-09
f302_mean,0.34789774137503104,7.026957306330298e-06,0.00042038888204842806,0.000320620893035084,9.976798901334405e-05
f348_q25,0.3478083891784562,7.07471654131015e-06,1.6576204586726817e-07,1.8140870849947532e-07,1.5646662632207153e-08
f315_q25,0.3478083891784562,7.07471654131015e-06,5.493293792824261e-05,3.842282239929773e-05,1.651011552894488e-05
f370_q50,0.3477686770910896,7.097662419083513e-06,0.2101220190525055,0.2283676564693451,0.0182456374168396
f297_q75,0.3476693968726731,7.146927283259383e-06,5.69622206967324e-05,3.792107236222364e-05,1.9041148334508762e-05
f43_std,0.34758004467609827,7.1955737994816675e-06,0.014069819822907448,0.005831520073115826,0.008238299749791622
f292_q25,0.34753040456689005,7.219858753396368e-06,2.2140620785648935e-05,1.835213515732903e-05,3.788485628319904e-06
f453_q50,0.347391412261107,7.293522655077514e-06,6.462903129333952e-11,5.7415617399358965e-11,7.213413893980558e-12
f298_q25,0.347024075452966,7.4934181192385485e-06,2.2251935661188327e-05,1.8482185623724945e-05,3.769750037463382e-06
f248_q75,0.3468850831471829,7.569743963545237e-06,2.0180050686047224e-10,9.803995809631871e-11,1.0376054876415353e-10
f431_q75,0.3467560188632415,7.645658396173283e-06,0.0012720683589577675,0.0009684192482382059,0.0003036491107195616
f301_mean,0.34674609084139985,7.646838031108457e-06,9.489201329415664e-05,7.394843123620376e-05,2.094358205795288e-05
f301_q50,0.34674609084139985,7.646838031108457e-06,9.423104347661138e-05,7.395735156023875e-05,2.0273691916372627e-05
f169_std,0.3465673864482502,7.750805475548475e-06,0.02939373441040516,0.012865189462900162,0.016528544947504997
f299_q50,0.3461007694216927,8.016493129728665e-06,0.00010905795352300629,8.262709161499515e-05,2.643086190801114e-05
f353_q75,0.3460312732688012,8.043734956093988e-06,7.950487201924261e-07,4.3691773043974536e-07,3.5813098975268076e-07
f114_q75,0.3460114172251179,8.070566583830936e-06,6.067205322324298e-05,3.9876325899967924e-05,2.079572732327506e-05
f90_std,0.34555472822040206,8.346870946922571e-06,0.021900072693824768,0.010938589461147785,0.010961483232676983
f134_std,0.34555472822040206,8.346870946922571e-06,4.255395833752118e-05,1.3542925444198772e-05,2.9011032893322408e-05
f59_q50,0.3453660958054108,8.459718101288407e-06,1.1485213917694637e-06,7.387532150460174e-07,4.0976817672344623e-07
f318_q25,0.3452767436088359,8.516810503084968e-06,2.71843728114618e-05,1.8941676898975857e-05,8.242695912485942e-06
f108_q75,0.34513775130305285,8.603021933138508e-06,6.3277876272138656e-09,3.4209788335459734e-09,2.906808793667892e-09
f159_q25,0.344909406800695,8.748700347156328e-06,1.0361278327764012e-05,8.255169632320758e-06,2.106108695443254e-06
f212_std,0.34482005460412013,8.807632500100757e-06,2.354350669975247e-07,4.9632362220108917e-08,1.8580270477741578e-07
f378_q25,0.3446314221891288,8.926454082611195e-06,0.09029293060302734,0.07930739969015121,0.01098553091287613
f187_std,0.344542069992554,8.986614801437887e-06,0.000876318197697401,0.0003451139200478792,0.0005312042776495218
f75_q25,0.3444924298833457,9.016627942401822e-06,8.19464426871086e-11,8.025787673338058e-11,1.6885659537280162e-12
f459_std,0.3440357408786299,9.323805653087977e-06,4.856535312791621e-11,1.5364043370880154e-11,3.320130975703606e-11
f249_mean,0.34393646066021344,9.386363465546027e-06,1.5985734957979503e-10,8.694227976446811e-11,7.291506981532692e-11
f77_q75,0.34384710846363864,9.449212174281395e-06,8.160718212302243e-10,4.0085540442547085e-10,4.152164168047534e-10
f119_q50,0.34384710846363864,9.449212174281395e-06,0.00010275367822032422,7.892307621659711e-05,2.3830602003727108e-05
f173_std,0.34366840407048893,9.57660898596805e-06,0.014404909685254097,0.006646390538662672,0.007758519146591425
f60_mean,0.3436187639612807,9.60852203206424e-06,3.0361016456481593e-07,1.9227579173275444e-07,1.1133437283206149e-07
f348_q75,0.3436187639612807,9.60852203206424e-06,3.419437177853979e-07,2.1162341568015108e-07,1.303203021052468e-07
f225_mean,0.34352941176470586,9.673067783195849e-06,1.611990256833451e-07,1.1252997467181558e-07,4.866905101152952e-08
f275_q50,0.3432514271531397,9.868729132535808e-06,0.2642693519592285,0.20552374422550201,0.0587456077337265
f299_q75,0.3432017870439315,9.901617502291612e-06,0.00012105129280826077,8.505043660989031e-05,3.600085619837046e-05
f300_q50,0.3432017870439315,9.901617502291612e-06,0.00017526686133351177,0.00013212102930992842,4.314583202358335e-05
f348_q50,0.34311243484735665,9.967960035455873e-06,2.2376522679223854e-07,1.9502726900100242e-07,2.8737957791236113e-08
f367_q25,0.34306279473814844,1.0001269656415784e-05,6.394025586775598e-11,6.040207917168416e-11,3.5381766960718153e-12
f246_std,0.34302308265078185,1.0034810977405114e-05,8.300152926077331e-11,2.3531709567037318e-11,5.946981969373599e-11
f252_q50,0.3428344502357905,1.0169315271721306e-05,8.095869807878131e-11,6.536198665640924e-11,1.5596711422372067e-11
f291_q50,0.3427450980392157,1.0237457538535839e-05,5.242593397269957e-05,3.685699266497977e-05,1.5568941307719797e-05
f300_mean,0.34269545793000744,1.0271500555671572e-05,0.00017626950284466147,0.00013195830979384482,4.4311193050816655e-05
f435_q50,0.34265574584264086,1.030598249869679e-05,1.5510025264120486e-07,1.3780972096810729e-07,1.7290531673097576e-08
f351_q25,0.3426061057334326,1.0340223629531823e-05,9.540904244431658e-08,1.2539298666069953e-07,2.998394421638295e-08
f60_q75,0.3426061057334326,1.0340223629531823e-05,3.612552177401085e-07,2.1762217272680573e-07,1.4363304501330276e-07
f75_std,0.3425167535368578,1.0409458104120486e-05,8.167033715977823e-11,2.4921238683806024e-11,5.6749098475972204e-11
f250_std,0.3425167535368578,1.0409458104120486e-05,5.167761218949352e-10,1.0861835736397651e-10,4.0815776453095864e-10
f225_q75,0.3421494167287168,1.0690282448926265e-05,2.0186956817269675e-07,1.269930578473577e-07,7.487651032533904e-08
f352_q75,0.3420997766195086,1.0725746644329075e-05,2.1936634198027605e-07,1.1822707080000328e-07,1.0113927118027277e-07
f217_mean,0.3420104244229337,1.0797445502756627e-05,2.528847460325778e-07,1.9973965947883698e-07,5.314508655374084e-08
f105_mean,0.3419607843137255,1.0833182649415848e-05,2.369547109992709e-05,1.815078576328233e-05,5.544685336644761e-06
f407_std,0.3419210722263589,1.0869148449019413e-05,0.00400514854118228,0.0011930149048566818,0.0028121336363255978
f299_mean,0.34182179200794244,1.0941671308468743e-05,0.00010988549183821306,8.24970193207264e-05,2.738847251748666e-05
f294_q25,0.3417324398113676,1.101477847140414e-05,4.040806356186977e-09,2.8167201904238937e-09,1.224086165763083e-09
f60_q25,0.3417324398113676,1.101477847140414e-05,1.8191278172707825e-07,1.648890730621133e-07,1.7023708664964943e-08
f475_q25,0.341692727724001,1.1049591625222347e-05,0.010167960077524185,0.019387684762477875,0.00921972468495369
f429_std,0.34150409530900966,1.1199223382508848e-05,0.0004646267043426633,0.000234374834690243,0.00023025186965242028
f103_q75,0.34150409530900966,1.1199223382508848e-05,5.591017543338239e-05,3.72436479665339e-05,1.8666527466848493e-05
f248_std,0.34150409530900966,1.1199223382508848e-05,1.2991611952895e-10,2.874456749013543e-11,1.0117155203881456e-10
f379_std,0.34132539091586,1.1345186078242737e-05,0.006548987235873938,0.003223754232749343,0.0033252330031245947
f225_q25,0.3412757508066518,1.1386441143687361e-05,8.104171911327285e-08,9.6337124944057e-08,1.5295405830784148e-08
f297_q50,0.3412261106974435,1.1424272766048786e-05,5.2784984291065484e-05,3.706804272951558e-05,1.5716941561549902e-05
f302_q75,0.3409481260858774,1.1653559318327422e-05,0.00046619088971056044,0.0003305217542219907,0.00013566913548856974
f78_mean,0.34089848597666916,1.1692321261540752e-05,1.1706186020532527e-10,6.937629637437936e-11,4.768556383094591e-11
f75_q50,0.3408091337800943,1.1769867417124999e-05,1.1085756618234299e-10,9.289304048198943e-11,1.7964525700353562e-11
f295_q50,0.34067014147431124,1.1887341200461234e-05,4.902554362473666e-09,3.136167769923759e-09,1.7663865925499067e-09
f351_q50,0.3405807892777364,1.1966419896985307e-05,1.3402984677668428e-07,1.3651364838551672e-07,2.4838016088324366e-09
f117_mean,0.3404417969719533,1.2085673522782741e-05,2.3797538233338855e-05,1.8270166037837043e-05,5.527372195501812e-06
f15_q25,0.3403524447753785,1.2166103753424223e-05,-0.0002075355005217716,-0.00013863590720575303,6.889959331601858e-05
f282_q50,0.34030280466617024,1.2206089258045502e-05,0.05065615102648735,0.04211806133389473,0.00853808969259262
f291_mean,0.34021345246959545,1.228729161726899e-05,5.248538218438625e-05,3.681458838400431e-05,1.5670793800381944e-05
f303_q50,0.3401638123603872,1.2327711625609731e-05,-0.00017274795391131192,-0.00012600548507180065,4.6742468839511275e-05
f301_q25,0.3401638123603872,1.2327711625609731e-05,8.450727182207629e-05,7.161781832110137e-05,1.2889453500974923e-05
f348_mean,0.3400744601638124,1.2409600977399331e-05,2.6882173642661655e-07,1.956496475941094e-07,7.317208883250714e-08
f278_std,0.3399851079672375,1.2492018725051776e-05,0.01347088348120451,0.009903979487717152,0.003566903993487358
f41_mean,0.3397567634648796,1.2699775419731598e-05,0.7827327847480774,0.715827465057373,0.06690531969070435
f297_mean,0.3397071233556714,1.2741806282782177e-05,5.2834606321994215e-05,3.7025958590675145e-05,1.580864773131907e-05
f306_mean,0.33965748324646317,1.2783631536827173e-05,0.0003491609531920403,0.0002578448038548231,9.131614933721721e-05
f306_q50,0.33965748324646317,1.2783631536827173e-05,0.00034776009852066636,0.00025812300737015903,8.963709115050733e-05
f217_q75,0.33947877885331346,1.2953752584418337e-05,3.0971108344601816e-07,2.2328157456286135e-07,8.642950888315681e-08
f115_q75,0.33947877885331346,1.2953752584418337e-05,5.6236331147374585e-05,3.7439182051457465e-05,1.879714909591712e-05
f293_q25,0.33942913874410524,1.299623244528002e-05,9.833183867158368e-05,7.942887168610469e-05,1.8902966985478997e-05
f224_q75,0.3393497145693721,1.3063187514092475e-05,2.2365392737810907e-07,1.1711360770050305e-07,1.0654031967760602e-07
f248_mean,0.3392007942417473,1.321234391603797e-05,1.5685631959971857e-10,8.580844368388796e-11,7.104787591583062e-11
f252_q25,0.3391511541325391,1.3255620913435558e-05,5.522885968001212e-11,5.507309538965721e-11,1.5576429035490946e-13
f142_q75,0.3391114420451725,1.3299707917453294e-05,0.035894256085157394,0.01916486769914627,0.016729388386011124
f352_mean,0.33906180193596425,1.3343417521908427e-05,1.7402845742253703e-07,1.0822490992268285e-07,6.580354749985418e-08
f437_mean,0.3384164805162571,1.397205474261664e-05,1.331708858742786e-06,7.268405397553579e-07,6.048683189874282e-07
f102_q25,0.33818813601389924,1.4203644218605312e-05,4.9073587433667853e-05,3.629406637628563e-05,1.2779521057382226e-05
f225_q50,0.3380987838173244,1.4297238495412085e-05,1.2165109808393026e-07,1.0997495536457791e-07,1.1676142719352356e-08
f282_q25,0.3379101514023331,1.4485810200013058e-05,0.03606637939810753,0.038381416350603104,0.002315036952495575
f12_mean,0.33777115909655003,1.4628915252128778e-05,0.00018889683997258544,0.00013842877524439245,5.0468064728192985e-05
f224_q50,0.33745346239761725,1.4968840635549052e-05,1.4276930926371278e-07,9.926183253128329e-08,4.3507476732429495e-08
f224_mean,0.33745346239761725,1.4968840635549052e-05,1.8271487078891369e-07,1.0356494328789267e-07,7.914992750102101e-08
f227_mean,0.33745346239761725,1.4968840635549052e-05,5.933499664934061e-07,4.132396043132758e-07,1.8011036218013032e-07
f59_mean,0.33726482998262597,1.5165665842117043e-05,1.4186512089509051e-06,7.610897796439531e-07,6.57561429306952e-07
f216_q75,0.3371754777860511,1.526567529273721e-05,3.393185181721492e-07,2.184239349389827e-07,1.2089458323316649e-07
f462_q75,0.3371258376768429,1.5315254100883816e-05,7.373966021129164e-11,3.8611960850865046e-11,3.512769936042659e-11
f390_mean,0.33709605361131795,1.5332799190279515e-05,1.5965778699111866e-09,1.0770250247205126e-09,5.195528451906739e-10
f217_q25,0.3370861255894763,1.536592139574735e-05,1.3177907476347173e-07,1.736145804898115e-07,4.183550572633976e-08
f351_mean,0.33703648548026804,1.5416094882661487e-05,1.592637062231006e-07,1.363658412856239e-07,2.2897864937476697e-08
f165_std,0.33694713328369325,1.5517492481976292e-05,0.032914455980062485,0.013523882254958153,0.019390573725104332
f249_q25,0.336897493174485,1.5567902358464824e-05,7.208394992019862e-11,6.877359792767379e-11,3.3103519925248293e-12
f108_q25,0.3368081409779102,1.5670412521942574e-05,4.004321763062535e-09,2.7970004090605016e-09,1.2073213540020333e-09
f105_q75,0.3367585008687019,1.57211732535987e-05,2.783377203741111e-05,1.9295173842692748e-05,8.538598194718361e-06
f142_mean,0.3367187887813353,1.5772916488097203e-05,0.03162471577525139,0.01812399923801422,0.013500716537237167
f310_q75,0.33641102010424423,1.608594458780151e-05,0.008094701915979385,0.0042048254981637,0.0038898764178156853
f299_q25,0.3363911640605609,1.6137450488331447e-05,9.876888361759484e-05,8.003124821698293e-05,1.8737635400611907e-05
f16_q75,0.33621245966741126,1.634961005119272e-05,0.00012403052824083716,7.756309059914201e-05,4.646743764169514e-05
f304_q75,0.33611317944899477,1.645625267640844e-05,0.00010435803415020928,7.051087595755234e-05,3.3847158192656934e-05
f66_q75,0.3357656986845371,1.6838329580936145e-05,9.703723380383167e-10,5.548415060729894e-10,4.1553083196532725e-10
f126_q25,0.33575577066269546,1.688612163960446e-05,-0.000199166577658616,-0.0001355504064122215,6.361617124639452e-05
f216_mean,0.335656490444279,1.70018511207844e-05,2.8015921316182357e-07,1.941645138003878e-07,8.599469936143578e-08
f227_q75,0.335289153636138,1.7450358400452485e-05,7.309183729375945e-07,4.6604353087786876e-07,2.648748420597258e-07
f351_q75,0.3351501613303549,1.762129742310797e-05,2.0238192632859864e-07,1.4833386785539915e-07,5.404805847319949e-08
f306_q25,0.3351501613303549,1.762129742310797e-05,0.00031917571322992444,0.00025160404038615525,6.757167284376919e-05
f114_q25,0.3351501613303549,1.762129742310797e-05,4.947070192429237e-05,3.6519395507639274e-05,1.2951306416653097e-05
f227_q50,0.3350608091337801,1.7736220639871507e-05,4.636602852770011e-07,4.051611597333249e-07,5.84991255436762e-08
f352_q50,0.33501116902457184,1.7793748326623196e-05,1.4611437393341475e-07,1.0767936942102097e-07,3.843500451239379e-08
f353_q25,0.3348324646314222,1.8025911789449553e-05,4.0128307432496513e-07,3.66549670616223e-07,3.4733403708742117e-08
f353_q50,0.3346438322164309,1.8262226073745277e-05,5.519667070075229e-07,4.004396600976179e-07,1.5152704690990504e-07
f107_mean,0.3346438322164309,1.8262226073745277e-05,0.00010323472088202834,7.856010051909834e-05,2.467462036293e-05
f63_q50,0.3346438322164309,1.8262226073745277e-05,1.501259276892597e-07,1.3060177650459082e-07,1.952415118466888e-08
f212_q25,0.33408786299329857,1.8986036786141046e-05,1.7961849607672775e-07,1.6139372860379808e-07,1.822476747292967e-08
f102_mean,0.33377016629436584,1.942207871075147e-05,5.487322778208181e-05,3.797825411311351e-05,1.6894973668968305e-05
f222_q50,0.33377016629436584,1.942207871075147e-05,1.3799461839880678e-07,1.327785383864466e-07,5.21608001236018e-09
f294_q50,0.3336311739885828,1.9611369217699067e-05,4.941862474794334e-09,2.994120951171908e-09,1.947741523622426e-09
f60_q50,0.3336311739885828,1.9611369217699067e-05,2.405114969405986e-07,1.8869596374315734e-07,5.1815533197441255e-08
f285_mean,0.3336311739885828,1.9611369217699067e-05,0.043565113097429276,0.039710935205221176,0.0038541778922080994
f63_q75,0.3334921816827997,1.980231329640694e-05,2.2589546233575675e-07,1.5046839507704135e-07,7.54270672587154e-08
f41_q50,0.3334524695954331,1.9864782412000414e-05,0.7869039177894592,0.7159544229507446,0.0709494948387146
f77_q25,0.3334425415735915,1.986597411480702e-05,2.8193231083051273e-10,2.787434172368819e-10,3.188893593630837e-12
f15_q50,0.33340282948622485,1.993110308955907e-05,-0.00018319282389711589,-0.0001325688645010814,5.062395939603448e-05
f63_q25,0.3331248448746587,2.032105778604703e-05,1.0802638428231148e-07,1.1308307534818596e-07,5.056691065874475e-09
f303_q75,0.3331248448746587,2.032105778604703e-05,-0.00015700115181971341,-0.0001227416651090607,3.425948671065271e-05
f323_q75,0.3327674360883594,2.0823705054212093e-05,1.6632544994354248,1.4996669292449951,0.1635875701904297
f102_q50,0.33275750806651777,2.0852634128758695e-05,5.411544407252222e-05,3.793728683376685e-05,1.6178157238755375e-05
f114_mean,0.3322511789525937,2.1605029408616076e-05,5.528697511181235e-05,3.820450001512654e-05,1.7082475096685812e-05
f117_q75,0.33220153884338544,2.1673721981965184e-05,2.8094784283894114e-05,1.9421451725065708e-05,8.673332558828406e-06
f224_q25,0.33216182675601885,2.174408132742396e-05,1.0159629226791367e-07,8.74696084451898e-08,1.4126683822723862e-08
f294_mean,0.33211218664681064,2.1814524683927915e-05,5.023764959588561e-09,2.983361113706451e-09,2.0404038458821105e-09
f300_q25,0.33211218664681064,2.1814524683927915e-05,0.0001618364913156256,0.0001287496997974813,3.308679151814431e-05
f75_mean,0.3316952097294614,2.2454264733795583e-05,1.353445827634303e-10,9.610300749640643e-11,3.9241575267023876e-11
f14_q75,0.3316554976420948,2.252704782292196e-05,0.0005202777101658285,0.00035947118885815144,0.00016080652130767703
f119_mean,0.33160585753288657,2.259991626399274e-05,0.0001037303009070456,7.910217391327024e-05,2.4628126993775368e-05
f27_q75,0.33147679324894513,2.2801761422613275e-05,6.922666943864897e-05,4.372372859506868e-05,2.550294084358029e-05
f109_q75,0.33137751303052865,2.2965908128067145e-05,5.805628422450582e-09,3.1262588073843744e-09,2.679369615066207e-09
f137_q25,0.33132787292132043,2.30389457578611e-05,0.0006029045325703919,0.0005075191729702055,9.538535960018635e-05
f270_q75,0.33096053611317944,2.363819666189437e-05,0.0946633517742157,0.076144739985466,0.018518611788749695
f450_q75,0.3309307520476545,2.3647741447918083e-05,4.022707444928386e-10,2.433267753954027e-10,1.589439690974359e-10
f109_q50,0.33087118391660464,2.3790705775644942e-05,4.558478483573936e-09,2.8274655949900307e-09,1.7310128885839049e-09
f222_q25,0.33073219161082157,2.402050649580454e-05,9.569365033712529e-08,1.1665803612004311e-07,2.0964385782917816e-08
f277_q25,0.3306825515016133,2.409640832791834e-05,0.08276010304689407,0.07248756289482117,0.010272540152072906
f217_q50,0.33050384710846364,2.4408001037597838e-05,1.965880755960825e-07,1.975667345277543e-07,9.786589316718164e-10
f433_mean,0.33023579051873914,2.4847562858173367e-05,2.170977268178831e-06,1.3913581824454013e-06,7.796190857334295e-07
f15_mean,0.3298585256887565,2.5525695210954624e-05,-0.0001852928544394672,-0.00013266254973132163,5.263030470814556e-05
f308_q25,0.3298088855795483,2.5606396909825036e-05,0.0006574152503162622,0.000538438034709543,0.00011897721560671926
f114_q50,0.32971953338297344,2.5771422621740885e-05,5.453955600387417e-05,3.817025208263658e-05,1.6369303921237588e-05
f212_q75,0.32971953338297344,2.5771422621740885e-05,4.482816962081415e-07,2.24036199369948e-07,2.242454968381935e-07
f55_q25,0.3294415487714073,2.626906038791358e-05,3.062020539346122e-07,1.9188166788808303e-07,1.1432038604652917e-07
f103_q50,0.32935219657483245,2.643772953474374e-05,4.999925658921711e-05,3.5672121157404035e-05,1.4327135431813076e-05
f30_q75,0.329084139985108,2.6920641072161484e-05,3.423196903895587e-05,2.1524654584936798e-05,1.270731445401907e-05
f295_q75,0.3290245718540581,2.703265797501138e-05,6.157921284000167e-09,3.326779296486393e-09,2.8311419875137744e-09
f296_q50,0.3290245718540581,2.703265797501138e-05,1.7994169709822927e-08,1.1795797227875937e-08,6.19837248194699e-09
f129_q25,0.3290245718540581,2.703265797501138e-05,6.992530688876286e-05,6.114761345088482e-05,8.777693437878042e-06
f227_q25,0.3289848597666915,2.7120189819185897e-05,3.195589783899777e-07,3.548009601672675e-07,3.5241981777289766e-08
f429_q25,0.3286671630677587,2.7722456658375603e-05,0.0006933726253919303,0.0010645466390997171,0.0003711740137077868
f113_mean,0.32856788284934224,2.7908279195264206e-05,1.7782911143626734e-08,1.1262409671530804e-08,6.52050147209593e-09
f353_mean,0.32856788284934224,2.7908279195264206e-05,6.408779995581426e-07,4.0115500610227173e-07,2.397229934558709e-07
f448_q75,0.32853809878381734,2.7915399984945128e-05,1.0608175671222853e-07,6.077535630311104e-08,4.5306400409117487e-08
f296_q75,0.328518242740134,2.799579551453774e-05,2.267868204341994e-08,1.2553253547764598e-08,1.0125428495655342e-08
f22_q75,0.32847853065276744,2.808632219412196e-05,0.008739757351577282,0.0044641923159360886,0.004275565035641193
f79_q25,0.32842889054355917,2.817536398974892e-05,6.053361978342053e-11,5.2072075817921615e-11,8.461543965498919e-12
f428_q25,0.3279324894514768,2.9156442411423607e-05,0.02646881714463234,0.043468181043863297,0.016999363899230957
f111_q75,0.32792256142963516,2.917719461446891e-05,5.984857498475549e-09,3.3179723413212514e-09,2.6668851571542973e-09
f375_q75,0.3278332092330603,2.9363636214633334e-05,0.09589752554893494,0.06757625192403793,0.028321273624897003
f307_q25,0.3277835691238521,2.9455741736110397e-05,0.00014914330677129328,0.0001235905074281618,2.5552799343131483e-05
f222_mean,0.32769421692727724,2.964439573285939e-05,1.706087431330161e-07,1.3549589539252338e-07,3.5112847740492725e-08
f285_q75,0.32755522462149417,2.9927445521097655e-05,0.053231336176395416,0.043007511645555496,0.01022382453083992
f402_q75,0.3271481757259866,3.078308563953611e-05,8.071818592725322e-05,5.412930840975605e-05,2.6588877517497167e-05
f111_mean,0.32713824770414496,3.0791454164686094e-05,4.757346516726102e-09,2.9923121758201887e-09,1.7650343409059133e-09
f12_q75,0.32713824770414496,3.0791454164686094e-05,0.00020793653675355017,0.0001449154515285045,6.302108522504568e-05
f151_q50,0.32713824770414496,3.0791454164686094e-05,5.695973595720716e-05,3.8110003515612334e-05,1.8849732441594824e-05
f303_mean,0.3269992553983619,3.108501874490516e-05,-0.0001728914212435484,-0.0001258864940609783,4.70049271825701e-05
f400_q75,0.3267808389178456,3.156652610859755e-05,3.692919199238531e-05,2.0878243958577514e-05,1.60509480338078e-05
f75_q75,0.32677091089600396,3.15810670345044e-05,1.5835013855713953e-10,1.0815555395726761e-10,5.0194584599871916e-11
f12_q25,0.32668155869942916,3.178269972690152e-05,0.0001672739745117724,0.0001319949806202203,3.527899389155209e-05
f63_mean,0.32640357408786297,3.239005412445094e-05,1.8543491364653164e-07,1.3231182549588993e-07,5.3123088150641706e-08
f108_mean,0.32640357408786297,3.239005412445094e-05,5.307174255619884e-09,3.1150251267320073e-09,2.192149128887877e-09
f78_q50,0.32635393397865475,3.249146103353603e-05,8.869521089804877e-11,6.706432631453652e-11,2.1630884583512255e-11
f115_q50,0.32631422189128817,3.259603002642804e-05,5.0267659389646724e-05,3.586692764656618e-05,1.4400731743080541e-05
f462_q50,0.32612558947629683,3.300818619708457e-05,3.897969100274956e-11,3.0788288585270607e-11,8.191402417478955e-12
f22_q50,0.32608587738893025,3.3113428285119886e-05,0.007072785869240761,0.004136251285672188,0.002936534583568573
f80_q75,0.3260759493670886,3.311353399540096e-05,5.823416193706521e-10,2.7940114111224545e-10,3.0294047825840664e-10
f28_mean,0.32598659717051376,3.332181017387983e-05,2.9861321308999322e-05,2.1510264559765346e-05,8.351056749233976e-06
f375_mean,0.3259468850831472,3.342881820656391e-05,0.0873873308300972,0.06541882455348969,0.021968506276607513
f216_q50,0.32552990816579797,3.4390241086785634e-05,2.2246491937494284e-07,1.899656751902512e-07,3.2499244184691634e-08
f296_q25,0.32548026805658975,3.4496808844376015e-05,1.4563231509612251e-08,1.1002279087790612e-08,3.5609524218216393e-09
f437_q50,0.3252519235542318,3.504450737698509e-05,1.0658242217687075e-06,6.97341079103353e-07,3.6848314266535453e-07
f80_mean,0.32520228344502355,3.515492496169536e-05,4.6323789248958747e-10,2.395885156936117e-10,2.2364937679597574e-10
f79_mean,0.32520228344502355,3.515492496169536e-05,1.280072159381973e-10,6.640481220454575e-11,6.160240373365156e-11
f261_mean,0.32517249937949866,3.522147578407508e-05,0.20675411820411682,0.22461530566215515,0.01786118745803833
f296_mean,0.32511293124844876,3.5376163852140496e-05,1.8845964788738456e-08,1.1763308549461726e-08,7.08265623927673e-09
f434_q75,0.3250335070737156,3.55661229438848e-05,9.924555342877284e-06,6.264032435865374e-06,3.6605229070119094e-06
f151_q75,0.3249739389426657,3.5711137342401386e-05,6.295784987742081e-05,3.9897378883324564e-05,2.306047099409625e-05
f436_q50,0.32479523454951603,3.6165054161403766e-05,2.5848584073173697e-07,1.8452105621236115e-07,7.396478451937583e-08
f140_mean,0.3246760982874162,3.6391339846464526e-05,0.007256870623677969,0.004006777424365282,0.003250093199312687
f31_q50,0.32437825763216677,3.720009342345987e-05,1.4050884601601865e-05,1.0336282684875187e-05,3.7146019167266786e-06
f286_q50,0.32437825763216677,3.720009342345987e-05,0.16318872570991516,0.13611170649528503,0.027077019214630127
f18_q25,0.3241499131298089,3.778880177136112e-05,0.0003312540065962821,0.00025887577794492245,7.237822865135968e-05
f426_q25,0.3241102010424423,3.789496393586976e-05,0.027233975008130074,0.040747422724962234,0.013513447716832161
f140_q75,0.323891784561926,3.838619804839087e-05,0.008420354686677456,0.0042747980915009975,0.004145556595176458
f78_q25,0.32387192851824276,3.850465069165358e-05,6.367138066787348e-11,5.57356626129657e-11,7.935718054907781e-12
f93_mean,0.3238222884090345,3.8624111658497256e-05,0.05757973715662956,0.0445450097322464,0.013034727424383163
f22_mean,0.32364358401588483,3.911297670903013e-05,0.0076361894607543945,0.004183214623481035,0.0034529748372733593
f18_mean,0.3235939439066766,3.923309808011705e-05,0.0003741896653082222,0.00027109135407954454,0.00010309831122867763
f311_mean,0.3235244477537851,3.935779573729562e-05,0.030690358951687813,0.018129371106624603,0.01256098784506321
f104_q25,0.32350459171010176,3.9481289766136673e-05,2.2487007299787365e-05,1.8373761122347787e-05,4.113246177439578e-06
f222_q75,0.32350459171010176,3.9481289766136673e-05,2.084550203562685e-07,1.5303655231946323e-07,5.541846803680528e-08
f311_q25,0.3233258873169521,3.9973703875415864e-05,0.025770578533411026,0.01752103865146637,0.008249539881944656
f212_mean,0.3233159592951104,3.997603405866492e-05,3.4956482863890415e-07,1.9462380862478312e-07,1.5494102001412102e-07
f295_mean,0.32308761479275255,4.060524588515089e-05,5.075280640198798e-09,3.126947367704247e-09,1.9483332724945512e-09
f59_q75,0.32308761479275255,4.060524588515089e-05,1.8234734397992725e-06,8.730992249184055e-07,9.503742148808669e-07
f223_q75,0.3229089103996029,4.1117618983088966e-05,1.8203279239514814e-07,1.5717502321876964e-07,2.4857769176378497e-08
f223_mean,0.32276991809381983,4.1504681767409266e-05,1.4479331866823486e-07,1.4058031183594721e-07,4.213006832287647e-09
f470_mean,0.32272027798461156,4.163230903503568e-05,0.06931611895561218,0.06612014770507812,0.0031959712505340576
f286_mean,0.32235294117647056,4.2684227672246764e-05,0.1716284155845642,0.1381404995918274,0.033487915992736816
f107_q75,0.3220749565649044,4.348752381976412e-05,0.00011719208850990981,8.29505588626489e-05,3.4241529647260904e-05
f462_mean,0.3220749565649044,4.348752381976412e-05,5.5543951382741596e-11,3.2497261825970014e-11,2.3046689556771582e-11
f311_q50,0.3220054604120129,4.362518831974803e-05,0.029726441949605942,0.018097901716828346,0.011628540232777596
f304_q50,0.3219856043683296,4.376129820233967e-05,9.219652565661818e-05,6.807073805248365e-05,2.412578760413453e-05
f140_q25,0.32180689997517997,4.43042115995169e-05,0.0056905196979641914,0.0036910015624016523,0.001999518135562539
f113_q75,0.3215686274509804,4.500053728105583e-05,2.2420508116738347e-08,1.2504107971267331e-08,9.916400145471016e-09
f116_q25,0.32147927525440556,4.5283375995715364e-05,2.2621143216383643e-05,1.852477726060897e-05,4.096365955774672e-06
f79_q50,0.3213402829486225,4.570629528128695e-05,9.153484220592034e-11,6.294762627812034e-11,2.8587215927800003e-11
f464_q75,0.32115165053363115,4.627635091164612e-05,3.391728842228048e-10,1.5447225443221413e-10,1.8470062979059065e-10
f108_q50,0.32111193844626457,4.64223055690993e-05,5.015846404887725e-09,3.0859863553445166e-09,1.9298600495432083e-09
f121_q25,0.32069496152891536,4.7733094764785685e-05,0.00015113066183403134,0.00012304869596846402,2.8081965865567327e-05
f126_mean,0.3205658972449739,4.816521359575857e-05,-0.00017982872668653727,-0.00012961449101567268,5.021423567086458e-05
f352_q25,0.3199602879126334,5.015701798699013e-05,1.045850268610593e-07,9.841959069945005e-08,6.16543616160925e-09
f304_mean,0.3199602879126334,5.015701798699013e-05,9.251213487004861e-05,6.810012564528733e-05,2.4412009224761277e-05
f127_q50,0.31959295110449243,5.141198051835132e-05,-0.00016490684356540442,-0.000122319208458066,4.258763510733843e-05
f103_mean,0.3195035989079176,5.1728630134598726e-05,5.0498336349846795e-05,3.56815435225144e-05,1.4816792827332392e-05
f80_q25,0.3193149664929263,5.23705942528473e-05,2.0724671978555875e-10,1.8692936087916223e-10,2.031735890639652e-11
f133_q50,0.31922561429635143,5.269616499455731e-05,0.00033593017724342644,0.0002511378552298993,8.479232201352715e-05
f15_q75,0.31908662199056836,5.318542565214228e-05,-0.00016285669698845595,-0.00012661583605222404,3.624086093623191e-05
f143_q25,0.3189079175974187,5.383340832971973e-05,0.023627499118447304,0.016879167407751083,0.00674833171069622
f76_q25,0.3188979895755771,5.384066755948212e-05,7.421239317517703e-11,7.433872961648547e-11,1.263364413084389e-13
f30_mean,0.31858029287664436,5.5016823594412494e-05,3.136956365779042e-05,2.06208187591983e-05,1.0748744898592122e-05
f18_q75,0.31858029287664436,5.5016823594412494e-05,0.00041379209142178297,0.0002832415630109608,0.00013055052841082215
f302_q25,0.31830230826507816,5.603902748641065e-05,0.0003764313005376607,0.0003108766977675259,6.55546027701348e-05
f382_q25,0.31830230826507816,5.603902748641065e-05,0.037339501082897186,0.03902499005198479,0.0016854889690876007
f451_q75,0.31827252419955326,5.6068680115660085e-05,5.569691374773811e-10,3.4696037709558425e-10,2.1000876038179683e-10
f216_q25,0.31821295606850336,5.638626573531939e-05,1.6093405008632544e-07,1.6717720541237213e-07,6.24315532604669e-09
f421_q25,0.3180739637627203,5.690795334231629e-05,0.00991079118102789,0.01447958592325449,0.004568794742226601
f20_q75,0.3180739637627203,5.690795334231629e-05,0.0009101075120270252,0.0006240798975341022,0.000286027614492923
f119_q75,0.318024323653512,5.707895827641553e-05,0.00011830068979179487,8.354375313501805e-05,3.4756936656776816e-05
f115_mean,0.31798461156614544,5.725663477955262e-05,5.0761649617925286e-05,3.587512401281856e-05,1.4886525605106726e-05
f28_q50,0.31779597915115415,5.796342162118068e-05,2.8505310183390975e-05,2.136138573405333e-05,7.143924449337646e-06
f80_q50,0.3176569868453711,5.8497803561713384e-05,3.1203173378457905e-10,2.2596628734827817e-10,8.606544643630087e-11
f110_q25,0.31742864234301316,5.940336008103498e-05,3.7641423311640665e-09,2.848081770423505e-09,9.160605607405614e-10
f286_q75,0.3172896500372301,5.995039406938776e-05,0.21355655789375305,0.1505444198846817,0.06301213800907135
f128_q75,0.3172499379498635,6.012873487772466e-05,0.0001149040981545113,7.492516306228936e-05,3.9978935092221946e-05
f129_q50,0.3172400099280218,6.013219514271562e-05,8.336661267094314e-05,6.55125841149129e-05,1.7854028556030244e-05
f93_q25,0.3172400099280218,6.013219514271562e-05,0.040666475892066956,0.0399397537112236,0.0007267221808433533
f135_q25,0.317150657731447,6.05021236485071e-05,0.00013088715786579996,0.00011627688218140975,1.4610275684390217e-05
f12_q50,0.31706130553487216,6.087677902759566e-05,0.0001868637918960303,0.00013839325401932,4.8470537876710296e-05
f79_q75,0.3167336808140978,6.218955563357658e-05,1.5722213808633256e-10,7.740456192673051e-11,7.981757615960205e-11
f295_q25,0.31664432861752295,6.257146173788844e-05,3.83942166948259e-09,2.9361568731900434e-09,9.032647962925466e-10
f20_mean,0.31664432861752295,6.257146173788844e-05,0.0008015533094294369,0.0005913372151553631,0.00021021609427407384
f132_q75,0.31664432861752295,6.257146173788844e-05,0.00039574436959810555,0.00027676852187141776,0.00011897584772668779
f4_q25,0.3165053363117399,6.314637712472502e-05,2.2922213247511536e-05,1.9382698155823164e-05,3.539515091688372e-06
f431_mean,0.31637627202779844,6.371850513654765e-05,0.0010461659403517842,0.0008493432542309165,0.00019682268612086773
f228_q75,0.31632663191859023,6.392611087711252e-05,9.671333733862753e-10,5.173848016681859e-10,4.4974857171808935e-10
f124_q75,0.3162372797220154,6.430985665565261e-05,0.0004964869003742933,0.00034848478389903903,0.0001480021164752543
f6_mean,0.3159990071978158,6.530130186085342e-05,5.506638700580879e-09,3.304757356659138e-09,2.201881343921741e-09
f104_q50,0.315909655001241,6.570430235875302e-05,2.6361800337326713e-05,1.9538063497748226e-05,6.823736839578487e-06
f390_q50,0.315740878629933,6.634291262148566e-05,1.4197251152481272e-09,1.0430163399632875e-09,3.767087752848397e-10
f157_q50,0.31545296599652517,6.773442748081442e-05,2.816574487951584e-05,1.8778129742713645e-05,9.387615136802197e-06
f287_mean,0.31540332588731695,6.794184724216455e-05,0.16118372976779938,0.13567684590816498,0.0255068838596344
f382_q50,0.3152643335815339,6.85630983738272e-05,0.044571276754140854,0.04053874686360359,0.004032529890537262
f432_q50,0.3151849094068007,6.88815441640894e-05,1.545040845485346e-06,9.679299637355143e-07,5.771108817498316e-07
f18_q50,0.31517498138495903,6.898376302216857e-05,0.0003709211596287787,0.0002709799155127257,9.994124411605299e-05
f22_q25,0.31517498138495903,6.898376302216857e-05,0.006058520171791315,0.003871508873999119,0.0021870112977921963
f3_q75,0.31509555721022586,6.924467463669165e-05,6.198658229550347e-05,4.0724971768213436e-05,2.126161052729003e-05
f476_q25,0.3149962769918094,6.980427364655362e-05,0.03644062578678131,0.06397686898708344,0.027536243200302124
f382_mean,0.3147580044676098,7.089272416109078e-05,0.04572921618819237,0.04064209759235382,0.005087118595838547
f125_mean,0.31461901216182675,7.15394342469958e-05,0.0003992518759332597,0.000311736628646031,8.75152472872287e-05
f78_q75,0.31461901216182675,7.15394342469958e-05,1.356368906080263e-10,8.006887514122596e-11,5.5568015466800347e-11
f400_mean,0.31457930007446017,7.175603205612748e-05,2.8946820748387836e-05,1.8411146811558865e-05,1.0535673936828971e-05
f140_q50,0.3145495160089352,7.17577665349745e-05,0.006764841265976429,0.003953758627176285,0.002811082638800144
f7_q25,0.3144800198560437,7.219215612959114e-05,3.7960266041636714e-09,3.0979172560563484e-09,6.981093481073231e-10
f387_q75,0.31445023579051873,7.226913334480236e-05,1.1427461686253082e-05,7.667363206564914e-06,3.7600984796881676e-06
f9_q75,0.31426160337552744,7.325016264251997e-05,6.247631972655654e-05,4.0959304897114635e-05,2.1517014829441905e-05
f125_q25,0.31425167535368576,7.329723164379098e-05,0.00033674060250632465,0.0002940265985671431,4.2714003939181566e-05
f110_q75,0.31425167535368576,7.329723164379098e-05,6.710608513316174e-09,3.581487995063526e-09,3.1291205182526483e-09
f434_mean,0.3140332588731695,7.433054069930024e-05,7.663616997888312e-06,5.431198587757535e-06,2.2324184101307765e-06
f157_q75,0.31383469843633655,7.531872105747282e-05,3.11614821839612e-05,1.966076706594322e-05,1.1500715118017979e-05
f121_q50,0.3135170017374038,7.693575148729785e-05,0.00017050128371920437,0.00012873380910605192,4.1767474613152444e-05
f260_q50,0.3132985852568876,7.797059693178968e-05,0.21551387012004852,0.23399285972118378,0.018478989601135254
f143_q50,0.31310995284189624,7.901753376705294e-05,0.02786194533109665,0.01781560108065605,0.010046344250440598
f40_q75,0.31302060064532145,7.944102068417486e-05,0.12028700858354568,0.09643953293561935,0.02384747564792633
f377_q75,0.31301067262347976,7.953387304434164e-05,0.2842262089252472,0.22777140140533447,0.05645480751991272
f329_q75,0.3129312484487466,7.985440652650728e-05,0.78728187084198,0.7170145511627197,0.07026731967926025
f448_mean,0.31284189625217174,8.028663614314556e-05,8.384701999375466e-08,5.1313826077148406e-08,3.253319391660625e-08
f212_q50,0.31282204020848847,8.049289349996312e-05,2.7864703611157893e-07,1.8871755003146973e-07,8.99294860801092e-08
f4_q50,0.31282204020848847,8.049289349996312e-05,2.730532105488237e-05,2.0548770407913253e-05,6.756550646969117e-06
f284_mean,0.3127326880119136,8.098292841033196e-05,0.047624584287405014,0.04036175459623337,0.007262829691171646
f93_q75,0.31259369570613055,8.17164785698216e-05,0.06966063380241394,0.04850846156477928,0.02115217223763466
f121_mean,0.31250434350955575,8.221494629458767e-05,0.00017148899496532977,0.00012871797662228346,4.277101834304631e-05
f120_q75,0.3123653512037726,8.295964003502468e-05,0.0001981492096092552,0.00014160751015879214,5.6541699450463057e-05
f382_q75,0.31222635889798955,8.371016805583667e-05,0.053924549371004105,0.042185552418231964,0.01173899695277214
f109_mean,0.31213700670141475,8.421865860666958e-05,4.811266940407677e-09,2.8424624876066673e-09,1.9688044528010096e-09
f125_q50,0.3120873665922065,8.446707958786625e-05,0.0003945317876059562,0.0003117751330137253,8.275665459223092e-05
f104_q75,0.3120873665922065,8.446707958786625e-05,3.136285886284895e-05,2.08638211915968e-05,1.0499037671252154e-05
f93_q50,0.31203772648299827,8.472233340859696e-05,0.05425829812884331,0.04379179701209068,0.010466501116752625
f192_q75,0.31196823033010673,8.500199103022354e-05,5.797169706056593e-06,2.8722552087856457e-06,2.9249144972709473e-06
f9_mean,0.3119483742864234,8.523100284865916e-05,5.6565881095593795e-05,3.9252710848813877e-05,1.731317024677992e-05
f223_q25,0.3116306775874907,8.704892198115924e-05,7.166507032252412e-08,1.2294782436583773e-07,5.1282754043313616e-08
f287_q75,0.3114916852817076,8.783594121546116e-05,0.19879035651683807,0.14688023924827576,0.05191011726856232
f261_q50,0.31135269297592455,8.862870753809383e-05,0.20701417326927185,0.22441266477108002,0.017398491501808167
f230_q75,0.3112633407793497,8.916280950641824e-05,1.1981335923394454e-09,6.702181587492362e-10,5.279154335902092e-10
f273_mean,0.3112236286919831,8.937146121292164e-05,0.07437241822481155,0.06241605803370476,0.011956360191106796
f393_q75,0.3111342764954083,8.984042703697969e-05,1.1608895874815062e-05,7.686914614168927e-06,3.921981260646135e-06
f116_q50,0.31093571605857534,9.104661410167329e-05,2.657650111359544e-05,1.9695284208864905e-05,6.881216904730536e-06
f3_mean,0.31093571605857534,9.104661410167329e-05,5.613693792838603e-05,3.9017631934257224e-05,1.711930599412881e-05
f10_q25,0.3107073715562174,9.242317784521056e-05,2.3087277440936305e-05,1.9546403564163484e-05,3.540873876772821e-06
f95_q50,0.3107073715562174,9.242317784521056e-05,0.17306438088417053,0.14243225753307343,0.030632123351097107
f285_q50,0.3107073715562174,9.242317784521056e-05,0.04176970198750496,0.039118506014347076,0.0026511959731578827
f271_q25,0.3106180193596426,9.29817690614685e-05,0.07193419337272644,0.05338449031114578,0.018549703061580658
f143_q75,0.3104790270538595,9.381941951947555e-05,0.033499348908662796,0.018873704597353935,0.01462564431130886
f106_q25,0.3104790270538595,9.381941951947555e-05,0.00010112332529388368,7.995545456651598e-05,2.11678707273677e-05
f29_mean,0.3102903946388682,9.494061633305558e-05,0.00013421339099295437,9.842913277680054e-05,3.578425821615383e-05
f7_q50,0.3102903946388682,9.494061633305558e-05,5.120261992175301e-09,3.4483169653043433e-09,1.671945026870958e-09
f464_q50,0.3102903946388682,9.494061633305558e-05,1.5778593709381283e-10,1.228627338756283e-10,3.492320321818454e-11
f103_q25,0.3100620501365103,9.637100369019748e-05,4.496674955589697e-05,3.4093420254066586e-05,1.0873329301830381e-05
f118_q75,0.31001241002730207,9.666038410162385e-05,0.00013191066682338715,9.049338405020535e-05,4.1417282773181796e-05
f127_mean,0.3099726979399355,9.695386741277795e-05,-0.00016695052909199148,-0.000122318189824,4.463233926799148e-05
f329_q50,0.3099726979399355,9.695386741277795e-05,0.7659856677055359,0.7127531170845032,0.053232550621032715
f110_q50,0.3098337056341524,9.78242316470042e-05,5.02474684083154e-09,3.1824651802736525e-09,1.8422816605578873e-09
f126_q75,0.3098337056341524,9.78242316470042e-05,-0.00015832333883736283,-0.00012374608195386827,3.4577256883494556e-05
f223_q50,0.30974435343757756,9.841076959302426e-05,1.1186091342096915e-07,1.4054099040095025e-07,2.8680076979981095e-08
f135_q50,0.30969471332836934,9.87013743319506e-05,0.00015886474284343421,0.00012387493916321546,3.4989803680218756e-05
f32_q50,0.30969471332836934,9.87013743319506e-05,6.464698526542634e-05,4.7481800720561296e-05,1.7165184544865042e-05
f383_q50,0.30969471332836934,9.87013743319506e-05,0.16231434047222137,0.13872390985488892,0.02359043061733246
f115_q25,0.30955572102258627,9.958594698542132e-05,4.519360663834959e-05,3.4286087611690164e-05,1.0907519026659429e-05
f151_q25,0.3091883842144453,0.00010198975328174124,5.064050856162794e-05,3.6391087633091956e-05,1.4249420928535983e-05
f14_q25,0.3090990320178704,0.00010260303930565902,0.0003895999398082495,0.00031925630173645914,7.034363807179034e-05
f354_q75,0.30901960784313726,0.00010298999656800207,8.669151507767481e-10,4.727855884567589e-10,3.941295623199892e-10
f157_q25,0.3090096798212956,0.00010320828214097923,2.503163159417454e-05,1.79505004780367e-05,7.08113111613784e-06
f133_mean,0.30896003971208735,0.00010352239191720803,0.000338439509505406,0.00025103616644628346,8.740334305912256e-05
f329_mean,0.30896003971208735,0.00010352239191720803,0.7657150626182556,0.7128173112869263,0.052897751331329346
f104_mean,0.3088210474063043,0.00010444838594128438,2.727249011513777e-05,1.962389433174394e-05,7.64859578339383e-06
f143_mean,0.3087416232315711,0.00010489748936361931,0.0293743796646595,0.017930826172232628,0.011443553492426872
f133_q25,0.30854306279473814,0.00010632265935722658,0.00029678273131139576,0.0002401744422968477,5.660828901454806e-05
f31_mean,0.30854306279473814,0.00010632265935722658,1.4745043699804228e-05,1.0413835298095364e-05,4.331208401708864e-06
f112_q25,0.3084537105981633,0.00010696238700234461,1.4673569026513178e-08,1.0718367526862949e-08,3.955201499650229e-09
f383_mean,0.30817572598659715,0.00010887988734309177,0.16652223467826843,0.13892897963523865,0.027593255043029785
f27_mean,0.3079473814842393,0.00011051028411424406,6.34019888821058e-05,4.1857638279907405e-05,2.1544350602198392e-05
f178_q50,0.3078580292876644,0.0001111644418120654,0.771615207195282,0.7108374834060669,0.06077772378921509
f48_q75,0.3076892529163564,0.00011216795101594961,6.012774974806234e-06,3.088009179919027e-06,2.9247657948872074e-06
f132_mean,0.30766939687267314,0.00011248781130884111,0.00036095496034249663,0.0002649573143571615,9.599764598533511e-05
f284_q75,0.30766939687267314,0.00011248781130884111,0.057777196168899536,0.0439862497150898,0.013790946453809738
f10_q50,0.30761975676346487,0.0001128182430847428,2.762152871582657e-05,2.0719036911032163e-05,6.902491804794408e-06
f285_q25,0.3075800446760983,0.00011316077134042168,0.03204342722892761,0.03599800541996956,0.003954578191041946
f31_q25,0.30753040456689007,0.00011348877601121198,1.1865928172483109e-05,9.608103027858306e-06,2.2578251446248032e-06
f116_q75,0.30753040456689007,0.00011348877601121198,3.175350502715446e-05,2.101897007378284e-05,1.0734534953371622e-05
f34_q50,0.3075006205013651,0.00011358720751814593,0.3304613530635834,0.28487148880958557,0.0455898642539978
f14_mean,0.3074410523703152,0.00011416924719875697,0.0004579177184496075,0.00033904745941981673,0.00011887025902979076
f304_q25,0.3074410523703152,0.00011416924719875697,8.09603589004837e-05,6.568447861354798e-05,1.5275880286935717e-05
f450_mean,0.307222635889799,0.00011567933893155894,3.192382747041478e-10,2.093975964845285e-10,1.0984067821961929e-10
f82_q25,0.3071729957805907,0.00011613752883407372,0.1974920928478241,0.2198771983385086,0.02238510549068451
f228_mean,0.30684537105981635,0.00011863827687661092,8.013044117127777e-10,4.6254097774145464e-10,3.38763433971323e-10
f383_q25,0.306656738644825,0.00012004542663204155,0.13692575693130493,0.13360168039798737,0.003324076533317566
f336_q75,0.306487962273517,0.00012121596651943848,5.148154741618782e-06,2.6406282813695725e-06,2.5075264602492098e-06
f95_mean,0.30615040953090095,0.00012400180062142424,0.18197286128997803,0.14417488873004913,0.037797972559928894
f284_q50,0.30615040953090095,0.00012400180062142424,0.04584157094359398,0.03967234119772911,0.006169229745864868
f383_q75,0.30615040953090095,0.00012400180062142424,0.19524069130420685,0.14416934549808502,0.051071345806121826
f430_q25,0.30611069744353436,0.00012435721508957938,0.00023214118846226484,0.0002896179794333875,5.747679097112268e-05
f110_mean,0.30578307272276,0.00012695900875385783,5.4629776258252605e-09,3.2265572436074308e-09,2.2364203822178297e-09
f135_mean,0.30564408041697694,0.0001280811573267905,0.00015994464047253132,0.0001241553109139204,3.5789329558610916e-05
f137_q50,0.30550508811119387,0.00012921275126024796,0.0006926017231307924,0.0005372127052396536,0.0001553890178911388
f469_q75,0.30532638371804416,0.00013074489276039333,0.025857320055365562,0.02077299915254116,0.005084320902824402
f126_q50,0.30527674360883594,0.0001311301376334857,-0.0001758643629727885,-0.0001295450929319486,4.631927004083991e-05
f286_q25,0.3051377513030529,0.00013228706645122766,0.12656547129154205,0.12380672246217728,0.0027587488293647766
f32_mean,0.3051377513030529,0.00013228706645122766,6.650484283454716e-05,4.7789599193492904e-05,1.8715243641054258e-05
f28_q25,0.3051377513030529,0.00013228706645122766,2.4077562557067722e-05,1.9853921912726946e-05,4.223640644340776e-06
f127_q75,0.305048399106478,0.00013307168563867695,-0.00014566961908712983,-0.0001167485024780035,2.892111660912633e-05
f137_mean,0.3049987589972698,0.00013345372565129723,0.0007014430011622608,0.0005381405353546143,0.0001633024658076465
f16_q50,0.30485976669148673,0.00013463106788547788,0.0001032861036946997,7.266001193784177e-05,3.062609175685793e-05
f116_mean,0.3047704144949119,0.00013543047686334227,2.747908183664549e-05,1.9775814507738687e-05,7.703267328906804e-06
f473_q75,0.3047704144949119,0.00013543047686334227,0.08655208349227905,0.09287916123867035,0.006327077746391296
f106_q75,0.3047704144949119,0.00013543047686334227,0.00013047641550656408,8.974689262686297e-05,4.072952287970111e-05
f4_mean,0.30472077438570366,0.00013581993902085738,2.801267874019686e-05,2.0651317754527554e-05,7.361360985669307e-06
f464_mean,0.30472077438570366,0.00013581993902085738,2.5081814403193903e-10,1.3107606666729055e-10,1.1974207736464848e-10
f349_q75,0.3046314221891288,0.00013662319304398398,3.7242281791805e-07,1.9003179829724104e-07,1.8239101962080895e-07
f95_q75,0.3046314221891288,0.00013662319304398398,0.2227196991443634,0.15642906725406647,0.06629063189029694
f13_q75,0.3045817820799206,0.00013702059191164078,0.00011820439976872876,8.339561463799328e-05,3.480878513073549e-05
f112_mean,0.3045817820799206,0.00013702059191164078,2.0303421166545377e-08,1.2211756938995677e-08,8.0916642275497e-09
f76_q50,0.30449242988334574,0.0001378259325961001,1.1481437328653143e-10,8.847936966427383e-11,2.6335003622257602e-11
f76_mean,0.30435343757756267,0.00013903967498427936,1.610208633096022e-10,9.334365225210917e-11,6.767721105749303e-11
f157_mean,0.3042740134028295,0.0001397474223149522,2.8222673790878616e-05,1.8829507098416798e-05,9.393166692461818e-06
f132_q25,0.3042640853809878,0.00013986376227402336,0.0003203028754796833,0.00025322200963273644,6.708086584694684e-05
f30_q50,0.30418466120625465,0.00014046173607588453,3.095615466008894e-05,2.0562703866744414e-05,1.0393450793344527e-05
f95_q25,0.30412509307520474,0.00014109329978984506,0.13743151724338531,0.13037410378456116,0.007057413458824158
f94_q25,0.3039861007694217,0.00014233316182732156,0.03810145705938339,0.03776009380817413,0.00034136325120925903
f151_mean,0.3039861007694217,0.00014233316182732156,5.7017219660338014e-05,3.8182879507075995e-05,1.883434015326202e-05
f454_q25,0.3039861007694217,0.00014233316182732156,7.015130837340067e-11,6.628104315398176e-11,3.870265219418911e-12
f16_mean,0.3038471084636386,0.00014358435516321366,0.00010465925879543647,7.293275848496705e-05,3.172650031046942e-05
f178_mean,0.303807396376272,0.0001440120069653264,0.7682720422744751,0.7108104228973389,0.05746161937713623
f118_q25,0.30370811615785553,0.00014484777255756827,0.00010153897164855152,8.066895679803565e-05,2.0870014850515872e-05
f27_q50,0.30361876396128074,0.00014570124934585853,6.258603389142081e-05,4.17669398302678e-05,2.081909406115301e-05
f109_q25,0.30361876396128074,0.00014570124934585853,3.5858043201386636e-09,2.53834864238911e-09,1.0474556777495536e-09
f287_q50,0.30361876396128074,0.00014570124934585853,0.1539410799741745,0.13390739262104034,0.020033687353134155
f121_q75,0.3035294117647059,0.00014656092709031555,0.0001893635926535353,0.00013451270933728665,5.4850883316248655e-05
f129_q75,0.3034301315462894,0.00014741153832310608,0.00010224928701063618,7.01985482010059e-05,3.2050738809630275e-05
f112_q75,0.30325142715313974,0.00014914461397366903,2.5075470588831195e-08,1.3574780410863241e-08,1.1500690177967954e-08
f164_mean,0.30321171506577316,0.0001495521405104642,0.32762038707733154,0.2861071228981018,0.041513264179229736
f31_q75,0.3031620749565649,0.00015001923015199988,1.6761974620749243e-05,1.1144070413138252e-05,5.617904207610991e-06
f125_q75,0.30283445023579053,0.00015309771142765956,0.00045532043441198766,0.00032974942587316036,0.0001255710085388273
f106_q50,0.30269545793000746,0.00015444002732620786,0.00011499846732476726,8.468111627735198e-05,3.0317351047415286e-05
f94_q50,0.3026061057334326,0.00015534664173578653,0.04800287261605263,0.04132777079939842,0.006675101816654205
f219_q75,0.3025167535368578,0.0001562600211741289,3.5562422340262856e-07,2.04324038577397e-07,1.5130018482523155e-07
f463_q75,0.30246711342764954,0.00015670440430285063,9.169245224205369e-11,4.238787446042558e-11,4.930457778162811e-11
f162_q75,0.3023777612310747,0.00015762747487757818,0.8753255009651184,0.7546625137329102,0.12066298723220825
f400_q50,0.3022884090344999,0.0001585429899004599,2.780226532195229e-05,1.7838212443166412e-05,9.964052878785878e-06
f391_q75,0.3020203524447754,0.00016112055049340675,2.7044380068730334e-09,1.497617363455106e-09,1.2068206434179274e-09
f28_q75,0.30201042442293374,0.00016133371865010473,3.400675268494524e-05,2.302745087945368e-05,1.097930180549156e-05
f14_q50,0.30201042442293374,0.00016133371865010473,0.00044808731763623655,0.0003383271978236735,0.00010976011981256306
f455_q25,0.3018217920079424,0.00016320374164729244,3.275180959771973e-10,2.4504739903896677e-10,8.24706969382305e-11
f29_q50,0.3018217920079424,0.00016320374164729244,0.00013013383431825787,9.78296302491799e-05,3.230420406907797e-05
f3_q50,0.3017324398113676,0.00016416222327305549,5.5576369049958885e-05,3.899031798937358e-05,1.6586051060585305e-05
f112_q50,0.30168279970215933,0.00016462954103719423,1.8938408175017685e-08,1.2046532660292542e-08,6.891875514725143e-09
f6_q75,0.30159344750558453,0.00016559236276771888,6.67383437402691e-09,3.6259726332588116e-09,3.0478617407680986e-09
f10_mean,0.30108711839166047,0.00017095113495764697,2.8267513698665425e-05,2.0814430172322318e-05,7.453083526343107e-06
f20_q50,0.3009977661950856,0.00017195095289705177,0.000792572507634759,0.0005884681595489383,0.00020410434808582067
f284_q25,0.3009481260858774,0.0001724372146884265,0.035292647778987885,0.0361240953207016,0.0008314475417137146
f406_q75,0.3006899975179945,0.00017504123468946314,0.002261861925944686,0.0013369496446102858,0.0009249122813344002
f11_q50,0.3005311491685282,0.00017697980682491202,0.00011799556523328647,8.878983499016613e-05,2.9205730243120342e-05
f127_q25,0.3004914370811616,0.00017750344523444385,-0.0001866202219389379,-0.00012791642802767456,5.870379391126335e-05
f477_q75,0.30044179697195333,0.00017800447293246863,0.023320192471146584,0.018795205280184746,0.004524987190961838
f67_q75,0.3002730206006453,0.0001797597575272665,1.2131826654382394e-09,7.24503901317064e-10,4.886787641211754e-10
f9_q50,0.3002134524695954,0.00018059830450656956,5.6012133427429944e-05,3.9227896195370704e-05,1.678423723205924e-05
f6_q50,0.3002134524695954,0.00018059830450656956,5.197744012974681e-09,3.2729459142899486e-09,1.9247980986847324e-09
f106_mean,0.3000248200546041,0.00018268520283945284,0.00011637025454547256,8.492491178913042e-05,3.144534275634214e-05
f66_mean,0.2998064035740879,0.00018528890715657456,7.887135944351087e-10,4.955511001547563e-10,2.9316249428035235e-10
f350_q75,0.2997071233556714,0.0001864134125633474,1.4227728115656646e-06,6.818660267526866e-07,7.40906784812978e-07
f453_q25,0.2994787788533135,0.00018911945181718018,3.9201013962708586e-11,4.637920603123291e-11,7.178192068524325e-12
f133_q75,0.2994787788533135,0.00018911945181718018,0.0003755468060262501,0.00026199070271104574,0.00011355610331520438
f19_q75,0.2991114420451725,0.00019351740356940195,0.00021687128173653036,0.00014501390978693962,7.185737194959074e-05
f94_mean,0.29906180193596427,0.0001940657010067218,0.05013174191117287,0.041840821504592896,0.008290920406579971
f192_mean,0.29889302556465625,0.0001959243567666767,4.769331553688971e-06,2.6080488169100136e-06,2.1612827367789578e-06
f136_q75,0.29883345743360634,0.00019687895311594093,0.0008626272901892662,0.0006036624545231462,0.00025896483566612005
f137_q75,0.2987838173243981,0.00019743050898237986,0.0008036007056944072,0.000568512303289026,0.0002350884024053812
f310_q50,0.2983469843633656,0.00020260249509450505,0.006692235358059406,0.004031668417155743,0.0026605669409036636
f120_mean,0.2983271283196823,0.0002031864285869437,0.00018112621910404414,0.0001353428087895736,4.578341031447053e-05
f123_q50,0.29804914370811614,0.00020669852346323357,9.02600513654761e-05,7.200978143373504e-05,1.825026993174106e-05
f4_q75,0.29804914370811614,0.00020669852346323357,3.2521638786420226e-05,2.1902993466937914e-05,1.0618645319482312e-05
f94_q75,0.29804914370811614,0.00020669852346323357,0.060014139860868454,0.04542899876832962,0.014585141092538834
f310_mean,0.2979796475552246,0.00020728847879485218,0.007021381985396147,0.004043193534016609,0.0029781884513795376
f167_q75,0.29759245470340034,0.00021270252849448686,1.6933517456054688,1.5437102317810059,0.1496415138244629
f27_q25,0.29717547778605113,0.00021823286644193798,5.632815009448677e-05,3.995891529484652e-05,1.6369234799640253e-05
f48_mean,0.29705634152395133,0.00021951317044530147,4.909017206955468e-06,2.8071344786440022e-06,2.101882728311466e-06
f463_mean,0.2967585008687019,0.0002238916291678672,6.921168499429697e-11,3.6146977772100186e-11,3.306470722219679e-11
f20_q25,0.296530156366344,0.0002271084259080419,0.0006977078737691045,0.0005578403361141682,0.00013986753765493631
f11_q75,0.2964805162571358,0.0002277519540305088,0.00013525961549021304,9.40158570301719e-05,4.1243758460041136e-05
f407_q75,0.29641102010424425,0.0002284669538204621,0.008413937874138355,0.005072875879704952,0.003341061994433403
f287_q25,0.29593447505584514,0.00023566927382646843,0.11970174312591553,0.12310785055160522,0.0034061074256896973
f32_q75,0.29593447505584514,0.00023566927382646843,7.436855230480433e-05,5.093981235404499e-05,2.3428739950759336e-05
f349_q25,0.29542814594192107,0.0002431395864152998,1.6214053744079138e-07,1.611311546412253e-07,1.0093827995660831e-09
f314_q75,0.29520972946140484,0.00024618609934256853,292.4196472167969,243.05303955078125,49.366607666015625
f221_q75,0.294921816827997,0.0002508323202937187,1.3777698768535629e-06,7.235412340378389e-07,6.54228642815724e-07
f135_q75,0.2947331844130057,0.0002536663903112286,0.00018952223763335496,0.000131883192807436,5.763904482591897e-05
f30_q25,0.29464383221643087,0.0002551174193007922,2.7877733373316005e-05,1.969460390682798e-05,8.183129466488026e-06
f118_q50,0.29459419210722265,0.0002558269500057587,0.00011560507846297696,8.543785952497274e-05,3.0167218938004225e-05
f123_mean,0.2945048399106478,0.0002572838090242258,9.019100980367512e-05,7.205887959571555e-05,1.8132130207959563e-05
f118_mean,0.2944551998014396,0.00025800805174031993,0.00011714408174157143,8.564040035707876e-05,3.1503681384492666e-05
f49_q75,0.29438570364854805,0.0002588155810574007,6.902514996909304e-06,3.846895651804516e-06,3.0556193451047875e-06
f29_q25,0.2943658476048647,0.00025946808187049747,0.00011322200589347631,9.13486146600917e-05,2.187339123338461e-05
f230_mean,0.2941871432117151,0.0002624258784186183,1.0040869247163187e-09,5.938257108262235e-10,4.102612138900952e-10
f356_q75,0.294048150905932,0.0002646609595830713,3.995623387709202e-09,2.3935662341045827e-09,1.602057153604619e-09
f184_q75,0.2938198064035741,0.0002684029241283048,1.8948686122894287,1.8526833057403564,0.042185306549072266
f98_q75,0.2937800943162075,0.0002689045486360053,7.165047463786323e-06,4.203564913041191e-06,2.9614825507451314e-06
f449_q75,0.293512037726483,0.00027303060175335375,3.7435933109009056e-07,2.2280967471033364e-07,1.5154965637975693e-07
f350_q50,0.29340282948622487,0.00027530730974833746,8.923564678298135e-07,6.255199309634918e-07,2.668365368663217e-07
f219_mean,0.29340282948622487,0.00027530730974833746,2.7208287178837054e-07,1.807798497566182e-07,9.130302203175233e-08
f147_q75,0.29313477289650036,0.0002797695149514171,58.487586975097656,49.1365966796875,9.350990295410156
f29_q75,0.2930354926780839,0.00028156923326366415,0.000150363877764903,0.0001050041028065607,4.5359774958342314e-05
f9_q25,0.29298585256887566,0.00028234869359111453,5.019755190005526e-05,3.75946874555666e-05,1.260286444448866e-05
f10_q75,0.29298585256887566,0.00028234869359111453,3.2943007681751624e-05,2.2068279577069916e-05,1.0874728104681708e-05
f19_mean,0.2928965003723008,0.0002839527779255402,0.00018676072068046778,0.0001367659860989079,4.9994734581559896e-05
f377_mean,0.29275750806651774,0.00028635180376063266,0.2646554708480835,0.2214152067899704,0.0432402640581131
f76_q75,0.2924795234549516,0.0002912016867872635,2.016041777963551e-10,1.0724490046021273e-10,9.435927733614236e-11
f6_q25,0.2923405311491685,0.00029365581368552736,4.087050697876293e-09,2.9741205054278907e-09,1.1129301924484025e-09
f431_q50,0.29230081906180194,0.0002944825444474612,0.0009483040776103735,0.0008306674426421523,0.00011763663496822119
f355_q75,0.2920228344502358,0.0002994891992297006,1.0610334832961144e-09,6.212237946279231e-10,4.3980968866819126e-10
f34_mean,0.2919434102755026,0.00030054672118492125,0.33238309621810913,0.2852681875228882,0.04711490869522095
f62_q75,0.29174484983866966,0.00030455700107634475,1.4707637774336035e-06,7.092967848620901e-07,7.614669925715134e-07
f3_q25,0.29174484983866966,0.00030455700107634475,4.9842714361147955e-05,3.73599432350602e-05,1.2482771126087755e-05
f424_q75,0.2917051377513031,0.0003053194545947447,0.022632911801338196,0.01711232028901577,0.005520591512322426
f90_q75,0.2917051377513031,0.0003053194545947447,0.11161607503890991,0.09010473638772964,0.021511338651180267
f120_q25,0.2916058575328866,0.0003071168075976924,0.00016100337961688638,0.00012910866644233465,3.1894713174551725e-05
f276_q25,0.29151650533631174,0.00030884595583651874,0.0844934955239296,0.07601744681596756,0.008476048707962036
f129_mean,0.29132787292132045,0.00031229642381940865,8.595753024565056e-05,6.575834413524717e-05,2.019918611040339e-05
f5_q50,0.29104988830975426,0.0003175677140644427,0.00011675705172820017,8.798630733508617e-05,2.8770744393114e-05
f58_q25,0.2909108960039712,0.00032024033043038597,1.94564236721817e-07,1.7356629200548923e-07,2.0997944716327765e-08
f123_q25,0.2903152146934723,0.00033204446959893676,7.474277663277462e-05,6.762563862139359e-05,7.11713801138103e-06
f33_q75,0.29028543062794737,0.0003323759436507949,0.8802992701530457,0.7539506554603577,0.126348614692688
f232_q75,0.2899975179945396,0.0003385909878408397,4.499864481033455e-09,2.59425259052648e-09,1.9056118905069752e-09
f132_q50,0.2895805410771904,0.000347149382469494,0.00035608228063210845,0.0002648004738148302,9.128180681727827e-05
f8_q50,0.2895309009679821,0.00034809911196197966,1.9099006820511022e-08,1.2891720579943922e-08,6.2072862405671e-09
f232_mean,0.28949118888061554,0.00034908966613261366,3.758596545111459e-09,2.291133727183592e-09,1.467462817927867e-09
f13_mean,0.2892132042690494,0.0003549411252092227,0.00010300972644472495,7.850584370316938e-05,2.450388274155557e-05
f136_mean,0.2892132042690494,0.0003549411252092227,0.0007624159334227443,0.0005698898457922041,0.00019252608763054013
f220_q75,0.28820054604120127,0.0003772055471094253,1.4080893606660538e-06,7.01258272783889e-07,7.068310878821649e-07
f48_q50,0.28794241747331845,0.0003825144658299179,4.699391411122633e-06,2.743521008596872e-06,1.955870402525761e-06
f120_q50,0.2878332092330603,0.0003856255980271435,0.00017968061729334295,0.00013518909690901637,4.449152038432658e-05
f402_mean,0.28779349714569374,0.00038652373470399144,6.190204294398427e-05,4.7678957344032824e-05,1.4223085599951446e-05
f123_q75,0.28778356912385206,0.00038666605862443156,0.00010481777280801907,7.647546590305865e-05,2.8342306904960424e-05
f141_q75,0.28751551253412755,0.00039305900884509194,0.007774591911584139,0.004250725731253624,0.003523866180330515
f310_q25,0.28746587242491933,0.00039421747263653514,0.005660370923578739,0.003880500327795744,0.0017798705957829952
f349_q50,0.28732688011913626,0.00039748583669493463,2.3422670381023636e-07,1.743482158644838e-07,5.987848794575257e-08
f219_q25,0.2872375279225614,0.000399658448018656,1.2748694189212983e-07,1.5338690673161182e-07,2.589996483948198e-08
f32_q25,0.2870488955075701,0.0004040875137567704,5.607603816315532e-05,4.436840390553698e-05,1.1707634257618338e-05
f5_q25,0.28699925539836185,0.0004051839450327568,0.00010142901737708598,8.31823781481944e-05,1.824663922889158e-05
f8_q25,0.28699925539836185,0.0004051839450327568,1.4160732142443067e-08,1.1460756788039816e-08,2.69997535440325e-09
f451_mean,0.2868205510052122,0.0004096875310944378,4.496440442203209e-10,2.9965413483878933e-10,1.4998990938153156e-10
f220_q50,0.28670141474311245,0.0004119493669322947,7.84214421400975e-07,5.979721890980727e-07,1.8624223230290227e-07
f61_mean,0.28668155869942913,0.00041307150266920286,3.094845340001484e-07,1.7261037044136174e-07,1.3687416355878668e-07
f19_q25,0.2866319185902209,0.0004141826002554096,0.00015533831901848316,0.0001282565062865615,2.7081812731921673e-05
f128_mean,0.28631422189128813,0.00042223976315574366,9.757974476087838e-05,7.01009776093997e-05,2.7478767151478678e-05
f7_mean,0.28612558947629685,0.0004268640301322859,5.626459742558154e-09,3.499080136748489e-09,2.127379605809665e-09
f67_mean,0.2858078927773641,0.0004351518334867225,9.81052017401396e-10,6.435415533800892e-10,3.375104640213067e-10
f176_q75,0.28570861255894764,0.0004375259890042948,0.11627286672592163,0.09512288868427277,0.021149978041648865
f62_mean,0.28566890047158106,0.00043873252071546126,1.1465002671684488e-06,6.263222758207121e-07,5.201779913477367e-07
f11_q25,0.2856192603623728,0.0004399087357509839,0.00010215552902081981,8.39687927509658e-05,1.818673626985401e-05
f447_mean,0.2848548026805659,0.0004599396585075097,7.991611283841848e-08,5.673378566939391e-08,2.3182327169024575e-08
f49_mean,0.28476545048399104,0.00046223594668243207,5.4478600759466644e-06,3.4909367059299257e-06,1.9569233700167388e-06
f435_q25,0.2847455944403078,0.00046332767011883404,9.188534022541717e-08,1.1571586355785257e-07,2.3830523332435405e-08
f171_mean,0.28471581037478283,0.0004638045525137453,0.15638822317123413,0.14080698788166046,0.01558123528957367
f387_mean,0.28466617026557456,0.00046544810309141077,8.739696568227373e-06,6.750657121301629e-06,1.9890394469257444e-06
f449_mean,0.284626458178208,0.00046609457563484845,3.0179666055119014e-07,1.890179817110038e-07,1.1277867884018633e-07
f419_q25,0.2844775378505833,0.0004709015201078996,0.08720254898071289,0.12001467496156693,0.032812125980854034
f349_mean,0.28428890543559193,0.0004761434575191185,2.822517046752182e-07,1.7521274742193782e-07,1.0703895725328039e-07
f13_q25,0.283921568627451,0.00048661174182011436,8.647373033454642e-05,7.36135698389262e-05,1.2860160495620221e-05
f164_q50,0.28384214445271777,0.0004883191853142032,0.32675352692604065,0.286018431186676,0.040735095739364624
f399_q50,0.28379250434350956,0.000490035707002404,3.036986345250625e-05,2.3323587811319157e-05,7.046275641187094e-06
f16_q25,0.28373293621245965,0.0004918978735112648,8.653233089717105e-05,6.808070611441508e-05,1.845162478275597e-05
f68_mean,0.28369322412509307,0.0004932402596626203,3.6218443799640454e-09,2.430043499757062e-09,1.1918008802069835e-09
f355_mean,0.28364358401588485,0.0004945986788154085,8.912017235296332e-10,5.80241965586481e-10,3.1095975794315223e-10
f131_q25,0.2835145197319434,0.000498274740581715,-6.58335120533593e-05,-4.336372876423411e-05,2.246978328912519e-05
f466_q25,0.28342516753536856,0.0005006885378640712,0.02647422067821026,0.03775946795940399,0.011285247281193733
f218_mean,0.28327624720774386,0.0005054511742845523,2.888891401653382e-07,1.6989974938041996e-07,1.1898939078491821e-07
f393_mean,0.2831471829238024,0.0005091019591606026,8.84842302184552e-06,6.7727269197348505e-06,2.075696102110669e-06
f17_q25,0.28304790270538593,0.0005123367846669389,-6.524934724438936e-05,-4.696023461292498e-05,1.8289112631464377e-05
f7_q75,0.28294862248696945,0.0005150946887805302,7.024045789449929e-09,3.867409059665761e-09,3.156636729784168e-09
f61_q75,0.2826309257880367,0.0005249665727045245,3.894895712619473e-07,1.9586329358389776e-07,1.9362627767804952e-07
f447_q75,0.2826011417225118,0.0005252147997500401,1.0347141454758457e-07,6.731132629056447e-08,3.6160088257020107e-08
f58_q50,0.28249193348225365,0.0005292320520599008,2.9896784781158203e-07,2.0024779701088846e-07,9.872005080069357e-08
f171_q50,0.2824621494167287,0.0005295750269220596,0.15550097823143005,0.14080046117305756,0.014700517058372498
f436_q25,0.28226358897989573,0.0005364411330552036,1.625460726017991e-07,1.5456546975656238e-07,7.980602845236717e-09
f134_q75,0.28212459667411266,0.000540796746548082,0.0002060567494481802,0.0001391973055433482,6.6859443904832e-05
f350_q25,0.2818962521717548,0.0005481449118557753,6.28073451025557e-07,5.782437710877275e-07,4.9829679937829496e-08
f218_q75,0.28161826756018865,0.0005570727102470786,3.6912302903147065e-07,1.9281800689441297e-07,1.7630502213705768e-07
f130_q25,0.28130057086125587,0.0005676168624743771,-6.656898040091619e-05,-4.641978011932224e-05,2.014920028159395e-05
f162_mean,0.28125093075204766,0.0005692020923096324,0.8118699193000793,0.7376942038536072,0.07417571544647217
f433_q50,0.2811218664681062,0.0005732858942563489,1.993814066736377e-06,1.3258785429570707e-06,6.679355237793061e-07
f13_q50,0.2810622983370563,0.0005753216652295186,0.00010145283886231482,7.827358786016703e-05,2.3179251002147794e-05
f407_mean,0.2808538098783817,0.0005816974868056689,0.006708104163408279,0.00440641026943922,0.002301693893969059
f5_q75,0.28041697691734924,0.000597356104307705,0.00013356619456317276,9.324844722868875e-05,4.031774733448401e-05
f141_q25,0.28019856043683294,0.00060519920562222,0.005087331868708134,0.003727619769051671,0.0013597120996564627
f220_mean,0.28009928021841646,0.0006086922766810666,1.0720270893216366e-06,6.170307642605621e-07,4.5499632506107446e-07
f8_q75,0.27991064780342517,0.0006152176662974279,2.5620099819434472e-08,1.4519504709653575e-08,1.1100595109780897e-08
f33_mean,0.2797319434102755,0.0006218687152461424,0.8160792589187622,0.7370162010192871,0.0790630578994751
f171_q75,0.2796525192355423,0.0006241571458140554,0.16452516615390778,0.14419952034950256,0.020325645804405212
f350_mean,0.2794539587987094,0.0006319052333156874,1.0601029316603672e-06,6.281008495534479e-07,4.3200208210691926e-07
f131_q50,0.2793646066021345,0.0006353058254677342,-5.881682227482088e-05,-4.126556450501084e-05,1.7551257769810036e-05
f420_q50,0.27932489451476794,0.0006366499063892579,0.03158038854598999,0.045399345457553864,0.013818956911563873
f62_q25,0.27922561429635145,0.0006404132605910049,6.035535875525966e-07,5.284818485051801e-07,7.507173904741649e-08
f11_mean,0.278758997269794,0.000657693898118734,0.00011951399937970564,8.906982839107513e-05,3.0444170988630503e-05
f5_mean,0.2785306527674361,0.0006664979913998854,0.00011841183732030913,8.830241131363437e-05,3.0109426006674767e-05
f463_q50,0.2785306527674361,0.0006664979913998854,4.672881179224042e-11,3.396521952581111e-11,1.2763592266429313e-11
f356_mean,0.27835194837428645,0.0006736679145790986,3.32484817455736e-09,2.2289268208908197e-09,1.0959213536665402e-09
f464_q25,0.2781633159592951,0.0006808361775924547,8.973899401354402e-11,9.964821329200291e-11,9.909219278458892e-12
f141_q50,0.27803425167535367,0.0006861300613094027,0.006170598790049553,0.003964969422668219,0.0022056293673813343
f192_q50,0.2779548275006205,0.000688235577676124,4.421960966283223e-06,2.540630930525367e-06,1.8813300357578555e-06
f62_q50,0.2778456192603624,0.0006936502853248129,8.518709933014179e-07,6.085508061914879e-07,2.4332018710993e-07
f403_q75,0.2778059071729958,0.0006951108938189411,5.780821811640635e-05,3.76034076907672e-05,2.0204810425639153e-05
f406_mean,0.2775378505832713,0.0007051347634564805,0.001813251874409616,0.0011612160596996546,0.0006520358147099614
f2_q75,0.277488210474063,0.0007074971816205645,1.7152411601273343e-05,1.0790158739837352e-05,6.362252861435991e-06
f19_q50,0.2773392901464383,0.0007141850431981124,0.00018699899374041706,0.00013609444431494921,5.090454942546785e-05
f274_q75,0.2771109456440804,0.000723675659054365,0.2822507917881012,0.25211799144744873,0.030132800340652466
f136_q25,0.2769223132290891,0.0007313886729887526,0.0006659082137048244,0.0005367861012928188,0.00012912211241200566
f68_q75,0.27689252916356416,0.0007318923325124136,4.471480519185889e-09,2.7483471054523534e-09,1.7231334137335352e-09
f392_q75,0.27656490444278975,0.0007463767226458698,8.724949651650604e-09,5.747027742586397e-09,2.9779219090642073e-09
f462_q25,0.2765053363117399,0.0007489756435962283,2.4539958606850654e-11,2.442813833158919e-11,1.1182027526146499e-13
f475_mean,0.27632663191859025,0.0007569681045066063,0.015288380905985832,0.02294929325580597,0.007660912349820137
f273_q50,0.2762869198312236,0.000758554556557847,0.07121790945529938,0.060955531895160675,0.010262377560138702
f425_q50,0.276276991809382,0.0007589394072922381,0.04233955219388008,0.03863527998328209,0.003704272210597992
f229_q75,0.2760685033507074,0.0007670636192625635,9.318757987486492e-10,4.752557236642474e-10,4.5662007508440183e-10
f61_q50,0.27595929511044925,0.0007731015102072073,2.3145567240590026e-07,1.6807638303362182e-07,6.337928937227844e-08
f128_q25,0.2756813104988831,0.000785425029268313,8.030414755921811e-05,6.537067383760586e-05,1.4933473721612245e-05
f474_q25,0.27564159841151653,0.0007871839540289445,0.013492477126419544,0.021929239854216576,0.008436762727797031
f321_q75,0.27563167038967484,0.0007874590766076607,0.8637104630470276,0.7635072469711304,0.10020321607589722
f178_q25,0.27554231819310004,0.000791644300859375,0.7391726970672607,0.7014055252075195,0.03776717185974121
f334_q75,0.2752643335815339,0.0008042145727292629,0.004525266587734222,0.0038702264428138733,0.0006550401449203491
f398_q75,0.2749466368826011,0.0008191622250226165,0.00013030045374762267,8.791589789325371e-05,4.2384555854368955e-05
f321_mean,0.2748969967733929,0.0008213044687552387,0.8133519291877747,0.7548258304595947,0.05852609872817993
f231_q25,0.2748969967733929,0.0008213044687552387,5.488995369340444e-10,4.590927915604226e-10,8.980674537362177e-11
f141_mean,0.27448994787788533,0.0008407155692588564,0.006659801118075848,0.0040069385431706905,0.002652862574905157
f8_mean,0.27439066765946885,0.0008453411265950847,2.0568890590766387e-08,1.3083037764261007e-08,7.48585282650538e-09
f26_mean,0.27402333085132785,0.0008632434373481815,273.3866882324219,232.45651245117188,40.93017578125
f136_q50,0.27379498634897,0.0008746135014040563,0.0007525619002990425,0.0005689020035788417,0.00018365989672020078
f270_mean,0.2737056341523951,0.0008791175044395726,0.08376063406467438,0.07005146890878677,0.013709165155887604
f134_mean,0.2736559940431869,0.0008814951447030467,0.0001772616960806772,0.00013063593360129744,4.662576247937977e-05
f124_mean,0.27333829734425413,0.0008976049614320013,0.0004388389643281698,0.0003276865463703871,0.00011115241795778275
f397_q75,0.27320923306031275,0.0009032241211794879,3.0792292818659917e-05,2.157878225261811e-05,9.213510566041805e-06
f131_mean,0.2730106726234798,0.0009142813083087068,-5.892862463952042e-05,-4.1278570279246196e-05,1.7650054360274225e-05
f258_q75,0.2727029039463887,0.0009294896135045082,0.47559529542922974,0.3591388463973999,0.11645644903182983
f122_q75,0.2725043435095557,0.0009408415223402257,0.00011215802805963904,8.010584861040115e-05,3.205217944923788e-05
f376_q75,0.2725043435095557,0.0009408415223402257,0.07615634799003601,0.06875838339328766,0.007397964596748352
f58_q75,0.2722759990071978,0.0009531602420485283,4.571365082028933e-07,2.3666702020364028e-07,2.2046948799925303e-07
f194_q75,0.2722263588979896,0.0009556074871135105,6.56377051200252e-06,3.540762008924503e-06,3.0230085030780174e-06
f58_mean,0.2718590220898486,0.0009756734637304375,3.6786769896934857e-07,2.06499791488568e-07,1.6136790748078056e-07
f354_mean,0.2716803176966989,0.0009857825464062704,7.324684192511199e-10,4.4350426109396324e-10,2.889641581571567e-10
f61_q25,0.27149168528170764,0.0009961311213101942,1.658374202406776e-07,1.4527691405419318e-07,2.0560506186484417e-08
f380_q75,0.27135269297592457,0.0010038891191531789,0.31180238723754883,0.27721384167671204,0.03458854556083679
f336_q50,0.2712137006701415,0.0010117037797633293,4.332396201789379e-06,2.4978014607768273e-06,1.8345947410125518e-06
f43_q75,0.27118391660461655,0.001012616489087337,0.17202898859977722,0.15386652946472168,0.018162459135055542
f40_mean,0.27117398858277486,0.001014270129552497,0.11045121401548386,0.09292565286159515,0.017525561153888702
f25_mean,0.27112434847356665,0.0010169839240103198,56.19031524658203,46.16146469116211,10.028850555419922
f50_q75,0.27058823529411763,0.0010467388121604612,2.4192868295358494e-05,1.4713506971020252e-05,9.479361324338242e-06
f50_mean,0.27058823529411763,0.0010467388121604612,1.9703471480170265e-05,1.3281784049468115e-05,6.42168743070215e-06
f329_q25,0.2702506825515016,0.0010681292446996253,0.7443885207176208,0.7085741758346558,0.03581434488296509
f452_q75,0.2701712583767684,0.0010718234066419492,2.0168753334104395e-09,1.3411270982643941e-09,6.757482351460453e-10
f196_q75,0.2700620501365103,0.001079154802295774,2.357166522415355e-05,1.3609834240924101e-05,9.961830983229447e-06
f396_q75,0.26984363365599406,0.001092439850077787,3.977130108978599e-05,2.8064509024261497e-05,1.1706792065524496e-05
f45_q75,0.26976420948126084,0.0010959792464794696,1.0207757949829102,1.018804669380188,0.001971125602722168
f289_q75,0.2694862248696947,0.001113141723186792,6.345901510940166e-06,3.7823663205927005e-06,2.5635351903474657e-06
f375_q50,0.26914867212707866,0.0011360561943573979,0.08607230335474014,0.06544192880392075,0.020630374550819397
f444_q75,0.26904939190866217,0.00114195620458228,1.616594147435535e-07,8.963030495579005e-08,7.202910978776345e-08
f130_mean,0.2689600397120874,0.001147862391107643,-6.00151252001524e-05,-4.411307963891886e-05,1.5902045561233535e-05
f229_mean,0.26832464631422187,0.0011889904239070271,7.634089471686423e-10,4.2196979244124577e-10,3.414391547273965e-10
f437_q25,0.268265078183172,0.0011927953831950785,7.399207220259996e-07,5.842501309416548e-07,1.5567059108434478e-07
f44_q75,0.2682253660958054,0.0011958912039831291,1.8992680311203003,1.8518092632293701,0.047458767890930176
f41_q25,0.26817572598659717,0.001198918934806938,0.7551432847976685,0.7065625190734863,0.04858076572418213
f90_q50,0.2675800446760983,0.0012394293363889397,0.0961121916770935,0.08306103199720383,0.013051159679889679
f219_q50,0.26749069247952345,0.0012457281780412653,1.9523416483480105e-07,1.7645730565618578e-07,1.8776859178615268e-08
f82_mean,0.2672127078679573,0.001264968000459979,0.22020618617534637,0.23061536252498627,0.010409176349639893
f179_mean,0.2672127078679573,0.001264968000459979,0.7561848163604736,0.7126126289367676,0.043572187423706055
f231_q50,0.26707371556217424,0.0012746675424243896,7.797689716149137e-10,5.353691934217863e-10,2.443997781931273e-10
f221_mean,0.26670637875403325,0.001300879262664092,1.0349051535740728e-06,6.418253519768768e-07,3.930798015971959e-07
f40_q50,0.26661702655745845,0.0013074032205672693,0.10957296937704086,0.09279584884643555,0.016777120530605316
f391_mean,0.26643832216430874,0.0013197757920043948,1.963927687143041e-09,1.2941653304565648e-09,6.697623566864763e-10
f322_q50,0.26639861007694216,0.0013216342089002464,0.3202235996723175,0.28945112228393555,0.030772477388381958
f336_mean,0.2662596177711591,0.0013319439971193985,4.3815157368953805e-06,2.4882074285415e-06,1.8933083083538804e-06
f475_q50,0.2662000496401092,0.0013377351319768262,0.014291255734860897,0.022240735590457916,0.00794947985559702
f450_q50,0.266120625465376,0.0013423364181231099,2.5911095491437663e-10,1.980504371612568e-10,6.106051775311983e-11
f218_q50,0.2660610573343261,0.0013479516257050477,2.1229354274510115e-07,1.647853906661112e-07,4.750815207898995e-08
f81_q75,0.26593199305038473,0.0013571298165379318,0.47647663950920105,0.366496741771698,0.10997989773750305
f130_q50,0.2656043683296103,0.0013824301661325004,-5.975723615847528e-05,-4.405624349601567e-05,1.5700992662459612e-05
f355_q50,0.2655547282204021,0.0013860425073051299,8.58653204094395e-10,5.812098580193492e-10,2.7744334607504584e-10
f356_q25,0.2655547282204021,0.0013860425073051299,2.496699513798717e-09,2.0712638271191963e-09,4.254356866795206e-10
f82_q50,0.26546537602382725,0.0013930311512881355,0.2180885225534439,0.23079881072044373,0.012710288166999817
f377_q50,0.26541573591461903,0.0013965938387983008,0.2610214352607727,0.22146320343017578,0.039558231830596924
f221_q25,0.2649590469099032,0.0014323015614313927,4.871436090070347e-07,5.43127271157573e-07,5.5983662150538294e-08
f385_q75,0.2648299826259618,0.0014413562366498245,3.031177584489342e-06,1.5495581919822143e-06,1.4816193925071275e-06
f452_mean,0.2648200546041201,0.001443223425425467,1.6000480940192574e-09,1.1553359380300776e-09,4.447121559891798e-10
f449_q50,0.2642343013154629,0.0014886711892007007,2.2352379858148197e-07,1.8083419206504914e-07,4.268960651643283e-08
f179_q75,0.264174733184413,0.0014950640548106692,0.7859194278717041,0.7210578918457031,0.06486153602600098
f281_mean,0.2639861007694217,0.0015101444041747969,0.3006543219089508,0.2662806808948517,0.03437364101409912
f479_q75,0.2639861007694217,0.0015101444041747969,0.06662338972091675,0.05604320764541626,0.010580182075500488
f425_q75,0.2639463886820551,0.0015139408499022086,0.057814016938209534,0.04453853517770767,0.013275481760501862
f305_q25,0.26375775626706377,0.0015292652407219148,-6.377821409842e-05,-4.3683714466169477e-05,2.0094499632250518e-05
f328_q75,0.26375775626706377,0.0015292652407219148,0.10753514617681503,0.09088330715894699,0.016651839017868042
f218_q25,0.2635790518739141,0.001544610812839912,1.4723610775035922e-07,1.4283460814112914e-07,4.401499609230086e-09
f188_q75,0.2631223628691983,0.0015831866149098215,0.004614406730979681,0.003911209292709827,0.0007031974382698536
f424_mean,0.26302308265078184,0.0015919289029145297,0.018657609820365906,0.015235355123877525,0.0034222546964883804
f305_q50,0.2628344502357905,0.0016079145644809258,-5.85398702241946e-05,-4.263037408236414e-05,1.590949614183046e-05
f355_q25,0.26251675353685777,0.001636365588470148,6.594738088949725e-10,5.412270631666161e-10,1.1824674572835647e-10
f469_q25,0.2623380491437081,0.0016524101521002332,0.012396655976772308,0.015339413657784462,0.0029427576810121536
f280_q75,0.26209977661950856,0.001673542877361468,0.3197775185108185,0.2874128520488739,0.03236466646194458
f477_mean,0.2618217920079424,0.0016987726306485716,0.018485751003026962,0.016502391546964645,0.001983359456062317
f220_q25,0.26178207992057584,0.0017030431397140394,5.336161734703637e-07,5.198762664804235e-07,1.373990698994021e-08
f189_q75,0.2615934475055845,0.0017200844679863575,0.004527150187641382,0.0038905167020857334,0.0006366334855556488
f305_mean,0.2614544551998014,0.0017329769805768862,-5.859287557541393e-05,-4.2578234570100904e-05,1.6014641005313024e-05
f193_q50,0.2611367585008687,0.001763464136002426,3.673395212899777e-06,2.30225100494863e-06,1.3711442079511471e-06
f90_mean,0.26049143708116157,0.0018258488272328642,0.09750110656023026,0.08425120264291763,0.013249903917312622
f24_q75,0.2603524447753785,0.001839471655690634,119.54293060302734,102.07060241699219,17.472328186035156
f356_q50,0.2594787788533135,0.0019280214620218175,3.1551805612650696e-09,2.230385653945177e-09,9.247949073198924e-10
f463_q25,0.2594291387441052,0.0019327531725770212,2.6216338128159933e-11,2.7476914840618427e-11,1.2605767124584943e-12
f229_q50,0.2593397865475304,0.0019423483997589902,6.750052183868149e-10,4.0715686377978955e-10,2.678483546070254e-10
f170_q50,0.2593100024820055,0.0019435826517626672,0.15578551590442657,0.14215406775474548,0.013631448149681091
f336_q25,0.25920079424174736,0.0019567708133019974,3.4056674849125557e-06,2.343086634937208e-06,1.0625808499753475e-06
f39_q75,0.2591610821543807,0.001961345603328351,0.5808767676353455,0.5563555955886841,0.024521172046661377
f124_q50,0.2591610821543807,0.001961345603328351,0.0004346687637735158,0.0003278219373896718,0.00010684682638384402
f233_mean,0.2591114420451725,0.00196646826540195,3.300140605233537e-09,2.1729276156179367e-09,1.1272129896156002e-09
f328_mean,0.2587838173243981,0.002000650049451093,0.10136731714010239,0.08932431042194366,0.012043006718158722
f228_q50,0.2586547530404567,0.002015237721416855,7.069885787913677e-10,4.469665193518324e-10,2.6002205943953527e-10
f221_q50,0.25851576073467364,0.002030309047265721,7.655903573322576e-07,6.278032742557116e-07,1.3778708307654597e-07
f193_q75,0.25846612062546537,0.002035458320101759,5.03935370943509e-06,2.594455736470991e-06,2.4448979729640996e-06
f163_q75,0.2579597915115413,0.0020912268673021384,0.8689859509468079,0.783961296081543,0.08502465486526489
f233_q50,0.2579597915115413,0.0020912268673021384,2.8889834968737205e-09,2.078414107486992e-09,8.105693893867283e-10
f275_q25,0.25778108711839165,0.0021113661438354066,0.23003730177879333,0.18786753714084625,0.04216976463794708
f385_mean,0.2575527426160338,0.00213688608528108,2.2881793029227993e-06,1.3428896181721939e-06,9.452896847506054e-07
f354_q50,0.2575031025068255,0.0021429917791317183,7.090859566183383e-10,4.436123135498349e-10,2.654736430685034e-10
f475_q75,0.25717547778605115,0.0021801789696946805,0.01915951818227768,0.025752678513526917,0.006593160331249237
f425_mean,0.2570364854802681,0.0021962294178413774,0.04604477807879448,0.039638347923755646,0.006406430155038834
f394_q75,0.25695706130553486,0.0022049916789818142,8.898466148821171e-06,5.776513262389926e-06,3.121952886431245e-06
f98_mean,0.25695706130553486,0.0022049916789818142,6.041557298885891e-06,3.832469246844994e-06,2.2090880520408973e-06
f231_mean,0.25694713328369323,0.00220702163179972,8.976091536716524e-10,5.593442931051129e-10,3.382648605665395e-10
f24_q50,0.2566691486721271,0.0022395968027567885,108.7211685180664,99.0751724243164,9.64599609375
f171_q25,0.25663936460660214,0.002241388427525725,0.14660143852233887,0.13737601041793823,0.009225428104400635
f233_q75,0.25657979647555224,0.0022505755131315727,4.0459959826932845e-09,2.4695978595445922e-09,1.5763981231486923e-09
f128_q50,0.25644080416976917,0.0022671127097859366,9.317985677625984e-05,6.992976705078036e-05,2.3250089725479484e-05
f229_q25,0.2563018118639861,0.0022837544872798114,5.01295172039562e-10,3.5499198025590317e-10,1.463031917836588e-10
f272_q75,0.25621245966741124,0.00229490460551761,0.0738728940486908,0.07659263163805008,0.0027197375893592834
f134_q25,0.25621245966741124,0.00229490460551761,0.0001468365517212078,0.00012231164146214724,2.452491025906056e-05
f122_q25,0.25519980143956317,0.0024210472848406133,8.327733667101711e-05,7.036017632344738e-05,1.2917160347569734e-05
f233_q25,0.25515016133035495,0.0024269353742682248,2.0797583655252083e-09,1.776660596419788e-09,3.030977691054204e-10
f279_q75,0.25515016133035495,0.0024269353742682248,0.08883383125066757,0.08272235095500946,0.006111480295658112
f124_q25,0.25497145693720524,0.002450439527924858,0.00037520742625929415,0.00030788537696935236,6.732204928994179e-05
f332_q75,0.2548324646314222,0.002468428821346336,1.8843902349472046,1.8477569818496704,0.03663325309753418
f434_q50,0.2546537602382725,0.002491025836891569,6.55722988085472e-06,5.1521674322430044e-06,1.4050624486117158e-06
f279_q50,0.2545941921072226,0.0024985503921295515,0.07858910411596298,0.07661709189414978,0.001972012221813202
f1_q75,0.25420699925539836,0.002547437931353089,7.5976422522217035e-06,4.3484801608428825e-06,3.249162091378821e-06
f122_mean,0.25404815090593197,0.0025721550029938816,9.827040048548952e-05,7.516058394685388e-05,2.310981653863564e-05
f131_q75,0.2538198064035741,0.0026033219572771243,-5.196484562475234e-05,-3.9220565668074414e-05,1.2744279956677929e-05
f278_q25,0.2538098783817324,0.002603381100219789,0.06841845065355301,0.07284177839756012,0.004423327744007111
f194_q50,0.25377016629436583,0.0026096845463378514,4.721909135696478e-06,3.098728257100447e-06,1.6231808785960311e-06
f333_q75,0.2537006701414743,0.0026160228837191317,1.0201972723007202,1.01863431930542,0.001562952995300293
f388_q75,0.2535517498138496,0.002638599458895515,8.786123544268776e-06,5.757040980824968e-06,3.029082563443808e-06
f281_q50,0.2533531893770166,0.00266691190753657,0.29456230998039246,0.26375728845596313,0.03080502152442932
f166_q50,0.2533035492678084,0.0026733467463879237,1.585179090499878,1.4529343843460083,0.13224470615386963
f231_q75,0.2532241250930752,0.002685673008921771,1.0958693952289877e-09,6.34036378954761e-10,4.618330162742268e-10
f392_mean,0.2526780838917846,0.0027616720326561674,6.611994063376869e-09,4.965973854353933e-09,1.6460202090229359e-09
f395_q75,0.2526284437825763,0.002769908238867203,3.0403691198443994e-05,2.2543605155078694e-05,7.8600860433653e-06
f96_q25,0.2526185157607347,0.0027715561345495595,-6.76340050631552e-07,8.767851511493063e-08,7.640185657464826e-07
f446_q75,0.25254901960784315,0.002778359125519727,6.496513265119574e-07,3.2498994073648646e-07,3.24661385775471e-07
f273_q25,0.25253909158600146,0.002782030199163143,0.0626782700419426,0.05572032928466797,0.006957940757274628
f414_q75,0.2523603871928518,0.002806525576380868,5.6961252994369715e-06,4.087576144229388e-06,1.6085491552075837e-06
f279_mean,0.2522015388433855,0.002832045693378368,0.08013017475605011,0.07745718210935593,0.0026729926466941833
f46_q75,0.2521121866468106,0.002845670280906977,0.004630604293197393,0.0039396462962031364,0.000690957996994257
f281_q75,0.2521121866468106,0.002845670280906977,0.33552420139312744,0.2846527099609375,0.05087149143218994
f177_q75,0.2514668652271035,0.002942631227084548,0.1041131466627121,0.09042362868785858,0.013689517974853516
f389_q75,0.2506031273268801,0.0030772842386685532,2.9629431082867086e-05,2.2454167265095748e-05,7.175263817771338e-06
f328_q50,0.2505931993050385,0.003079094681288781,0.10113869607448578,0.0893196389079094,0.011819057166576385
f448_q50,0.25056341523951353,0.003081622093400491,6.128122009840808e-08,4.9126249734854355e-08,1.215497036355373e-08
f25_q50,0.2502258624968975,0.0031382767648699132,55.7653694152832,46.0649299621582,9.700439453125
f24_mean,0.24994787788533135,0.0031833386130922523,110.44072723388672,99.28148651123047,11.15924072265625
f391_q50,0.24964010920824026,0.0032329673270037437,1.6950958414696515e-09,1.2464487220142928e-09,4.4864711945535873e-10
f470_q50,0.24949118888061553,0.0032597722930402624,0.0649375170469284,0.0639323890209198,0.001005128026008606
f471_q75,0.24912385207247456,0.0033221024693015073,0.029250936582684517,0.03241705521941185,0.003166118636727333
f444_mean,0.24907421196326632,0.0033300084935700934,1.2133466498198686e-07,7.480376496005192e-08,4.653090002193494e-08
f35_q50,0.248885579548275,0.003361638656754792,1.591019868850708,1.4439949989318848,0.14702486991882324
f162_q50,0.2486175229585505,0.0034096331517123454,0.8026644587516785,0.7368552088737488,0.06580924987792969
f477_q50,0.24856788284934228,0.0034177328272347466,0.016064176335930824,0.015913523733615875,0.00015065260231494904
f197_q50,0.24847853065276743,0.003433898929006891,1.4234714399208315e-05,1.094922026823042e-05,3.285494130977895e-06
f83_q75,0.24843881856540084,0.003440491365745743,0.841560959815979,0.7765436768531799,0.06501728296279907
f280_q25,0.24824025812856787,0.00347462793042578,0.25327152013778687,0.24850603938102722,0.0047654807567596436
f384_q75,0.24813104988830975,0.0034911790223768977,1.69246732184547e-06,9.207941502609174e-07,7.716731715845526e-07
f369_q75,0.24803176966989327,0.0035104778438961974,0.4262761175632477,0.3295469582080841,0.09672915935516357
f146_q50,0.24788284934226856,0.003540525423166131,55.42683410644531,45.91016387939453,9.516670227050781
f134_q50,0.24690990320178705,0.003719878940762304,0.00017468002624809742,0.00013019981270190328,4.4480213546194136e-05
f50_q50,0.24679076693968727,0.0037394615143675498,1.8197097233496606e-05,1.2858366972068325e-05,5.338730261428282e-06
f67_q50,0.24654256639364608,0.003790263681146833,8.001324047768321e-10,6.176726352613571e-10,1.8245976951547505e-10
f49_q50,0.24651278232812113,0.0037934150128536293,5.086088549433043e-06,3.3824833280959865e-06,1.7036052213370567e-06
f2_mean,0.24632414991312981,0.00383160525070149,1.4367814401339274e-05,9.678134119894821e-06,4.689680281444453e-06
f179_q25,0.24631422189128815,0.003834864788542534,0.728066086769104,0.7045180201530457,0.02354806661605835
f66_q50,0.24622486969471333,0.0038527169010061056,6.72534750112419e-10,4.814872389680147e-10,1.9104751114440433e-10
f401_q75,0.24617522958550508,0.003861866371259685,1.2825969861296471e-05,8.904220521799289e-06,3.9217493394971825e-06
f398_mean,0.24608587738893026,0.003879905727435659,0.00010256097448291257,7.758133870083839e-05,2.4979635782074183e-05
f403_mean,0.24604616530156367,0.0038868083852844864,4.454418012755923e-05,3.316031506983563e-05,1.1383865057723597e-05
f144_q50,0.2452519235542318,0.004046342771515398,107.1107177734375,99.49531555175781,7.6154022216796875
f451_q50,0.24471581037478282,0.0041557442817189896,3.400846271262026e-10,2.807185595088413e-10,5.93660676173613e-11
f182_q75,0.2443981136758501,0.004221098971500701,0.17189596593379974,0.15261059999465942,0.01928536593914032
f337_q25,0.24428890543559195,0.004248678152014653,3.5962518722953973e-06,2.889461484301137e-06,7.067903879942605e-07
f174_q75,0.24424919334822537,0.004257212933994457,0.5778958201408386,0.5559097528457642,0.021986067295074463
f322_mean,0.24420948126085879,0.004263210029004738,0.3213009238243103,0.2894192337989807,0.03188169002532959
f411_q75,0.24420948126085879,0.004263210029004738,1.156348480435554e-05,8.386089575651567e-06,3.177395228703972e-06
f473_mean,0.24373293621245967,0.004368447767644195,0.07099917531013489,0.08331996947526932,0.01232079416513443
f410_q25,0.2435145197319434,0.0044167429631917195,23.8137264251709,31.206634521484375,7.392908096313477
f417_q75,0.24342516753536858,0.004435416625688291,0.10798852890729904,0.09163440018892288,0.01635412871837616
f404_q75,0.24290891039960288,0.004553820166184404,0.00021092942915856838,0.00014747068053111434,6.345874862745404e-05
f100_mean,0.2428691983122363,0.004562396387389178,1.3235439837444574e-05,9.38277389650466e-06,3.8526659409399144e-06
f334_mean,0.24270042194092828,0.004596121604566773,0.004359469283372164,0.00383399217389524,0.0005254771094769239
f48_q25,0.24263092578803674,0.004617243662877342,3.509283033054089e-06,2.483160642441362e-06,1.026122390612727e-06
f427_q25,0.24245222139488706,0.004659329983066332,0.011700822040438652,0.013574640266597271,0.001873818226158619
f193_mean,0.24240258128567882,0.004670643971873457,4.056176749145379e-06,2.3541924747405574e-06,1.701984274404822e-06
f45_q50,0.24228344502357904,0.004692903711644028,1.020201325416565,1.0185543298721313,0.0016469955444335938
f186_q75,0.24191610821543807,0.004779672008899835,1.0204706192016602,1.0187262296676636,0.001744389533996582
f176_mean,0.24142963514519733,0.004901319373344223,0.10693594813346863,0.09157073497772217,0.01536521315574646
f439_q75,0.24106229833705634,0.004991931031568973,2.5167886974486464e-07,1.2743275590310077e-07,1.2424611384176387e-07
f179_q50,0.24102258624968975,0.00500326418722043,0.759028434753418,0.7128618955612183,0.04616653919219971
f122_q50,0.24102258624968975,0.00500326418722043,9.823448635870591e-05,7.506425026804209e-05,2.317023609066382e-05
f444_q50,0.2409729461404815,0.005014829803085721,8.869523071552976e-08,7.236020138634558e-08,1.633502932918418e-08
f40_q25,0.24093323405311493,0.005025620146365963,0.100599005818367,0.08930577337741852,0.011293232440948486
f196_mean,0.24075452965996524,0.005068278636514942,1.9439004972809926e-05,1.2280079317861237e-05,7.158925654948689e-06
f328_q25,0.24069496152891537,0.0050840613465069386,0.09498152881860733,0.08774265646934509,0.0072388723492622375
f337_q50,0.24060560933234054,0.005107304275741061,4.6926929826440755e-06,3.100809408351779e-06,1.5918835742922965e-06
f194_mean,0.24052618515760735,0.005125181183995751,5.294998118188232e-06,3.2011853363655973e-06,2.093812781822635e-06
f305_q75,0.24027798461156616,0.005189438461415676,-5.368249549064785e-05,-4.151292159804143e-05,1.2169573892606422e-05
f89_q75,0.24014892032762472,0.005224891278528769,0.28241392970085144,0.24732035398483276,0.03509357571601868
f392_q50,0.23965251923554232,0.005351213834998913,5.534445346455641e-09,4.774252548855884e-09,7.601927975997569e-10
f440_q75,0.239463886820551,0.0054034843603683975,8.853542681208637e-07,4.73483112273243e-07,4.118711558476207e-07
f465_q75,0.23945395879870937,0.005406481329400245,0.10844817757606506,0.09973915666341782,0.008709020912647247
f195_q50,0.23936460660213452,0.005431013183289152,3.7211921153357252e-06,2.845003791662748e-06,8.761883236729773e-07
f170_q75,0.23914619012161828,0.005486575271384972,0.16513946652412415,0.1458393931388855,0.019300073385238647
f192_q25,0.23908662199056838,0.005505515054153199,3.412048272366519e-06,2.2810934297012864e-06,1.1309548426652327e-06
f338_q50,0.23908662199056838,0.005505515054153199,1.716234692139551e-05,1.1894465387740638e-05,5.267881533654872e-06
f45_mean,0.23905683792504342,0.005509496422983749,1.0202196836471558,1.0185626745224,0.0016570091247558594
f91_q75,0.23880863737900224,0.005580924433631817,0.08244232088327408,0.08373721688985825,0.0012948960065841675
f170_mean,0.23868950111690246,0.00560956984871159,0.15592579543590546,0.14227807521820068,0.013647720217704773
f447_q50,0.23868950111690246,0.00560956984871159,6.200311020165827e-08,5.4715634689728176e-08,7.287475511930097e-09
f313_mean,0.23850086870191115,0.005664036204676944,55.025001525878906,46.78074264526367,8.244258880615234
f479_mean,0.23830230826507817,0.005721558514870748,0.05259222909808159,0.048969000577926636,0.003623228520154953
f36_q75,0.23823281211218664,0.005735405138528705,2.2844510078430176,2.2222161293029785,0.06223487854003906
f274_mean,0.23812360387192852,0.005773202435249119,0.2526642382144928,0.23187218606472015,0.020792052149772644
f35_mean,0.23811367585008686,0.005773349464011101,1.5918190479278564,1.4445841312408447,0.14723491668701172
f194_q25,0.23807396376272028,0.005786504305501236,3.5360608308110386e-06,2.7590622266870923e-06,7.769986041239463e-07
f337_q75,0.23807396376272028,0.005786504305501236,5.702933776774444e-06,3.293522922831471e-06,2.4094108539429726e-06
f417_q25,0.23780590717299577,0.005862910739868803,0.05200985446572304,0.07018913328647614,0.018179278820753098
f230_q50,0.23775626706378755,0.005878139288786678,8.711788512805185e-10,5.663283175749712e-10,3.048505337055474e-10
f146_mean,0.2376669148672127,0.0059033685501375804,55.90729904174805,45.9836311340332,9.923667907714844
f278_mean,0.23737900223380493,0.005985464173953762,0.07712632417678833,0.07893599569797516,0.0018096715211868286
f445_mean,0.2373591461901216,0.005986134268242513,1.381041982995157e-07,7.605514440456318e-08,6.204905389495252e-08
f186_q50,0.23708116157855547,0.006068397004180393,1.0198571681976318,1.018470048904419,0.0013871192932128906
f278_q75,0.23678332092330603,0.006163055242832742,0.08497656136751175,0.08425858616828918,0.0007179751992225647
f176_q50,0.23664432861752296,0.006204685453394416,0.10555890202522278,0.09134873747825623,0.014210164546966553
f280_q50,0.23664432861752296,0.006204685453394416,0.2830578684806824,0.267141729593277,0.015916138887405396
f186_mean,0.23657483246463143,0.006220180794233081,1.0198529958724976,1.018481731414795,0.0013712644577026367
f87_mean,0.2365053363117399,0.006246536991522035,0.08119869232177734,0.06925085186958313,0.011947840452194214
f337_mean,0.23641598411516504,0.0062746336296436184,4.772802640218288e-06,3.0893709208612563e-06,1.6834317193570314e-06
f334_q50,0.23625713576569868,0.006317031321769501,0.004345630761235952,0.0038330478128045797,0.0005125829484313726
f196_q50,0.23604864730702407,0.006388034446995261,1.7587693946552463e-05,1.1911669389519375e-05,5.676024557033088e-06
f338_mean,0.23604864730702407,0.006388034446995261,1.762830652296543e-05,1.1861693565151654e-05,5.766612957813777e-06
f410_q75,0.23559195830230825,0.0065321388800361115,44.29902267456055,40.15906524658203,4.139957427978516
f177_mean,0.23554231819310004,0.006547047935365492,0.09524814039468765,0.08716973662376404,0.008078403770923615
f388_mean,0.2351849094068007,0.006659674403046062,6.795005447202129e-06,5.072095973446267e-06,1.7229094737558626e-06
f188_q25,0.23509555721022588,0.006687072282261317,0.0041582523845136166,0.0037551820278167725,0.0004030703566968441
f458_q75,0.23508562918838422,0.006694401834063872,3.299517048471756e-10,1.7234558224998864e-10,1.5760612259718698e-10
f100_q75,0.23504591710101763,0.006705197797074418,1.5457877452718094e-05,1.0470583220012486e-05,4.987294232705608e-06
f313_q50,0.23490692479523456,0.006751008021294029,54.75692367553711,46.754634857177734,8.002288818359375
f421_q50,0.23480764457681808,0.006784671621675125,0.013749964535236359,0.01648898608982563,0.0027390215545892715
f188_mean,0.23473814842392654,0.006800014529162348,0.004393791314214468,0.0038352631963789463,0.0005585281178355217
f468_q25,0.23434102755026062,0.00693723336212382,0.0265872273594141,0.024510864168405533,0.002076363191008568
f406_q50,0.2342715313973691,0.006956129961540084,0.0015325045678764582,0.0011250482639297843,0.00040745630394667387
f144_mean,0.2341126830479027,0.007014783358822094,108.57550811767578,99.79586791992188,8.779640197753906
f354_q25,0.2339836187639613,0.007060077588606466,5.445384698710143e-10,4.154893651353575e-10,1.2904910473565678e-10
f177_q50,0.2338843385455448,0.007092981817988985,0.09471390396356583,0.08698081225156784,0.007733091711997986
f144_q75,0.23383469843633656,0.007108607087101187,117.9130859375,102.5286636352539,15.384422302246094
f446_mean,0.23381484239265327,0.007109513320542432,5.06747426243237e-07,2.734410884386307e-07,2.333063378046063e-07
f68_q50,0.23342764954082898,0.0072515443355386285,2.9853817196112686e-09,2.32764341134839e-09,6.577383082628785e-10
f397_mean,0.23333829734425415,0.0072828794864225966,2.4000288249226287e-05,1.8991637261933647e-05,5.00865098729264e-06
f476_mean,0.2332886572350459,0.007299898989061533,0.05537205561995506,0.07579337060451508,0.020421314984560013
f90_q25,0.2331000248200546,0.007364880602061891,0.08180723339319229,0.07742549479007721,0.004381738603115082
f408_q25,0.23302060064532143,0.007392572271671297,8.347491264343262,11.781208038330078,3.4337167739868164
f195_q25,0.23301067262347977,0.0073974228939454045,2.777653890007059e-06,2.5097613161051413e-06,2.678925739019178e-07
f379_q75,0.23296103251427153,0.007413773599237019,0.08332406729459763,0.08096297830343246,0.002361088991165161
f440_mean,0.2328716803176967,0.007446612219498458,7.063841849230812e-07,4.0653080191077606e-07,2.9985338301230513e-07
f187_q75,0.2322958550508811,0.007647069063698978,1.019977331161499,1.0187410116195679,0.0012363195419311523
f440_q50,0.2322759990071978,0.007662847211788224,5.755530310125323e-07,3.894926692282752e-07,1.860603617842571e-07
f396_mean,0.23223628691983123,0.007676712667949952,3.077482324442826e-05,2.466621299390681e-05,6.108610250521451e-06
f166_mean,0.23203772648299825,0.007747521543237337,1.5871084928512573,1.4535895586013794,0.13351893424987793
f323_mean,0.2318590220898486,0.00781616460407825,1.598048210144043,1.4844918251037598,0.1135563850402832
f270_q50,0.23181931000248202,0.007832201380680703,0.07893954962491989,0.06877319514751434,0.010166354477405548
f384_mean,0.231283196823033,0.008025642679732437,1.2829941624659114e-06,7.973973197294981e-07,4.855968427364132e-07
f394_mean,0.2311342764954083,0.00808899961272514,6.866674084449187e-06,5.091867478768108e-06,1.7748066056810785e-06
f17_mean,0.23068751551253414,0.008256384645135647,-5.828885332448408e-05,-4.468208862817846e-05,1.3606764696305618e-05
f196_q25,0.2306180193596426,0.008292265846788927,1.3306022083270364e-05,1.0521965123189148e-05,2.784056960081216e-06
f445_q75,0.23054852320675107,0.008310868370416077,1.7875819935397885e-07,9.112115861853454e-08,8.763704073544432e-08
f457_q50,0.23020104244229336,0.008456904143204689,4.4335726062660896e-11,3.685738172998221e-11,7.478344332678688e-12
f89_mean,0.2300223380491437,0.008530403884878177,0.24939802289009094,0.2274502068758011,0.021947816014289856
f404_mean,0.22998262596177713,0.008543967364705241,0.00016497893375344574,0.00013042813225183636,3.4550801501609385e-05
f33_q50,0.22965500124100274,0.008679932341074281,0.8107579350471497,0.7361321449279785,0.07462579011917114
f323_q50,0.22946636882601143,0.0087565444706528,1.5977634191513062,1.4841119050979614,0.11365151405334473
f197_mean,0.2292380243236535,0.008851992933550743,1.627503843337763e-05,1.1273560630797874e-05,5.001477802579757e-06
f280_mean,0.22918838421444526,0.008871486145377819,0.28832945227622986,0.26919883489608765,0.019130617380142212
f91_q50,0.22891039960287912,0.008987599292105186,0.07379138469696045,0.07778579741716385,0.0039944127202034
f325_q50,0.22888061553735417,0.00899825154602731,0.1557910144329071,0.1417197734117508,0.014071241021156311
f479_q50,0.2288210474063043,0.00902671191442185,0.04782399535179138,0.04734038561582565,0.00048360973596572876
f290_q75,0.22842392653263838,0.009191197573625094,1.4413588360184804e-05,9.297867109125946e-06,5.115721251058858e-06
f193_q25,0.2282253660958054,0.009284001692668305,2.8490135264291894e-06,2.0528093500615796e-06,7.962041763676098e-07
f312_q75,0.22789774137503102,0.009425575420223336,117.30156707763672,103.17692565917969,14.124641418457031
f452_q50,0.227728965003723,0.009499018854289542,1.284147566060767e-09,1.0792886584454209e-09,2.048589076153462e-10
f261_q75,0.227728965003723,0.009499018854289542,0.22820371389389038,0.23555327951908112,0.007349565625190735
f195_mean,0.22771903698188137,0.009507072253344673,4.310436906962423e-06,2.934923713837634e-06,1.3755131931247888e-06
f440_q25,0.22716306775874906,0.00975623427258923,3.1201861361296324e-07,3.270417607836862e-07,1.502314717072295e-08
f130_q75,0.2270836435840159,0.00979082425413818,-5.307859828462824e-05,-4.178148810751736e-05,1.129711017711088e-05
f321_q50,0.22707371556217423,0.009798082531577067,0.8059002161026001,0.7543939352035522,0.05150628089904785
f195_q75,0.22707371556217423,0.009798082531577067,5.4936685955908615e-06,3.2356363135477295e-06,2.258032282043132e-06
f163_mean,0.22707371556217423,0.009798082531577067,0.8073825240135193,0.7673701047897339,0.0400124192237854
f450_q25,0.22703400347480765,0.00981633482659711,1.704232865940014e-10,1.6301847372002243e-10,7.404812873978983e-12
f325_q75,0.22699429138744107,0.009829792965676596,0.1631539911031723,0.143405482172966,0.0197485089302063
f405_q75,0.22686522710349963,0.009883689824024402,0.0034798956476151943,0.0020917535293847322,0.001388142118230462
f325_mean,0.22685529908165797,0.00989440595641981,0.1563141942024231,0.14179687201976776,0.014517322182655334
f1_mean,0.22652767436088359,0.010050907817961821,6.317076440609526e-06,3.965199539379682e-06,2.3518769012298435e-06
f418_q75,0.226487962273517,0.010064675677559028,0.05326555296778679,0.04029826819896698,0.012967284768819809
f36_q50,0.2262199056837925,0.010185508694330818,2.2666878700256348,2.213165044784546,0.05352282524108887
f331_q75,0.2262199056837925,0.010185508694330818,0.1672208607196808,0.14998845756053925,0.01723240315914154
f423_q25,0.22615040953090096,0.010227823199795448,0.022745933383703232,0.03043566830456257,0.007689734920859337
f189_mean,0.22606105733432613,0.010271486663714646,0.004326162859797478,0.0038152397610247135,0.0005109230987727642
f232_q50,0.2260114172251179,0.0102936721780371,3.3154721190697956e-09,2.187958259014522e-09,1.1275138600552737e-09
f446_q50,0.22594192107222635,0.01031878058704547,3.5694912980943627e-07,2.640015850374766e-07,9.294754477195966e-08
f258_mean,0.22592206502854306,0.0103377199904943,0.41471970081329346,0.3384872078895569,0.07623249292373657
f26_q50,0.22587242491933482,0.010359823057341518,270.89215087890625,232.14405822753906,38.74809265136719
f426_q50,0.2255547282204021,0.010515839976298024,0.037418290972709656,0.046084724366664886,0.00866643339395523
f188_q50,0.2254753040456689,0.01054968986131612,0.004370835609734058,0.003831400303170085,0.0005394353065639734
f376_q50,0.22542566393646066,0.010576864205610909,0.07048171013593674,0.06676335632801056,0.003718353807926178
f338_q75,0.22541573591461903,0.010583493686627888,2.0961395421181805e-05,1.2662310837185942e-05,8.299084583995864e-06
f145_q75,0.22541573591461903,0.010583493686627888,117.40760040283203,105.77072143554688,11.636878967285156
f397_q50,0.225246959543311,0.010660551990807366,2.2020511096343398e-05,1.8531523892306723e-05,3.4889872040366754e-06
f87_q75,0.2251873914122611,0.010696706760435819,0.09369544684886932,0.07570508122444153,0.017990365624427795
f409_q25,0.22514767932489452,0.010715493309003097,5.916219234466553,7.128720283508301,1.212501049041748
f439_mean,0.22513775130305286,0.010719873600283205,2.0515173559942923e-07,1.0859672983087876e-07,9.655500576855047e-08
f438_q75,0.2250583271283197,0.010757557871922185,1.7499851878710615e-07,1.0448101050997138e-07,7.051750827713477e-08
f92_q75,0.22504839910647803,0.010765420817270586,0.3089677095413208,0.28917646408081055,0.019791245460510254
f197_q75,0.22504839910647803,0.010765420817270586,2.0033568944199942e-05,1.2437084478733595e-05,7.596484465466347e-06
f384_q50,0.22501861504095308,0.010772386580404617,1.063294917003077e-06,7.664049803679518e-07,2.968899366351252e-07
f281_q25,0.22485976669148672,0.010857572881683333,0.25881683826446533,0.24534893035888672,0.013467907905578613
f289_mean,0.2246512782328121,0.010956115016086624,5.380581569625065e-06,3.62777382179047e-06,1.752807747834595e-06
f477_q25,0.22458178207992058,0.010996727395838088,0.010839428752660751,0.013612641021609306,0.002773212268948555
f92_q25,0.22458178207992058,0.010996727395838088,0.24362994730472565,0.2502351403236389,0.006605193018913269
f49_q25,0.2242343013154629,0.011171317570259185,3.6403630474524107e-06,3.0328128559631296e-06,6.075501914892811e-07
f451_q25,0.22422437329362124,0.01118379877358997,2.2538280963768642e-10,2.3106173918652217e-10,5.678929548835754e-12
f338_q25,0.22403574087862993,0.011280653669458263,1.3547518392442726e-05,1.1067993909819052e-05,2.479524482623674e-06
f183_q75,0.22377761231074708,0.011405661158818898,0.1681874841451645,0.15078872442245483,0.017398759722709656
f333_q50,0.22345991561181436,0.011571845869483982,1.0197033882141113,1.0185151100158691,0.0011882781982421875
f478_q75,0.22339041945892282,0.011620106142616483,0.01885012723505497,0.016785675659775734,0.002064451575279236
f232_q25,0.22311243484735666,0.011768447905881128,2.4882329530129255e-09,1.865207321927187e-09,6.230256310857385e-10
f390_q25,0.22308265078183173,0.011779622212686237,8.837939269312756e-10,8.845915666633175e-10,7.976397320419437e-13
f457_q25,0.22302308265078183,0.011817976749443078,2.3732637383089283e-11,3.046385713134647e-11,6.731219748257189e-12
f189_q50,0.22302308265078183,0.011817976749443078,0.004300462547689676,0.0038146518636494875,0.0004858106840401888
f263_q25,0.22298337056341525,0.011839550101290123,0.6756393313407898,0.6916051506996155,0.015965819358825684
f478_mean,0.22297344254157359,0.011843153583558655,0.014815500937402248,0.014698496088385582,0.00011700484901666641
f259_q75,0.22267560188632415,0.011995774823691045,0.4333184063434601,0.32802432775497437,0.10529407858848572
f96_q75,0.222566393646066,0.012068639616712933,7.678665951971198e-07,5.967212928226218e-07,1.71145302374498e-07
f67_q25,0.2225167535368578,0.012095175826143358,5.678431613809209e-10,5.35481214924971e-10,3.236194645594992e-11
f91_mean,0.22246711342764955,0.012120883056195034,0.07478929311037064,0.07855712622404099,0.003767833113670349
f324_q75,0.22230826507818316,0.01219889352276995,2.2637975215911865,2.2162227630615234,0.047574758529663086
f386_q75,0.22224869694713328,0.012242811231213789,7.824055501259863e-06,4.7768248805368785e-06,3.047230620722985e-06
f98_q50,0.2220203524447754,0.012369352692909653,5.479114861373091e-06,3.760037088795798e-06,1.7190777725772932e-06
f380_mean,0.22196078431372548,0.012404451896833037,0.29292988777160645,0.2705637216567993,0.02236616611480713
f274_q50,0.2219210722263589,0.012429629690160851,0.24509519338607788,0.2290990948677063,0.015996098518371582
f46_mean,0.22189128816083395,0.012434440442785603,0.004406437743455172,0.0038598855026066303,0.0005465522408485413
f45_q25,0.22180193596425912,0.012484127329634614,1.0196291208267212,1.0183130502700806,0.001316070556640625
f50_q25,0.22133531893770167,0.01275673553121035,1.3491655408870429e-05,1.1437252396717668e-05,2.0544030121527612e-06
f82_q75,0.22123603871928518,0.012821061782696961,0.24110235273838043,0.24118618667125702,8.383393287658691e-05
f376_mean,0.22114668652271036,0.012870582840778678,0.07111458480358124,0.06676264852285385,0.0043519362807273865
f87_q50,0.22067014147431124,0.01315297402411758,0.0778665542602539,0.06777282059192657,0.010093733668327332
f197_q25,0.22063042938694466,0.013180411589804264,1.0655934602255002e-05,9.634283742343541e-06,1.0216508599114604e-06
f260_q75,0.22055100521221147,0.013220900144490802,0.23906981945037842,0.24507342278957367,0.0060036033391952515
f168_q75,0.2203723008190618,0.013323283732351037,2.2736334800720215,2.220536470413208,0.05309700965881348
f168_q50,0.21949863489699678,0.013859305332699705,2.2542836666107178,2.2111284732818604,0.04315519332885742
f457_mean,0.21906180193596425,0.014146414035799462,6.223919990500093e-11,3.977511722763616e-11,2.2464082677364772e-11
f168_mean,0.21899230578307272,0.014179102701014894,2.252917766571045,2.2112090587615967,0.04170870780944824
f24_q25,0.2187838173243981,0.014322987016089148,99.85700988769531,96.31709289550781,3.5399169921875
f175_q25,0.21869446512782328,0.014382577536932955,0.5338553786277771,0.5497122406959534,0.01585686206817627
f398_q50,0.2180590717299578,0.014798547582471759,9.507720824331045e-05,7.54678767407313e-05,1.9609331502579153e-05
f186_q25,0.21793000744601637,0.014875106838903255,1.0192334651947021,1.018224835395813,0.0010086297988891602
f456_q75,0.217602382725242,0.015100157607134946,4.745771484127026e-11,3.3594405035586306e-11,1.3863309805683954e-11
f333_mean,0.21747331844130058,0.015178521068793846,1.0196826457977295,1.018514633178711,0.0011680126190185547
f333_q25,0.21747331844130058,0.015178521068793846,1.0192159414291382,1.0183961391448975,0.0008198022842407227
f380_q50,0.21740382228840904,0.015237280994154048,0.2932177484035492,0.27024397253990173,0.02297377586364746
f148_mean,0.21722511789525936,0.015362272126432704,274.8869934082031,234.61114501953125,40.275848388671875
f402_q50,0.21695706130553488,0.015542374863011913,5.5973243433982134e-05,4.67850586574059e-05,9.188184776576236e-06
f312_mean,0.21689749317448498,0.015585307657445547,109.27084350585938,101.77873229980469,7.4921112060546875
f278_q50,0.2167585008687019,0.015681239611007182,0.07592779397964478,0.07808803766965866,0.0021602436900138855
f176_q25,0.21671878878133533,0.01571284233924948,0.09653037041425705,0.08793892711400986,0.008591443300247192
f420_mean,0.21654008438818564,0.015836638548306553,0.03541732206940651,0.045912034809589386,0.010494712740182877
f416_q75,0.21622238768925292,0.016056821020784765,1.714170866762288e-05,1.3486888747138437e-05,3.6548199204844423e-06
f279_q25,0.21611317944899477,0.01613666576255105,0.0699203684926033,0.07130990922451019,0.0013895407319068909
f165_q50,0.21604368329610324,0.016178883432092988,0.3148927390575409,0.29212772846221924,0.022765010595321655
f258_q50,0.2159741871432117,0.016235645966940233,0.4174197316169739,0.3374555706977844,0.07996416091918945
f447_q25,0.2157656986845371,0.01638163549853841,3.911064894168703e-08,4.46484271776626e-08,5.537778235975566e-09
f405_mean,0.2155373541821792,0.016546078137006138,0.0028546720277518034,0.0018156063742935658,0.0010390656534582376
f89_q50,0.21533879374534623,0.016705093357592182,0.2451917678117752,0.2244763970375061,0.020715370774269104
f92_q50,0.21523951352692977,0.016774274024305695,0.27420416474342346,0.2685537040233612,0.005650460720062256
f17_q50,0.21485232067510548,0.017051028045242844,-5.779214552603662e-05,-4.456220631254837e-05,1.3229939213488251e-05
f428_q50,0.21469347232563912,0.017187673756582547,0.03858182579278946,0.049426473677158356,0.010844647884368896
f44_q50,0.21469347232563912,0.017187673756582547,1.8739938735961914,1.8410618305206299,0.03293204307556152
f170_q25,0.21461404815090593,0.01723798674957984,0.1460580825805664,0.1386050134897232,0.007453069090843201
f262_q75,0.21442541573591462,0.017386847754862902,0.8356574773788452,0.7760775685310364,0.05957990884780884
f458_q25,0.21385951849094068,0.01782664068983249,9.626430208520276e-11,1.1533066168745165e-10,1.9066359602248895e-11
f396_q50,0.21369074211963265,0.017955369733843204,2.748328188317828e-05,2.415605376882013e-05,3.3272281143581495e-06
f474_q50,0.21363117398858278,0.01800768128183457,0.01924321800470352,0.025221627205610275,0.0059784092009067535
f449_q25,0.21360138992305783,0.018022806839577795,1.4444128737522988e-07,1.4878388299166545e-07,4.342595616435574e-09
f439_q50,0.21358153387937454,0.018043432569030442,1.7223484860551252e-07,1.0405857864270729e-07,6.817626996280524e-08
f445_q50,0.21342268552990817,0.018158396991997366,1.0162124652879356e-07,7.250183386986464e-08,2.9119412658928923e-08
f66_q25,0.21323405311491686,0.018314228876304725,4.957347865541806e-10,4.212783177859336e-10,7.445646876824696e-11
f441_q75,0.21319434102755025,0.018340047204236792,1.5753980164845416e-07,9.996063710104863e-08,5.7579164547405526e-08
f145_mean,0.21298585256887564,0.018523129840594888,108.5511703491211,103.10013580322266,5.4510345458984375
f418_q25,0.21294614048150906,0.018558147580330604,0.029256070032715797,0.03000706061720848,0.0007509905844926834
f327_q75,0.21285678828493423,0.01862956091237464,0.5773443579673767,0.5569904446601868,0.02035391330718994
f478_q50,0.2124795234549516,0.018937273919059135,0.013069720938801765,0.014200146310031414,0.0011304253712296486
f401_mean,0.21225117895259368,0.01912807857392342,1.014116878650384e-05,7.7743143265252e-06,2.36685445997864e-06
f476_q50,0.21147679324894514,0.01978258520167421,0.05266736075282097,0.07354333251714706,0.020875971764326096
f403_q50,0.2113874410523703,0.019855952187743546,4.244990486768074e-05,3.226542685297318e-05,1.0184478014707565e-05
f393_q50,0.2113874410523703,0.019855952187743546,8.371163858100772e-06,6.63943137624301e-06,1.7317324818577617e-06
f88_q75,0.21114916852817076,0.020067724614648105,0.07338368892669678,0.07437112182378769,0.0009874328970909119
f424_q50,0.2110995284189625,0.020108899751304105,0.017469579353928566,0.01488057803362608,0.0025890013203024864
f444_q25,0.21104988830975427,0.02014829380387053,5.748695741658594e-08,5.7912014739258666e-08,4.2505732267272833e-10
f425_q25,0.21059319930503848,0.02055436764741291,0.03218156471848488,0.03374543413519859,0.0015638694167137146
f99_q75,0.2105534872176719,0.020591683928514553,5.576663625106448e-06,3.727957846422214e-06,1.8487057786842342e-06
f431_q25,0.21036485480268058,0.020759331095180793,0.0007141805253922939,0.0007157787913456559,1.598265953361988e-06
f456_mean,0.21031521469347234,0.020800895839191976,3.614739410573442e-11,2.915295088667946e-11,6.994443219054958e-12
f177_q25,0.20953090096798213,0.021513383201148376,0.08621776849031448,0.08373034745454788,0.0024874210357666016
f472_q25,0.20930255646562423,0.021727896174097705,0.012730225920677185,0.023731471970677376,0.01100124605000019
f458_mean,0.20912385207247455,0.02189924551906304,2.4896326666912216e-10,1.5026709043741704e-10,9.869617623170512e-11
f312_q50,0.20893521965748324,0.022074106347455658,108.32034301757812,101.67587280273438,6.64447021484375
f91_q25,0.20851824274013403,0.022468393665032643,0.06600371748209,0.07259057462215424,0.0065868571400642395
f387_q50,0.20821047406304294,0.022767857609317668,8.216925380111206e-06,6.617171948164469e-06,1.5997534319467377e-06
f479_q25,0.20760486473070242,0.023368552957844804,0.03250187262892723,0.040301527827978134,0.007799655199050903
f169_q75,0.2073963762720278,0.023555346035620418,2.257845163345337,2.220614194869995,0.0372309684753418
f259_q25,0.20727724000992803,0.02369235581721442,0.31974107027053833,0.28593599796295166,0.03380507230758667
f36_mean,0.20697939935467857,0.023977525390249145,2.265566825866699,2.213081121444702,0.05248570442199707
f469_mean,0.20673119880863738,0.024252760688300148,0.0200585275888443,0.01831427589058876,0.001744251698255539
f432_q25,0.20623479771655498,0.024757583941593178,9.510555400993326e-07,8.160939160006819e-07,1.3496162409865065e-07
f456_q50,0.20566890047158104,0.025365533529228285,2.6509299963506372e-11,2.7690303175398334e-11,1.1810032118919622e-12
f92_mean,0.2056192603623728,0.02541438374564658,0.27838727831840515,0.27083820104599,0.007549077272415161
f259_mean,0.20552990816579797,0.025513822820558415,0.37753379344940186,0.3077006936073303,0.06983309984207153
f230_q25,0.20544055596922314,0.02561212634610033,6.453065304334871e-10,4.908455308871851e-10,1.54460999546302e-10
f163_q25,0.20534127575080666,0.025711252825754732,0.7407740950584412,0.7501857876777649,0.00941169261932373
f407_q50,0.20527177959791512,0.025779146103787554,0.005682839080691338,0.004265224561095238,0.0014176145195960999
f400_q25,0.20517249937949864,0.025898044302289234,1.8945611373055726e-05,1.530153713247273e-05,3.644074240582995e-06
f259_q50,0.20516257135765698,0.025912483732046167,0.38220539689064026,0.30589646100997925,0.07630893588066101
f413_q75,0.2050831471829238,0.02599150854326036,3.401891444809735e-05,2.836263047356624e-05,5.656283974531107e-06
f68_q25,0.2050235790518739,0.02606358506869926,2.2008614930513204e-09,1.9815378227150404e-09,2.1932367033627997e-10
f457_q75,0.20488458674609084,0.026215293087987545,8.293035008710703e-11,4.5674155429997754e-11,3.7256194657109276e-11
f228_q25,0.204795234549516,0.026316445674166956,5.337648656400518e-10,3.9254147154998975e-10,1.4122339409006202e-10
f422_q75,0.20470588235294118,0.02641654313707247,0.01964190974831581,0.020609332248568535,0.0009674225002527237
f379_mean,0.20423926532638373,0.026933521746943974,0.07881047576665878,0.0789792388677597,0.00016876310110092163
f325_q25,0.20412012906428395,0.027057783803634914,0.1486901491880417,0.14017188549041748,0.008518263697624207
f377_q25,0.20342516753536857,0.027862407796979936,0.24010494351387024,0.21505776047706604,0.0250471830368042
f270_q25,0.20331595929511045,0.02798876430447588,0.0685039758682251,0.06268052011728287,0.00582345575094223
f433_q25,0.2032861752295855,0.028025810538528043,1.2108490636819624e-06,1.120408683163987e-06,9.044038051797543e-08
f369_mean,0.20306775874906924,0.02826498080223886,0.39150649309158325,0.32178714871406555,0.0697193443775177
f46_q50,0.2030578307272276,0.02829091094377069,0.004393965937197208,0.0038572950288653374,0.000536670908331871
f369_q50,0.203018118639861,0.028327400044284513,0.3929426670074463,0.3221203088760376,0.07082235813140869
f46_q25,0.20282948622486968,0.028558101701697657,0.004183676093816757,0.003777387086302042,0.0004062890075147152
f44_mean,0.20240258128567884,0.029081873796683654,1.8720821142196655,1.8404356241226196,0.0316464900970459
f334_q25,0.20210474063042938,0.02941824587074481,0.0041859508492052555,0.0037970151752233505,0.000388935673981905
f174_q50,0.2015686274509804,0.0300973791482216,0.5518255233764648,0.5477709174156189,0.004054605960845947
f473_q50,0.20142963514519732,0.03026910865170421,0.06433691084384918,0.081247977912426,0.016911067068576813
f446_q25,0.20122114668652272,0.030521065468554483,1.9828218000839115e-07,2.1200533240062214e-07,1.3723152392230986e-08
f81_mean,0.20120129064283943,0.030558932042400764,0.4178708493709564,0.3465971052646637,0.07127374410629272
f416_mean,0.20112186646810623,0.030658645232220637,1.3342304555408191e-05,1.1793148587457836e-05,1.5491559679503553e-06
f175_q75,0.20102258624968974,0.030790404406688263,0.5820421576499939,0.564486026763916,0.01755613088607788
f145_q50,0.20046661702655746,0.03150011251384731,107.13726806640625,102.97221374511719,4.1650543212890625
f324_q50,0.2003077686770911,0.03168218630305006,2.2488937377929688,2.2119131088256836,0.036980628967285156
f429_q50,0.20028791263340778,0.031735070572174555,0.000922595732845366,0.0011942257406190038,0.00027163000777363777
f149_q75,0.2000595681310499,0.0320326794856263,294.5833435058594,251.1940460205078,43.38929748535156
f187_q50,0.1995234549516009,0.03271823868225294,1.0193853378295898,1.0185198783874512,0.0008654594421386719
f423_mean,0.19927525440555968,0.033078827138619774,0.03475867956876755,0.035290878266096115,0.0005321986973285675
f174_mean,0.19917597418714322,0.033207457507080054,0.5538744926452637,0.5480492115020752,0.0058252811431884766
f36_q25,0.1991561181434599,0.03321260779599264,2.2474424839019775,2.2040395736694336,0.043402910232543945
f465_q25,0.19895755770662696,0.03350571015754734,0.06057632341980934,0.07504794001579285,0.014471616595983505
f379_q50,0.19875899726979399,0.03377199294531894,0.07859121263027191,0.07889390736818314,0.00030269473791122437
f472_q75,0.19835194837428644,0.03434683002972779,0.023399069905281067,0.0306073147803545,0.007208244875073433
f262_q25,0.19761727475800447,0.03538676267993252,0.7145006656646729,0.7306014895439148,0.016100823879241943
f422_q25,0.19761727475800447,0.03538676267993252,0.010431946255266666,0.01537961047142744,0.004947664216160774
f144_q25,0.19756763464879623,0.03545578667270509,97.94306945800781,96.82881164550781,1.1142578125
f472_mean,0.19715065773144702,0.036054612583229555,0.019014988094568253,0.027521787211298943,0.00850679911673069
f421_mean,0.19683296103251427,0.036525982640169465,0.014710182324051857,0.01673283241689205,0.0020226500928401947
f185_q75,0.19665425663936462,0.03678791534152245,1.8852331638336182,1.8552430868148804,0.029990077018737793
f441_mean,0.1964854802680566,0.03701231435036524,1.2248429470673727e-07,8.48850163492898e-08,3.7599278357447474e-08
f389_mean,0.1964259121370067,0.037125024332149634,2.3007221898296848e-05,1.979204716917593e-05,3.2151747291209176e-06
f380_q25,0.19622735170017375,0.03741629359585114,0.2730216085910797,0.2636297345161438,0.009391874074935913
f272_mean,0.19610821543807397,0.037594147473026106,0.06645891070365906,0.07032592594623566,0.003867015242576599
f327_mean,0.19470836435840158,0.03976348603290518,0.5584589838981628,0.5534893274307251,0.004969656467437744
f375_q25,0.19445023579051873,0.04017498113856596,0.07682760059833527,0.06325474381446838,0.013572856783866882
f168_q25,0.19441052370315215,0.040225173675251996,2.2339978218078613,2.2018556594848633,0.03214216232299805
f452_q25,0.19421196326631918,0.0405703226169692,8.254246175454227e-10,8.815462249067707e-10,5.612160736134797e-11
f414_mean,0.1941722511789526,0.04062554957960926,4.518693458521739e-06,3.5849657251674216e-06,9.33727733354317e-07
f17_q75,0.19395383469843633,0.040957885981748515,-5.070745828561485e-05,-4.2388834117446095e-05,8.318624168168753e-06
f395_mean,0.19389426656738645,0.041080311074003964,2.3353119104285724e-05,1.9868653907906264e-05,3.4844651963794604e-06
f147_mean,0.19389426656738645,0.041080311074003964,53.793235778808594,47.397132873535156,6.3961029052734375
f42_q75,0.19383469843633655,0.04117249930186087,1.525424838066101,1.4777923822402954,0.047632455825805664
f81_q50,0.19374534623976172,0.041324642006960996,0.41889864206314087,0.3460375666618347,0.07286107540130615
f189_q25,0.19307024075452967,0.04243552326063473,0.00411246856674552,0.003737429156899452,0.00037503940984606743
f187_mean,0.19294117647058823,0.0426355207944459,1.0193687677383423,1.018528699874878,0.0008400678634643555
f442_q75,0.19257383966244726,0.043257759753280854,2.0557014579480892e-07,1.1234988051000983e-07,9.32202652847991e-08
f148_q50,0.19252419955323902,0.04334696708675409,272.1470642089844,234.42176818847656,37.72529602050781
f415_q75,0.19247455944403077,0.043439329851331344,4.433182311913697e-06,3.2560542422288563e-06,1.1771280696848407e-06
f458_q50,0.19245470340034748,0.043485425670348174,1.8696397208195492e-10,1.3966654222041797e-10,4.7297429861536955e-11
f163_q50,0.19154132539091587,0.04508594973905123,0.7946803569793701,0.7666775584220886,0.028002798557281494
f427_q75,0.19126334077934973,0.04557952306032943,0.020142318680882454,0.017910344526171684,0.0022319741547107697
f324_q25,0.19114420451724995,0.04576156106630173,2.2322354316711426,2.207557201385498,0.02467823028564453
f272_q50,0.1909059319930504,0.0462082575241226,0.06442336738109589,0.06915382295846939,0.004730455577373505
f290_mean,0.19076693968726732,0.04646189008341013,1.2092050383216701e-05,8.847139724821318e-06,3.2449106583953835e-06
f88_mean,0.19016133035492677,0.04758435305322425,0.06469650566577911,0.06805319339036942,0.0033566877245903015
f481_q25,0.19016133035492677,0.04758435305322425,0.3976801335811615,0.47209033370018005,0.07441020011901855
f480_q25,0.19016133035492677,0.04758435305322425,0.3976801335811615,0.47209033370018005,0.07441020011901855
f165_mean,0.18985356167783568,0.048128687010585876,0.31497836112976074,0.29236167669296265,0.022616684436798096
f482_q25,0.18965500124100274,0.04853073346807816,0.39729011058807373,0.471701443195343,0.07441133260726929
f483_q75,0.18965500124100274,0.04853073346807816,0.6027098894119263,0.5282986164093018,0.07441127300262451
f456_q25,0.18913874410523704,0.049497742582867585,1.6055705376327722e-11,2.2664063334398854e-11,6.6083579580711316e-12
f385_q50,0.18874162323157112,0.05026700845805858,1.966829813682125e-06,1.301113798035658e-06,6.65716015646467e-07
f101_q75,0.1887019111442045,0.05032823525195276,1.2479540600907058e-05,9.200151907862164e-06,3.2793886930448934e-06
f33_q25,0.18841399851079674,0.050917050339392055,0.7452273368835449,0.7192182540893555,0.026009082794189453
f0_q50,0.1883643584015885,0.051017538173291375,5.77294485992752e-07,2.7172842465006397e-07,3.0556606134268804e-07
f324_mean,0.18787788533134772,0.05194586068028203,2.247018814086914,2.211832284927368,0.0351865291595459
f474_mean,0.1875800446760983,0.052579641705779306,0.021477224305272102,0.02607574500143528,0.0045985206961631775
f43_q50,0.18755026061057334,0.05261406459429751,0.16224034130573273,0.15008939802646637,0.012150943279266357
f408_q75,0.1872722759990072,0.053183363491541374,16.202701568603516,15.208624839782715,0.9940767288208008
f480_q50,0.1867560188632415,0.05426644647370128,0.39920496940612793,0.47228550910949707,0.07308053970336914
f481_q50,0.1867560188632415,0.05426644647370128,0.39920496940612793,0.47228550910949707,0.07308053970336914
f483_q25,0.1867560188632415,0.05426644647370128,0.5996631979942322,0.5279086232185364,0.0717545747756958
f483_q50,0.1867560188632415,0.05426644647370128,0.6011865139007568,0.5281035900115967,0.07308292388916016
f480_mean,0.1867560188632415,0.05426644647370128,0.39920496940612793,0.47228550910949707,0.07308053970336914
f480_q75,0.1867560188632415,0.05426644647370128,0.40072983503341675,0.4724806845188141,0.07175084948539734
f481_q75,0.1867560188632415,0.05426644647370128,0.40072983503341675,0.4724806845188141,0.07175084948539734
f482_q50,0.1867560188632415,0.05426644647370128,0.39881348609924316,0.4718964397907257,0.07308295369148254
f483_mean,0.1867560188632415,0.05426644647370128,0.6011865139007568,0.5281035900115967,0.07308292388916016
f482_q75,0.1867560188632415,0.05426644647370128,0.4003368020057678,0.4720913767814636,0.0717545747756958
f482_mean,0.1867560188632415,0.05426644647370128,0.39881348609924316,0.4718964099884033,0.07308292388916016
f481_mean,0.1867560188632415,0.05426644647370128,0.39920496940612793,0.47228550910949707,0.07308053970336914
f388_q50,0.18671630677587492,0.05433738622341451,6.457496056100354e-06,4.932634510623757e-06,1.5248615454765968e-06
f327_q25,0.18665673864482502,0.054467508368047486,0.5379155278205872,0.5498036742210388,0.01188814640045166
f37_q75,0.1865276743608836,0.054739145469297736,0.16497254371643066,0.14628422260284424,0.018688321113586426
f443_q75,0.18649789029535865,0.05476696428351938,7.385011144833697e-07,4.1085445445787627e-07,3.276466600254935e-07
f83_q50,0.1863886820551005,0.055031990932376006,0.7867890000343323,0.7564396262168884,0.030349373817443848
f314_q50,0.1862199056837925,0.055353545447333743,274.1666564941406,239.4167022705078,34.74995422363281
f371_q25,0.18602134524695954,0.055806463422887184,0.7180941700935364,0.7227409482002258,0.004646778106689453
f330_q75,0.1859915611814346,0.05583494715375919,1.502194881439209,1.474266767501831,0.02792811393737793
f42_mean,0.18573343261355174,0.056411684688660736,1.4984076023101807,1.4680920839309692,0.030315518379211426
f404_q50,0.18533631173988582,0.05726802362923826,0.00015382470155600458,0.00012641500507015735,2.7409696485847235e-05
f169_q50,0.1849789029535865,0.058024529137956866,2.238867998123169,2.21256685256958,0.026301145553588867
f379_q25,0.18494911888806156,0.05811145814963298,0.07401333749294281,0.07688861340284348,0.0028752759099006653
f42_q25,0.1848597666914867,0.058315422647974145,1.471837043762207,1.4580531120300293,0.013783931732177734
f460_q75,0.18483991064780342,0.05833206564659938,9.602813683118328e-11,5.946797221323408e-11,3.65601646179492e-11
f423_q75,0.18460163812360386,0.05887848084616348,0.0439191609621048,0.03950762376189232,0.004411537200212479
f465_mean,0.18412509307520478,0.05996111645357586,0.08706914633512497,0.08851584047079086,0.0014466941356658936
f0_q25,0.18376768428890544,0.060772379207618216,-3.105756150034722e-07,1.786348846621877e-08,3.2843910346969096e-07
f412_q75,0.18367833209233062,0.06097170567038166,8.969680493464693e-06,6.811679213569732e-06,2.158001279894961e-06
f167_mean,0.18356912385207247,0.06121885944514609,1.606723427772522,1.511726975440979,0.09499645233154297
f314_mean,0.1835095557210226,0.06132830590389931,275.54058837890625,239.53521728515625,36.00537109375
f0_mean,0.18347977165549764,0.06143251941695183,4.838922222916153e-07,2.6812381292984355e-07,2.1576840936177177e-07
f426_mean,0.18339041945892282,0.061645924983766844,0.04144498333334923,0.04656258225440979,0.005117598921060562
f461_q75,0.18317200297840655,0.06214206865866512,3.902632661478833e-10,2.2180172976060675e-10,1.6846153638727657e-10
f167_q50,0.18306279473814843,0.06239322775341468,1.6052863597869873,1.511512279510498,0.09377408027648926
f405_q50,0.1829932985852569,0.06254341153533298,0.002462322125211358,0.001765298773534596,0.0006970233516767621
f376_q25,0.18280466617026558,0.0630009759866273,0.06472770124673843,0.06475012004375458,2.24187970161438e-05
f100_q50,0.1824770414494912,0.06378856343159661,1.1456128049758263e-05,9.051596862263978e-06,2.4045311874942854e-06
f331_q50,0.18242740134028296,0.063912702564022,0.1612265557050705,0.1483050435781479,0.012921512126922607
f184_q50,0.18219905683792503,0.06445733285566062,1.86981201171875,1.8416163921356201,0.028195619583129883
f409_q75,0.18197071233556714,0.06500465803454708,10.42325496673584,9.301529884338379,1.121725082397461
f180_mean,0.1818217920079424,0.06535858121974414,1.4841488599777222,1.4665244817733765,0.017624378204345703
f448_q25,0.18156366344005956,0.06597951075392951,3.807097215258182e-08,4.0109402021926144e-08,2.038429869344327e-09
f42_q50,0.18131546289401837,0.06660011811473011,1.497915506362915,1.4676129817962646,0.03030252456665039
f327_q50,0.18108711839166047,0.06717163170737085,0.5580457448959351,0.5533477067947388,0.004698038101196289
f37_q50,0.18082898982377762,0.06779604918195911,0.15481990575790405,0.14252535998821259,0.012294545769691467
f321_q25,0.1803524447753785,0.06902705012676962,0.7582536339759827,0.7457612752914429,0.012492358684539795
f430_q50,0.1801241002730206,0.06961438025983052,0.0003160099149681628,0.00033403499401174486,1.8025079043582082e-05
f147_q50,0.180084388185654,0.06970801332951664,53.19206619262695,47.30875778198242,5.883308410644531
f81_q25,0.17988582774882106,0.07020611677405131,0.35783082246780396,0.3255460262298584,0.03228479623794556
f386_mean,0.17986597170513774,0.07023964587087236,5.825331754749641e-06,4.158377123530954e-06,1.6669546312186867e-06
f438_q50,0.1793397865475304,0.0716483623398774,1.1229904828269355e-07,8.787961292000546e-08,2.441943536268809e-08
f37_mean,0.17931000248200546,0.07169995129280371,0.1549782156944275,0.14260517060756683,0.012373045086860657
f470_q25,0.1790717299578059,0.0723510472442577,0.04336477816104889,0.05492478981614113,0.01156001165509224
f472_q50,0.17892280963018117,0.07274408093918985,0.017148055136203766,0.026761917397379875,0.00961386226117611
f180_q75,0.17867460908413998,0.07336910725770829,1.512000560760498,1.4762448072433472,0.03575575351715088
f180_q25,0.17827748821047407,0.07447743964909943,1.456056833267212,1.456178069114685,0.00012123584747314453
f394_q50,0.17810871183916605,0.07493577060454128,6.579204637091607e-06,4.961454578733537e-06,1.6177500583580695e-06
f443_mean,0.17747331844130057,0.07666084592186,5.962106115475763e-07,3.468781528681575e-07,2.493324586794188e-07
f39_mean,0.1774633904194589,0.07671764300064657,0.5566723942756653,0.5487055778503418,0.007966816425323486
f34_q25,0.17737403822288408,0.07695998323819749,0.3069189190864563,0.2766228914260864,0.030296027660369873
f330_mean,0.17726482998262597,0.07727223333586038,1.4787094593048096,1.469417929649353,0.009291529655456543
f471_mean,0.17694713328369321,0.07818034081595282,0.023149151355028152,0.02911442704498768,0.005965275689959526
f169_mean,0.17687763713080168,0.07833030472568148,2.2366347312927246,2.2125308513641357,0.024103879928588867
f411_mean,0.17682799702159344,0.07847705088242292,9.170301382255275e-06,7.353806267929031e-06,1.8164951143262442e-06
f175_mean,0.17661950856291883,0.0790956853895255,0.5593060851097107,0.5571095943450928,0.00219649076461792
f263_q75,0.1765897244973939,0.07918267949825525,0.7862772345542908,0.7383351922035217,0.04794204235076904
f476_q75,0.176530156366344,0.07936013358527695,0.07004737854003906,0.08548901975154877,0.015441641211509705
f478_q25,0.17649044427897742,0.07948271237209563,0.009555361233651638,0.012122043408453465,0.0025666821748018265
f428_mean,0.17621245966741128,0.08028597172402809,0.041842225939035416,0.04998746141791344,0.008145235478878021
f97_q50,0.1759344750558451,0.0810913027984569,5.314726649885415e-07,3.248164830438327e-07,2.066561819447088e-07
f39_q50,0.1757458426408538,0.08162978246943049,0.5552161931991577,0.5484858155250549,0.006730377674102783
f419_q75,0.1754380739637627,0.08253760908067452,0.16990435123443604,0.15816280245780945,0.011741548776626587
f474_q75,0.17542814594192108,0.08258060276354065,0.027461862191557884,0.029371460899710655,0.001909598708152771
f461_mean,0.17535864978902954,0.08273835390456843,3.301512396802764e-10,1.9073075063769096e-10,1.3942048904258542e-10
f413_mean,0.17534872176718788,0.08279568285556227,2.6458710635779426e-05,2.479797876731027e-05,1.6607318684691563e-06
f330_q50,0.1747331844130057,0.08464802645943448,1.4784066677093506,1.4692795276641846,0.009127140045166016
f415_mean,0.17470340034748078,0.08473459287612684,3.360027903909213e-06,2.858631432900438e-06,5.013964710087748e-07
f258_q25,0.1745048399106478,0.08534694490199889,0.35287949442863464,0.31652510166168213,0.036354392766952515
f420_q75,0.1742367833209233,0.08617219058031932,0.04235536977648735,0.05079907551407814,0.00844370573759079
f312_q25,0.17399851079672377,0.08690139706576183,100.26422119140625,100.2530746459961,0.01114654541015625
f460_mean,0.17333333333333334,0.08893789447665132,8.145272650805779e-11,5.114039400289094e-11,3.031233250516685e-11
f331_mean,0.17303549267808388,0.0899343423870112,0.16032414138317108,0.14830783009529114,0.012016311287879944
f466_q50,0.17281707619756764,0.09060816826979888,0.03640536591410637,0.04314286634325981,0.006737500429153442
f459_q75,0.17259865971705138,0.09127590148484056,6.601112712001367e-11,5.024405197451287e-11,1.5767075145500797e-11
f369_q25,0.1724795234549516,0.09170749581260425,0.35889124870300293,0.3141888976097107,0.044702351093292236
f443_q50,0.17241002730206006,0.09189491519521348,4.528805277459469e-07,3.364370968483854e-07,1.1644343089756148e-07
f392_q25,0.17189377016629437,0.093613460951123,3.4196727671798044e-09,4.0325702777010974e-09,6.12897510521293e-10
f401_q50,0.17156614544551999,0.09471063251202771,9.178865184367169e-06,7.521337920479709e-06,1.6575272638874594e-06
f162_q25,0.17092082402581285,0.0968778198248992,0.7415863275527954,0.7196365594863892,0.02194976806640625
f97_mean,0.17091089600397122,0.09688798527211909,4.749376216750534e-07,3.317340997455176e-07,1.4320352192953578e-07
f2_q50,0.17000744601638124,0.09999459130096897,1.2571559636853635e-05,9.33708270167699e-06,3.2344769351766445e-06
f98_q25,0.16959046909903203,0.10145737472151066,4.541362159216078e-06,3.390553956705844e-06,1.150808202510234e-06
f391_q25,0.1691337800943162,0.10306864425336228,1.0001725003760953e-09,1.0565673891349547e-09,5.639488875885945e-11
f180_q50,0.16888557954827502,0.1039524152844095,1.484371304512024,1.4658812284469604,0.018490076065063477
f314_q25,0.16877637130801687,0.10431415853792368,257.79510498046875,235.94215393066406,21.852951049804688
f289_q50,0.16868701911144204,0.10462863046054001,5.079759830550756e-06,3.6220137644704664e-06,1.4577460660802899e-06
f417_mean,0.16862745098039217,0.10488696021135614,0.0831833928823471,0.08143812417984009,0.001745268702507019
f445_q25,0.16817076197567635,0.10653278290586145,5.8709524353162124e-08,5.887565990292387e-08,1.6613554976174782e-10
f184_mean,0.1681608339538347,0.10660136847646279,1.867003321647644,1.8413386344909668,0.025664687156677246
f422_mean,0.16779349714569372,0.10795145836231411,0.015621171332895756,0.018143413588404655,0.0025222422555088997
f442_mean,0.16725738396624473,0.10990406704676142,1.620794165546613e-07,9.498039332811459e-08,6.70990232265467e-08
f96_mean,0.16668155869942913,0.11214000349117521,4.0306773030351906e-08,3.4178094665548997e-07,3.0147417362513806e-07
f88_q50,0.16645321419707124,0.11302158853134732,0.06301368772983551,0.066694475710392,0.003680787980556488
f145_q25,0.1658078927773641,0.11552335628581782,98.81591796875,100.32157897949219,1.5056610107421875
f43_mean,0.16573839662447257,0.11573819434772506,0.1624162197113037,0.15017855167388916,0.01223766803741455
f467_q75,0.16544055596922314,0.11697218802618628,0.11757216602563858,0.11050478368997574,0.007067382335662842
f438_mean,0.16465624224373293,0.1201025244541354,1.3304348556175682e-07,9.0209923087059e-08,4.283356247469783e-08
f441_q50,0.16371308016877636,0.1239093969715411,9.735407502375892e-08,8.255196348727623e-08,1.4802111536482698e-08
f439_q25,0.1635939439066766,0.12444656467829945,9.809686929429517e-08,8.70543175324201e-08,1.1042551761875075e-08
f182_q50,0.16346487962273518,0.1250001193452611,0.16238924860954285,0.14900808036327362,0.013381168246269226
f412_q25,0.1632861752295855,0.1257317571204767,3.7549921216850635e-06,4.970496320311213e-06,1.2155041986261494e-06
f274_q25,0.1628294862248697,0.12764848520572275,0.21205013990402222,0.20927543938159943,0.0027747005224227905
f422_q50,0.16281955820302804,0.12772223361556506,0.014022949151694775,0.017755065113306046,0.003732115961611271
f25_q25,0.1623330851327873,0.12973783309654469,50.66836929321289,44.3616828918457,6.3066864013671875
f434_q25,0.1622735170017374,0.13004030753399365,4.3064801502623595e-06,4.326841462898301e-06,2.036131263594143e-08
f37_q25,0.1622338049143708,0.1301846441843154,0.14510512351989746,0.13888375461101532,0.006221368908882141
f1_q50,0.16219409282700423,0.13034141999263582,5.693496859748848e-06,3.892203949362738e-06,1.8012929103861097e-06
f148_q25,0.16145941921072227,0.1335405843711352,251.063720703125,226.94581604003906,24.117904663085938
f35_q25,0.16085380987838174,0.13624872133618882,1.498754620552063,1.4114161729812622,0.08733844757080078
f174_q25,0.15996028791263342,0.14034386096649284,0.5285184979438782,0.539912223815918,0.011393725872039795
f96_q50,0.15899726979399353,0.14483212946710577,1.423830582325536e-07,3.3669945764813747e-07,1.9431639941558387e-07
f322_q25,0.15878878133531893,0.1457419452123247,0.304087370634079,0.28530824184417725,0.018779128789901733
f97_q25,0.1582824522213949,0.14815244563530877,-9.267185419048474e-08,9.370246090156797e-08,1.863743150920527e-07
f149_mean,0.1582824522213949,0.14815244563530877,274.7663879394531,244.0417022705078,30.724685668945312
f332_q50,0.1576669148672127,0.1511841078858816,1.8636252880096436,1.842666506767273,0.020958781242370605
f290_q50,0.15748821047406306,0.15204423290379426,1.1371615073585417e-05,8.832073035591748e-06,2.5395420379936695e-06
f465_q50,0.15728965003723008,0.15302854647937772,0.08129293471574783,0.08606787025928497,0.00477493554353714
f430_q75,0.1570613055348722,0.15416266901437106,0.00043194525642320514,0.00038439329364337027,4.7551962779834867e-05
f87_q25,0.15660461653015637,0.1564444729064291,0.06545953452587128,0.0616108700633049,0.0038486644625663757
f459_mean,0.1564854802680566,0.15697355917684014,5.474279016204342e-11,4.2760291835142183e-11,1.1982498326901236e-11
f288_mean,0.1561379995035989,0.1587729581565623,3.411065847558348e-07,3.2785996495476866e-07,1.3246619801066117e-08
f175_q50,0.1561379995035989,0.1587729581565623,0.5584633946418762,0.5569745302200317,0.0014888644218444824
f26_q25,0.15611814345991562,0.1588228180671595,248.41175842285156,225.02999877929688,23.381759643554688
f101_mean,0.15559195830230826,0.16157779954758714,1.0416333680041134e-05,8.24849666969385e-06,2.1678370103472844e-06
f146_q25,0.15552246214941673,0.16185037428163362,50.57943344116211,44.16879653930664,6.410636901855469
f272_q25,0.15546289401836685,0.16221253788262274,0.05598389357328415,0.06307344883680344,0.007089555263519287
f419_q50,0.1548572846860263,0.16537732842980957,0.11984679847955704,0.13708925247192383,0.01724245399236679
f418_mean,0.15333829734425417,0.1734733434726818,0.04225446656346321,0.035502806305885315,0.006751660257577896
f412_mean,0.15279225614296352,0.17643750299898334,6.805011253163684e-06,5.975405201752437e-06,8.296060514112469e-07
f429_mean,0.15259369570613054,0.17754068259424435,0.001026616431772709,0.0012097700964659452,0.00018315366469323635
f187_q25,0.1522958550508811,0.17914399492706223,1.0187524557113647,1.0183063745498657,0.00044608116149902344
f442_q50,0.15201787043931497,0.1806970945691941,1.2368963098197128e-07,9.199402484227903e-08,3.1695606139692245e-08
f263_mean,0.15199801439563168,0.1808697153412549,0.7260483503341675,0.7136648297309875,0.012383520603179932
f415_q25,0.1519185902208985,0.18129628269516762,1.8941051393994712e-06,2.3784748464095173e-06,4.843697070100461e-07
f182_mean,0.15145197319434103,0.18395237228015163,0.16181644797325134,0.14905454218387604,0.012761905789375305
f398_q25,0.15076693968726732,0.18786268374903323,6.572989514097571e-05,6.503389158751816e-05,6.960035534575582e-07
f181_q50,0.15003226607098535,0.19214172001905475,1.4675573110580444,1.4711543321609497,0.0035970211029052734
f165_q25,0.1498138495904691,0.19337845824796895,0.29214268922805786,0.2839164435863495,0.008226245641708374
f423_q50,0.1496947133283693,0.19415117592356335,0.03250287473201752,0.03467896208167076,0.002176087349653244
f371_q75,0.1496649292628444,0.19430560280820888,0.7754107713699341,0.7383599877357483,0.03705078363418579
f413_q25,0.14947629684785307,0.1954379868306097,1.5349563909694552e-05,2.051722003670875e-05,5.167656127014197e-06
f181_mean,0.14891039960287913,0.1988391416311493,1.4676706790924072,1.4713891744613647,0.0037184953689575195
f466_mean,0.14891039960287913,0.1988391416311493,0.03900670260190964,0.04440274089574814,0.005396038293838501
f313_q25,0.14811615785554727,0.20360801424040573,50.9444465637207,45.91043472290039,5.0340118408203125
f99_mean,0.14806651774633905,0.20391384507029162,4.598146460921271e-06,3.390241545275785e-06,1.2079049156454857e-06
f185_q50,0.14749069247952346,0.2075837791612873,1.8603590726852417,1.845084547996521,0.015274524688720703
f461_q50,0.14737155621742368,0.20825239333779552,2.3697740991757144e-10,1.7606438529327306e-10,6.091302462429837e-11
f438_q25,0.1458227848101266,0.2181398430259409,6.54207639172455e-08,7.400840473792414e-08,8.587640820678644e-09
f164_q25,0.14575328865723505,0.2185981965710461,0.3016011714935303,0.2775438725948334,0.0240572988986969
f332_mean,0.1455150161330355,0.22017851968612806,1.862756371498108,1.842618465423584,0.020137906074523926
f288_q25,0.14492926284437826,0.22397026873244544,1.2870651744378847e-07,2.660122504494211e-07,1.3730573300563265e-07
f183_mean,0.1435989079175974,0.23289492489346036,0.15870121121406555,0.14732809364795685,0.011373117566108704
f185_q25,0.1434896996773393,0.23370512611897543,1.832567572593689,1.8348572254180908,0.0022896528244018555
f405_q25,0.1432216430876148,0.23551241532178108,0.0017309964168816805,0.0014979183906689286,0.00023307802621275187
f149_q50,0.14309257880367338,0.236363454535386,271.9705810546875,243.95037841796875,28.02020263671875
f469_q50,0.14288409034499877,0.23787822104715356,0.017648940905928612,0.017748381942510605,9.94410365819931e-05
f467_mean,0.14251675353685778,0.2404347005196813,0.09702455252408981,0.0991312637925148,0.002106711268424988
f473_q25,0.1421494167287168,0.24301352768990597,0.04914550110697746,0.0715903788805008,0.02244487777352333
f416_q50,0.14206999255398362,0.24352898692707955,1.1789415111707058e-05,1.1462114343885332e-05,3.2730076782172546e-07
f414_q50,0.14179200794241748,0.2455030083822786,4.097032160643721e-06,3.5041030059801415e-06,5.929291546635795e-07
f181_q75,0.14171258376768428,0.24600792637389937,1.4942420721054077,1.4799710512161255,0.014271020889282227
f149_q25,0.14120625465376024,0.24962047844714436,252.91175842285156,236.7351837158203,16.17657470703125
f410_mean,0.1411367585008687,0.2502110135457888,35.380104064941406,35.96443176269531,0.5843276977539062
f166_q25,0.14111690245718542,0.25024337645985545,1.496045470237732,1.4203852415084839,0.07566022872924805
f330_q25,0.14007446016381236,0.2579105721307183,1.4544110298156738,1.4645317792892456,0.010120749473571777
f466_q75,0.13947877885331347,0.262325820847766,0.04913391172885895,0.04985126852989197,0.00071735680103302
f471_q25,0.1389228096301812,0.26647102399068673,0.015139147639274597,0.02505723387002945,0.009918086230754852
f406_q25,0.13806899975179945,0.2728953711278727,0.0010309439385309815,0.0009560371981933713,7.490674033761024e-05
f427_q50,0.13713576569868455,0.28017680826341035,0.01496206782758236,0.015578009188175201,0.0006159413605928421
f289_q25,0.13686770910896004,0.28224019647848875,4.393840754346456e-06,3.4717795642791316e-06,9.220611900673248e-07
f460_q50,0.13623231571109456,0.2872124769593107,5.838918237799362e-11,4.711767781495624e-11,1.1271504563037382e-11
f183_q50,0.1354976420948126,0.2930786751318987,0.15895982086658478,0.14727436006069183,0.011685460805892944
f429_q75,0.13478282452221396,0.298957941001155,0.0012385208392515779,0.001344226417131722,0.00010570557788014412
f389_q25,0.1335517498138496,0.3091032604296281,1.4235104572435375e-05,1.668420372880064e-05,2.449099156365264e-06
f459_q50,0.13319434102755026,0.3120551672533968,4.0035051662723475e-11,4.023390648422165e-11,1.9885482149817335e-13
f467_q25,0.1329957805907173,0.3137799409194977,0.06778055429458618,0.08483081310987473,0.017050258815288544
f471_q50,0.13270786795730952,0.3162293076137033,0.020998461171984673,0.02842867746949196,0.007430216297507286
f408_mean,0.13262844378257632,0.31689100275843696,13.097189903259277,13.598865509033203,0.5016756057739258
f410_q50,0.1314668652271035,0.32689058045638375,33.619606018066406,35.50865936279297,1.8890533447265625
f386_q50,0.13110945644080416,0.32998822689282903,4.628845090337563e-06,3.996751729573589e-06,6.320933607639745e-07
f100_q25,0.12986845371059816,0.34094962701056736,9.052640962181613e-06,7.96840959083056e-06,1.084231371351052e-06
f1_q25,0.12927277240009927,0.3462963627132995,4.6633504098281264e-06,3.522733095451258e-06,1.1406173143768683e-06
f169_q25,0.12891536361379996,0.34948087753088997,2.2170190811157227,2.2043423652648926,0.012676715850830078
f443_q25,0.12858773889302558,0.3524776569266162,2.5714081175465253e-07,2.7643417865874653e-07,1.9293366904094e-08
f181_q25,0.12826011417225117,0.3555158547615994,1.439710021018982,1.462471842765808,0.022761821746826172
f421_q75,0.1268602630925788,0.36852000763081666,0.01786605827510357,0.018757548183202744,0.0008914899080991745
f397_q25,0.12651278232812113,0.37178627378210655,1.491060720582027e-05,1.59427581820637e-05,1.0321509762434289e-06
f395_q25,0.1264631422189129,0.3722691241556314,1.4448759429797065e-05,1.6760694052209146e-05,2.311934622412082e-06
f262_mean,0.12645321419707123,0.37240167231322063,0.772333025932312,0.7517967224121094,0.020536303520202637
f427_mean,0.12608587738893026,0.37588882458547307,0.016479941084980965,0.01586367003619671,0.000616271048784256
f323_q25,0.1258277488210474,0.3782607666029168,1.5356931686401367,1.4691020250320435,0.06659114360809326
f89_q25,0.12556962025316457,0.38074081610495597,0.20799726247787476,0.20535635948181152,0.0026409029960632324
f262_q50,0.12553983618763961,0.38107014479325324,0.7912506461143494,0.7551291584968567,0.036121487617492676
f418_q50,0.12498386696450732,0.38645599359014593,0.038347385823726654,0.03470928594470024,0.003638099879026413
f99_q50,0.12415984115165053,0.3944547258389295,4.0943627936940175e-06,3.304437314000097e-06,7.899254796939204e-07
f467_q50,0.12373293621245966,0.3986735760587162,0.092147596180439,0.09621960669755936,0.004072010517120361
f182_q25,0.12368329610325143,0.39911718672928814,0.15183980762958527,0.1454722285270691,0.006367579102516174
f409_q50,0.12342516753536857,0.40169270729948614,7.811148166656494,8.165913581848145,0.3547654151916504
f371_mean,0.12327624720774386,0.4032053272272995,0.7452625036239624,0.7303076386451721,0.014954864978790283
f44_q25,0.12217423678332093,0.41423919026356204,1.8479254245758057,1.8297728300094604,0.018152594566345215
f411_q50,0.1220451724993795,0.4155054978509606,8.327609066327568e-06,7.188803920143982e-06,1.1388051461835857e-06
f386_q25,0.12185654008438819,0.4174203956456807,2.958471668534912e-06,3.3437529509683372e-06,3.852812824334251e-07
f399_q25,0.12181682799702159,0.41780434648556125,2.0834680981351994e-05,2.0088742530788295e-05,7.45938450563699e-07
f419_mean,0.1217572598659717,0.41845964813559244,0.1327759176492691,0.1406637281179428,0.007887810468673706
f424_q25,0.11991064780342517,0.43742159637335376,0.013455267995595932,0.013019510544836521,0.00043575745075941086
f101_q50,0.11904690990320178,0.44647344448681997,8.96514939086046e-06,7.877905773057137e-06,1.087243617803324e-06
f407_q25,0.11793497145693721,0.4582652098104683,0.0037806511390954256,0.0036200503818690777,0.00016060075722634792
f389_q50,0.1154132539091586,0.4855425379095042,2.0895151465083472e-05,1.9223749404773116e-05,1.6714020603103563e-06
f101_q25,0.1148969967733929,0.4912573820107664,6.824157935625408e-06,6.970560662011849e-06,1.4640272638644092e-07
f147_q25,0.11469843633655993,0.49334249759721,48.85784912109375,45.604652404785156,3.2531967163085938
f185_mean,0.11412261106974435,0.4998199738442985,1.8567277193069458,1.8446072340011597,0.012120485305786133
f83_q25,0.11329858525688756,0.5090171154560503,0.7263168692588806,0.7315623760223389,0.005245506763458252
f430_mean,0.11319930503847109,0.5101493022564658,0.0003440759319346398,0.0003400665009394288,4.009430995211005e-06
f183_q25,0.11203772648299826,0.5232118470453078,0.14922663569450378,0.1438724547624588,0.005354180932044983
f409_mean,0.11121370067014147,0.5326524660946299,8.442622184753418,8.283819198608398,0.15880298614501953
f39_q25,0.11093571605857533,0.535833683108996,0.5317439436912537,0.5407955646514893,0.009051620960235596
f395_q50,0.1108662199056838,0.53656630921652,2.1131701942067593e-05,1.932901614054572e-05,1.802685801521875e-06
f416_q25,0.11026061057334326,0.5435615819445831,7.893893780419603e-06,9.775117177923676e-06,1.8812233975040726e-06
f288_q50,0.11020104244229337,0.5442702189232804,3.296544548447855e-07,3.281142539890425e-07,1.5402008557430236e-09
f88_q25,0.10989327376520229,0.5477856180610036,0.05379084497690201,0.060747578740119934,0.006956733763217926
f2_q25,0.1097542814594192,0.5494016663567355,9.748471711645834e-06,8.244475793617312e-06,1.5039959180285223e-06
f441_q25,0.10796723752792256,0.5701397624309149,5.706220207457591e-08,6.839115940238116e-08,1.1328957327805256e-08
f402_q25,0.10722263588979895,0.5788998338173793,3.881759403157048e-05,4.0231443563243374e-05,1.413849531672895e-06
f460_q25,0.10704393149664929,0.5809627799137302,2.950993963080073e-11,3.919235075366956e-11,9.682411122868828e-12
f403_q25,0.10686522710349963,0.5830484597494346,2.959782796096988e-05,2.7747300919145346e-05,1.8505270418245345e-06
f408_q50,0.10651774633904194,0.5872120265187,11.693565368652344,13.37741470336914,1.6838493347167969
f426_q75,0.1062000496401092,0.5909729465339297,0.051473118364810944,0.051958587020635605,0.00048546865582466125
f417_q50,0.1037180441796972,0.620362867752062,0.07469183951616287,0.08034386485815048,0.00565202534198761
f401_q25,0.10352941176470588,0.6226396135934843,6.376978035405045e-06,6.418003067665268e-06,4.102503226022236e-08
f414_q25,0.10317200297840655,0.6268628878638526,2.8614495022338815e-06,3.003474603247014e-06,1.4202510101313237e-07
f290_q25,0.101692727724001,0.6445073935479558,9.713296094560064e-06,8.39779750094749e-06,1.315498593612574e-06
f331_q25,0.10089848597666914,0.6539423047911799,0.1531238853931427,0.146616131067276,0.006507754325866699
f428_q75,0.09819806403574088,0.6861838852026667,0.05283656716346741,0.05604032054543495,0.0032037533819675446
f411_q25,0.09810871183916604,0.6872515417349738,5.7493521126161795e-06,6.154320999485208e-06,4.049688868690282e-07
f184_q25,0.09667907669396873,0.7041950362555425,1.8426899909973145,1.8306442499160767,0.012045741081237793
f167_q25,0.09367088607594937,0.7393778817093735,1.5275129079818726,1.4789875745773315,0.048525333404541016
f43_q25,0.09344254157359146,0.7420407243521662,0.15284432470798492,0.14652855694293976,0.006315767765045166
f83_mean,0.09262844378257633,0.7514576352718039,0.7792561054229736,0.7526383996009827,0.026617705821990967
f459_q25,0.09228096301811864,0.7553852466419447,2.3550742953015735e-11,3.2522286946834456e-11,8.97154399381872e-12
f385_q25,0.09207247455944403,0.7578041391785867,1.2891027836303692e-06,1.089888314709242e-06,1.9921446892112726e-07
f442_q25,0.09133780094316207,0.7661418224728221,7.713573779710714e-08,7.529428813768391e-08,1.8414496594232332e-09
f413_q50,0.08752544055596923,0.8081495230824208,2.308266812178772e-05,2.4123752154991962e-05,1.0410840332042426e-06
f396_q25,0.08575825266815587,0.8267562114569792,1.8964652554132044e-05,2.0740557374665514e-05,1.7759048205334693e-06
f263_q50,0.08304790270538595,0.8539086634781544,0.7397083044052124,0.7157727479934692,0.023935556411743164
f371_q50,0.0830379746835443,0.853957346039787,0.7502270936965942,0.7307693958282471,0.019457697868347168
f387_q25,0.08147927525440556,0.868760829915071,5.54336611457984e-06,5.717856765841134e-06,1.7449065126129426e-07
f393_q25,0.0810126582278481,0.8729872570538915,5.644683824357344e-06,5.7400839068577625e-06,9.540008250041865e-08
f415_q50,0.07888806155373541,0.8916758639487267,2.9038092179689556e-06,2.7772205157816643e-06,1.2658870218729135e-07
f332_q25,0.07598907917597418,0.9148212630361665,1.8431471586227417,1.8374983072280884,0.00564885139465332
f461_q25,0.07585008687019111,0.91586906955975,1.3608890403471463e-10,1.4617410060147051e-10,1.0085196566755883e-11
f404_q25,0.07367585008687019,0.9312335801350748,0.00010731940710684285,0.00010903513611992821,1.7157290130853653e-06
f384_q25,0.07353685778108712,0.9321656376462475,6.766751425857365e-07,6.432641725950816e-07,3.341096999065485e-08
f99_q25,0.0662596177711591,0.9706601697120718,3.2927080155786825e-06,2.97863357445749e-06,3.1407444112119265e-07
f412_q50,0.06282452221394887,0.9822921157254617,5.874543603567872e-06,5.801634870294947e-06,7.290873327292502e-08
f394_q25,0.06142467113427649,0.985947081095318,4.289648586563999e-06,4.305295988160651e-06,1.5647401596652344e-08
f388_q25,0.06129560685033507,0.9862546871880578,4.207363417663146e-06,4.2844112613238394e-06,7.704784366069362e-08
