smoothing,threshold,merge_gap_sec,min_duration_sec,min_windows,confidence_density,global_mpp,avg_event_f1,std_event_f1,fold_count
11,0.3,60,20,5,0.2,0.5,0.5792,0.1905,3
11,0.3,60,20,3,0.1,0.5,0.5792,0.1905,3
11,0.3,60,20,3,0.2,0.5,0.5792,0.1905,3
11,0.3,60,20,5,0.0,0.5,0.5792,0.1905,3
11,0.3,90,20,2,0.2,0.5,0.5792,0.1905,3
11,0.3,90,20,5,0.2,0.5,0.5792,0.1905,3
11,0.3,90,20,3,0.0,0.5,0.5792,0.1905,3
11,0.3,60,20,5,0.1,0.5,0.5792,0.1905,3
11,0.3,60,20,2,0.1,0.5,0.5792,0.1905,3
11,0.3,90,20,3,0.2,0.5,0.5792,0.1905,3
11,0.3,90,20,2,0.0,0.5,0.5792,0.1905,3
5,0.4,90,20,3,0.2,0.5,0.5792,0.1905,3
5,0.4,90,20,2,0.2,0.6,0.5792,0.1905,3
5,0.4,90,20,2,0.2,0.5,0.5792,0.1905,3
11,0.3,60,20,3,0.0,0.5,0.5792,0.1905,3
11,0.3,90,20,3,0.1,0.5,0.5792,0.1905,3
5,0.4,90,20,5,0.2,0.5,0.5792,0.1905,3
11,0.3,90,20,5,0.0,0.5,0.5792,0.1905,3
11,0.3,90,20,2,0.1,0.5,0.5792,0.1905,3
11,0.3,90,20,5,0.1,0.5,0.5792,0.1905,3
11,0.3,60,20,2,0.0,0.5,0.5792,0.1905,3
11,0.3,60,20,2,0.2,0.5,0.5792,0.1905,3
5,0.4,90,20,5,0.2,0.6,0.5792,0.1905,3
5,0.4,90,20,3,0.2,0.6,0.5792,0.1905,3
5,0.4,60,20,3,0.0,0.6,0.5674,0.1813,3
11,0.3,60,20,5,0.2,0.4,0.5674,0.1813,3
5,0.4,60,20,2,0.2,0.6,0.5674,0.1813,3
11,0.3,60,20,5,0.0,0.4,0.5674,0.1813,3
11,0.3,60,20,3,0.2,0.4,0.5674,0.1813,3
5,0.4,60,20,2,0.2,0.5,0.5674,0.1813,3
11,0.3,90,20,2,0.2,0.4,0.5674,0.1813,3
11,0.3,90,20,2,0.2,0.3,0.5674,0.1813,3
5,0.4,60,20,2,0.1,0.6,0.5674,0.1813,3
11,0.3,60,20,2,0.2,0.4,0.5674,0.1813,3
11,0.3,60,20,2,0.1,0.4,0.5674,0.1813,3
11,0.3,90,20,3,0.1,0.4,0.5674,0.1813,3
11,0.3,90,20,5,0.0,0.4,0.5674,0.1813,3
11,0.3,90,20,3,0.0,0.4,0.5674,0.1813,3
5,0.4,60,20,2,0.0,0.6,0.5674,0.1813,3
11,0.3,60,20,5,0.1,0.4,0.5674,0.1813,3
11,0.3,90,20,3,0.2,0.3,0.5674,0.1813,3
11,0.3,90,20,3,0.2,0.4,0.5674,0.1813,3
11,0.3,90,20,2,0.0,0.4,0.5674,0.1813,3
11,0.3,60,20,3,0.0,0.4,0.5674,0.1813,3
11,0.3,90,20,5,0.2,0.4,0.5674,0.1813,3
11,0.3,90,20,5,0.2,0.3,0.5674,0.1813,3
11,0.3,60,20,3,0.1,0.4,0.5674,0.1813,3
11,0.3,90,20,5,0.1,0.4,0.5674,0.1813,3
11,0.3,90,20,2,0.1,0.4,0.5674,0.1813,3
7,0.3,60,20,2,0.0,0.5,0.5674,0.1813,3
11,0.3,60,20,2,0.0,0.4,0.5674,0.1813,3
7,0.3,60,20,3,0.0,0.5,0.5674,0.1813,3
7,0.3,60,20,3,0.2,0.5,0.5674,0.1813,3
7,0.3,60,20,5,0.0,0.5,0.5674,0.1813,3
7,0.3,60,20,5,0.1,0.5,0.5674,0.1813,3
7,0.3,60,20,2,0.2,0.5,0.5674,0.1813,3
7,0.3,60,20,3,0.1,0.5,0.5674,0.1813,3
7,0.3,60,20,5,0.2,0.5,0.5674,0.1813,3
7,0.3,60,20,2,0.1,0.5,0.5674,0.1813,3
5,0.4,90,20,5,0.0,0.6,0.5674,0.1813,3
5,0.4,90,20,5,0.1,0.5,0.5674,0.1813,3
5,0.4,90,20,5,0.1,0.6,0.5674,0.1813,3
5,0.4,90,20,3,0.1,0.6,0.5674,0.1813,3
5,0.4,90,20,3,0.0,0.6,0.5674,0.1813,3
5,0.4,90,20,3,0.1,0.5,0.5674,0.1813,3
5,0.4,90,20,2,0.1,0.6,0.5674,0.1813,3
5,0.4,90,20,2,0.1,0.5,0.5674,0.1813,3
5,0.4,90,20,2,0.0,0.6,0.5674,0.1813,3
5,0.4,60,20,5,0.2,0.5,0.5674,0.1813,3
5,0.4,60,20,5,0.1,0.6,0.5674,0.1813,3
5,0.4,60,20,5,0.0,0.6,0.5674,0.1813,3
5,0.4,60,20,3,0.2,0.6,0.5674,0.1813,3
5,0.4,60,20,3,0.2,0.5,0.5674,0.1813,3
5,0.4,60,20,5,0.2,0.6,0.5674,0.1813,3
5,0.4,60,20,3,0.1,0.6,0.5674,0.1813,3
15,0.3,90,20,2,0.1,0.4,0.5672,0.1813,3
15,0.3,90,20,2,0.2,0.4,0.5672,0.1813,3
15,0.3,90,20,3,0.0,0.4,0.5672,0.1813,3
15,0.3,90,20,3,0.1,0.4,0.5672,0.1813,3
15,0.3,90,20,5,0.0,0.4,0.5672,0.1813,3
15,0.3,90,20,3,0.2,0.4,0.5672,0.1813,3
15,0.3,90,20,5,0.1,0.4,0.5672,0.1813,3
5,0.4,90,10,5,0.2,0.6,0.5672,0.1813,3
5,0.4,90,10,3,0.2,0.6,0.5672,0.1813,3
15,0.3,90,20,5,0.2,0.4,0.5672,0.1813,3
15,0.3,90,20,2,0.0,0.4,0.5672,0.1813,3
5,0.4,90,10,2,0.2,0.6,0.5672,0.1813,3
5,0.4,90,20,2,0.2,0.4,0.5672,0.1813,3
5,0.4,90,20,2,0.2,0.3,0.5672,0.1813,3
5,0.4,90,20,3,0.2,0.4,0.5672,0.1813,3
5,0.4,90,20,3,0.2,0.3,0.5672,0.1813,3
5,0.4,90,20,5,0.2,0.4,0.5672,0.1813,3
5,0.4,90,20,5,0.2,0.3,0.5672,0.1813,3
5,0.4,60,20,3,0.1,0.5,0.5562,0.1729,3
11,0.3,45,20,5,0.0,0.5,0.5562,0.1729,3
5,0.4,60,20,3,0.0,0.5,0.5562,0.1729,3
11,0.3,30,20,2,0.2,0.5,0.5562,0.1729,3
11,0.3,45,20,5,0.2,0.5,0.5562,0.1729,3
11,0.3,45,20,5,0.1,0.5,0.5562,0.1729,3
11,0.3,30,20,5,0.0,0.5,0.5562,0.1729,3
11,0.3,30,20,3,0.2,0.5,0.5562,0.1729,3
11,0.3,30,20,5,0.2,0.5,0.5562,0.1729,3
11,0.3,30,20,3,0.1,0.5,0.5562,0.1729,3
11,0.3,30,20,2,0.0,0.5,0.5562,0.1729,3
11,0.3,30,20,3,0.0,0.5,0.5562,0.1729,3
7,0.3,60,20,5,0.2,0.4,0.5562,0.1729,3
11,0.3,45,20,2,0.2,0.5,0.5562,0.1729,3
7,0.3,60,20,2,0.1,0.4,0.5562,0.1729,3
7,0.3,60,20,5,0.0,0.4,0.5562,0.1729,3
7,0.3,60,20,2,0.0,0.4,0.5562,0.1729,3
11,0.3,45,20,3,0.1,0.5,0.5562,0.1729,3
11,0.3,45,20,3,0.2,0.5,0.5562,0.1729,3
7,0.3,60,20,3,0.0,0.4,0.5562,0.1729,3
11,0.3,45,20,3,0.0,0.5,0.5562,0.1729,3
7,0.3,60,20,5,0.1,0.4,0.5562,0.1729,3
5,0.4,60,20,5,0.0,0.5,0.5562,0.1729,3
5,0.4,60,20,2,0.1,0.5,0.5562,0.1729,3
5,0.4,60,20,5,0.1,0.5,0.5562,0.1729,3
7,0.3,60,20,3,0.2,0.4,0.5562,0.1729,3
5,0.4,60,20,2,0.0,0.5,0.5562,0.1729,3
7,0.3,60,20,2,0.2,0.4,0.5562,0.1729,3
11,0.3,45,20,2,0.1,0.5,0.5562,0.1729,3
11,0.3,45,20,2,0.0,0.5,0.5562,0.1729,3
11,0.3,30,20,5,0.1,0.5,0.5562,0.1729,3
11,0.3,30,20,2,0.1,0.5,0.5562,0.1729,3
7,0.3,60,20,3,0.1,0.4,0.5562,0.1729,3
7,0.4,90,10,5,0.2,0.4,0.5559,0.1727,3
5,0.4,90,20,2,0.0,0.5,0.5559,0.1727,3
15,0.3,90,20,3,0.2,0.3,0.5559,0.1727,3
15,0.3,90,20,5,0.1,0.3,0.5559,0.1727,3
5,0.4,60,10,5,0.1,0.6,0.5559,0.1727,3
5,0.4,60,10,2,0.1,0.6,0.5559,0.1727,3
11,0.3,60,20,2,0.1,0.3,0.5559,0.1727,3
11,0.3,60,20,3,0.0,0.3,0.5559,0.1727,3
15,0.3,90,20,3,0.1,0.3,0.5559,0.1727,3
15,0.3,90,20,2,0.2,0.3,0.5559,0.1727,3
15,0.3,90,20,2,0.1,0.3,0.5559,0.1727,3
5,0.4,90,10,2,0.1,0.6,0.5559,0.1727,3
7,0.4,90,10,3,0.2,0.3,0.5559,0.1727,3
11,0.3,60,20,3,0.2,0.3,0.5559,0.1727,3
5,0.4,60,20,2,0.2,0.4,0.5559,0.1727,3
11,0.3,60,20,5,0.0,0.3,0.5559,0.1727,3
15,0.3,90,20,2,0.0,0.3,0.5559,0.1727,3
11,0.3,60,20,2,0.0,0.3,0.5559,0.1727,3
5,0.4,60,10,5,0.0,0.6,0.5559,0.1727,3
5,0.4,90,20,2,0.1,0.4,0.5559,0.1727,3
5,0.4,90,20,2,0.1,0.3,0.5559,0.1727,3
7,0.4,90,10,2,0.2,0.3,0.5559,0.1727,3
5,0.4,60,10,3,0.1,0.6,0.5559,0.1727,3
5,0.4,60,10,2,0.0,0.6,0.5559,0.1727,3
7,0.4,90,10,5,0.2,0.5,0.5559,0.1727,3
7,0.4,90,10,2,0.2,0.4,0.5559,0.1727,3
7,0.4,90,10,2,0.2,0.5,0.5559,0.1727,3
15,0.3,90,20,5,0.2,0.3,0.5559,0.1727,3
5,0.4,90,10,2,0.0,0.6,0.5559,0.1727,3
11,0.3,60,20,5,0.2,0.3,0.5559,0.1727,3
15,0.3,90,20,3,0.0,0.3,0.5559,0.1727,3
5,0.4,90,10,5,0.1,0.6,0.5559,0.1727,3
5,0.4,90,10,5,0.0,0.6,0.5559,0.1727,3
15,0.3,90,20,5,0.0,0.3,0.5559,0.1727,3
11,0.3,60,20,3,0.1,0.3,0.5559,0.1727,3
7,0.4,90,10,5,0.2,0.3,0.5559,0.1727,3
11,0.3,90,20,2,0.0,0.3,0.5559,0.1727,3
11,0.3,60,20,5,0.1,0.3,0.5559,0.1727,3
11,0.3,90,20,5,0.0,0.3,0.5559,0.1727,3
5,0.4,90,10,3,0.1,0.6,0.5559,0.1727,3
11,0.3,60,20,2,0.2,0.3,0.5559,0.1727,3
5,0.4,60,10,3,0.2,0.6,0.5559,0.1727,3
5,0.4,60,20,2,0.2,0.3,0.5559,0.1727,3
5,0.4,60,10,5,0.2,0.6,0.5559,0.1727,3
5,0.4,60,20,3,0.2,0.4,0.5559,0.1727,3
5,0.4,60,20,3,0.2,0.3,0.5559,0.1727,3
7,0.3,90,20,5,0.1,0.5,0.5559,0.1727,3
7,0.3,90,20,5,0.1,0.4,0.5559,0.1727,3
7,0.3,90,20,5,0.0,0.5,0.5559,0.1727,3
7,0.3,90,20,5,0.0,0.4,0.5559,0.1727,3
7,0.3,90,20,3,0.1,0.5,0.5559,0.1727,3
5,0.4,90,20,3,0.0,0.5,0.5559,0.1727,3
11,0.3,90,20,3,0.1,0.3,0.5559,0.1727,3
11,0.3,90,20,3,0.0,0.3,0.5559,0.1727,3
11,0.3,90,20,2,0.1,0.3,0.5559,0.1727,3
11,0.3,90,20,5,0.1,0.3,0.5559,0.1727,3
7,0.4,90,10,3,0.2,0.4,0.5559,0.1727,3
5,0.4,90,10,3,0.0,0.6,0.5559,0.1727,3
5,0.4,60,10,2,0.2,0.6,0.5559,0.1727,3
7,0.3,90,20,2,0.1,0.4,0.5559,0.1727,3
7,0.3,90,20,2,0.0,0.5,0.5559,0.1727,3
7,0.3,90,20,2,0.0,0.4,0.5559,0.1727,3
5,0.4,90,20,3,0.1,0.4,0.5559,0.1727,3
7,0.4,90,10,3,0.2,0.5,0.5559,0.1727,3
5,0.4,90,20,3,0.1,0.3,0.5559,0.1727,3
5,0.4,60,10,3,0.0,0.6,0.5559,0.1727,3
7,0.3,90,20,2,0.1,0.5,0.5559,0.1727,3
5,0.4,90,20,5,0.1,0.4,0.5559,0.1727,3
5,0.4,90,20,5,0.1,0.3,0.5559,0.1727,3
5,0.4,90,20,5,0.0,0.5,0.5559,0.1727,3
7,0.3,90,20,3,0.1,0.4,0.5559,0.1727,3
7,0.3,90,20,3,0.0,0.4,0.5559,0.1727,3
7,0.3,90,20,3,0.0,0.5,0.5559,0.1727,3
5,0.4,60,20,5,0.2,0.4,0.5559,0.1727,3
5,0.4,60,20,5,0.2,0.3,0.5559,0.1727,3
7,0.4,90,20,5,0.2,0.3,0.5542,0.1838,3
7,0.4,90,20,5,0.2,0.4,0.5542,0.1838,3
7,0.4,90,20,5,0.2,0.5,0.5542,0.1838,3
7,0.4,90,20,3,0.2,0.3,0.5542,0.1838,3
7,0.4,90,20,3,0.2,0.4,0.5542,0.1838,3
7,0.4,90,20,3,0.2,0.5,0.5542,0.1838,3
7,0.4,90,20,2,0.2,0.5,0.5542,0.1838,3
7,0.4,90,20,2,0.2,0.4,0.5542,0.1838,3
7,0.4,90,20,2,0.2,0.3,0.5542,0.1838,3
11,0.3,90,30,2,0.0,0.5,0.5529,0.209,3
11,0.3,90,30,3,0.2,0.5,0.5529,0.209,3
11,0.3,90,30,5,0.0,0.5,0.5529,0.209,3
11,0.3,90,30,2,0.1,0.5,0.5529,0.209,3
11,0.3,60,30,3,0.0,0.5,0.5529,0.209,3
11,0.3,60,30,2,0.1,0.5,0.5529,0.209,3
11,0.3,60,30,2,0.0,0.5,0.5529,0.209,3
11,0.3,60,30,3,0.2,0.5,0.5529,0.209,3
11,0.3,90,30,3,0.1,0.5,0.5529,0.209,3
11,0.3,60,30,2,0.2,0.5,0.5529,0.209,3
11,0.3,60,30,5,0.1,0.5,0.5529,0.209,3
11,0.3,60,30,3,0.1,0.5,0.5529,0.209,3
11,0.3,90,30,5,0.1,0.5,0.5529,0.209,3
11,0.3,90,30,3,0.0,0.5,0.5529,0.209,3
11,0.3,90,30,2,0.2,0.5,0.5529,0.209,3
11,0.3,60,30,5,0.2,0.5,0.5529,0.209,3
11,0.3,60,30,5,0.0,0.5,0.5529,0.209,3
11,0.3,90,30,5,0.2,0.5,0.5529,0.209,3
5,0.4,20,20,2,0.1,0.6,0.5456,0.165,3
5,0.4,45,20,3,0.1,0.6,0.5456,0.165,3
5,0.4,45,20,2,0.2,0.6,0.5456,0.165,3
11,0.3,45,20,3,0.2,0.4,0.5456,0.165,3
5,0.4,45,20,2,0.2,0.5,0.5456,0.165,3
5,0.4,20,20,2,0.0,0.6,0.5456,0.165,3
5,0.4,20,20,2,0.1,0.5,0.5456,0.165,3
7,0.3,30,20,2,0.1,0.4,0.5456,0.165,3
7,0.3,30,20,2,0.1,0.5,0.5456,0.165,3
7,0.3,30,20,2,0.2,0.4,0.5456,0.165,3
11,0.3,20,20,3,0.2,0.5,0.5456,0.165,3
7,0.3,45,20,5,0.2,0.5,0.5456,0.165,3
7,0.3,45,20,3,0.2,0.5,0.5456,0.165,3
5,0.4,20,20,3,0.1,0.6,0.5456,0.165,3
11,0.3,45,20,2,0.2,0.4,0.5456,0.165,3
7,0.3,45,20,5,0.1,0.5,0.5456,0.165,3
7,0.3,45,20,2,0.2,0.5,0.5456,0.165,3
5,0.4,20,20,3,0.2,0.5,0.5456,0.165,3
5,0.4,45,20,3,0.0,0.6,0.5456,0.165,3
5,0.4,45,20,5,0.2,0.5,0.5456,0.165,3
5,0.4,45,20,5,0.2,0.6,0.5456,0.165,3
5,0.4,45,20,5,0.1,0.6,0.5456,0.165,3
5,0.4,20,20,2,0.0,0.5,0.5456,0.165,3
11,0.3,45,20,3,0.1,0.4,0.5456,0.165,3
5,0.4,45,20,5,0.0,0.6,0.5456,0.165,3
7,0.3,45,20,2,0.1,0.5,0.5456,0.165,3
11,0.3,30,20,5,0.0,0.4,0.5456,0.165,3
7,0.3,30,20,5,0.1,0.4,0.5456,0.165,3
5,0.4,20,20,2,0.2,0.6,0.5456,0.165,3
5,0.4,20,20,5,0.2,0.6,0.5456,0.165,3
5,0.4,20,20,2,0.2,0.5,0.5456,0.165,3
7,0.3,30,20,3,0.2,0.4,0.5456,0.165,3
11,0.3,45,20,5,0.0,0.4,0.5456,0.165,3
7,0.3,45,20,3,0.1,0.5,0.5456,0.165,3
7,0.3,45,20,3,0.0,0.5,0.5456,0.165,3
11,0.3,30,20,2,0.2,0.4,0.5456,0.165,3
11,0.3,30,20,2,0.1,0.4,0.5456,0.165,3
7,0.3,45,20,5,0.0,0.5,0.5456,0.165,3
7,0.3,30,20,3,0.1,0.4,0.5456,0.165,3
5,0.4,45,20,2,0.0,0.6,0.5456,0.165,3
11,0.3,45,20,3,0.0,0.4,0.5456,0.165,3
5,0.4,45,20,3,0.2,0.5,0.5456,0.165,3
5,0.4,45,20,2,0.1,0.6,0.5456,0.165,3
11,0.3,45,20,5,0.2,0.4,0.5456,0.165,3
11,0.3,45,20,5,0.1,0.4,0.5456,0.165,3
11,0.3,20,20,3,0.0,0.5,0.5456,0.165,3
11,0.3,20,20,3,0.1,0.5,0.5456,0.165,3
5,0.4,20,20,5,0.0,0.5,0.5456,0.165,3
11,0.3,20,20,2,0.1,0.5,0.5456,0.165,3
7,0.3,30,20,5,0.0,0.4,0.5456,0.165,3
5,0.4,20,20,5,0.2,0.5,0.5456,0.165,3
5,0.4,20,20,5,0.0,0.6,0.5456,0.165,3
11,0.3,20,20,2,0.0,0.5,0.5456,0.165,3
11,0.3,20,20,5,0.1,0.5,0.5456,0.165,3
7,0.3,30,20,3,0.2,0.5,0.5456,0.165,3
7,0.3,30,20,2,0.2,0.5,0.5456,0.165,3
7,0.3,30,20,3,0.1,0.5,0.5456,0.165,3
11,0.3,30,20,2,0.0,0.4,0.5456,0.165,3
7,0.3,30,20,3,0.0,0.5,0.5456,0.165,3
5,0.4,20,20,5,0.1,0.6,0.5456,0.165,3
5,0.4,20,20,5,0.1,0.5,0.5456,0.165,3
11,0.3,20,20,5,0.0,0.5,0.5456,0.165,3
7,0.3,30,20,2,0.0,0.4,0.5456,0.165,3
11,0.3,20,20,5,0.2,0.5,0.5456,0.165,3
11,0.3,20,20,2,0.2,0.5,0.5456,0.165,3
7,0.3,30,20,3,0.0,0.4,0.5456,0.165,3
7,0.3,30,20,5,0.2,0.5,0.5456,0.165,3
7,0.3,30,20,5,0.1,0.5,0.5456,0.165,3
7,0.3,30,20,5,0.2,0.4,0.5456,0.165,3
7,0.3,30,20,2,0.0,0.5,0.5456,0.165,3
7,0.3,30,20,5,0.0,0.5,0.5456,0.165,3
11,0.3,30,20,3,0.0,0.4,0.5456,0.165,3
11,0.3,45,20,2,0.1,0.4,0.5456,0.165,3
11,0.3,45,20,2,0.0,0.4,0.5456,0.165,3
5,0.4,20,20,3,0.2,0.6,0.5456,0.165,3
11,0.3,30,20,5,0.1,0.4,0.5456,0.165,3
11,0.3,30,20,3,0.2,0.4,0.5456,0.165,3
7,0.3,45,20,2,0.0,0.5,0.5456,0.165,3
5,0.4,20,20,3,0.0,0.5,0.5456,0.165,3
5,0.4,20,20,3,0.0,0.6,0.5456,0.165,3
5,0.4,20,20,3,0.1,0.5,0.5456,0.165,3
11,0.3,30,20,5,0.2,0.4,0.5456,0.165,3
11,0.3,30,20,3,0.1,0.4,0.5456,0.165,3
5,0.4,45,20,3,0.2,0.6,0.5456,0.165,3
15,0.3,45,20,2,0.2,0.4,0.5451,0.1647,3
15,0.3,60,20,5,0.0,0.4,0.5451,0.1647,3
15,0.4,45,10,3,0.1,0.3,0.5451,0.1647,3
5,0.4,60,20,5,0.0,0.4,0.5451,0.1647,3
5,0.4,60,20,5,0.1,0.3,0.5451,0.1647,3
5,0.4,60,20,5,0.1,0.4,0.5451,0.1647,3
15,0.3,60,20,2,0.2,0.4,0.5451,0.1647,3
15,0.4,45,10,5,0.2,0.4,0.5451,0.1647,3
5,0.4,60,20,5,0.0,0.3,0.5451,0.1647,3
15,0.4,45,10,5,0.1,0.4,0.5451,0.1647,3
15,0.4,45,10,3,0.1,0.4,0.5451,0.1647,3
15,0.4,45,10,3,0.2,0.4,0.5451,0.1647,3
15,0.4,45,10,5,0.0,0.3,0.5451,0.1647,3
15,0.4,45,10,5,0.1,0.3,0.5451,0.1647,3
15,0.4,45,10,5,0.0,0.4,0.5451,0.1647,3
15,0.3,60,20,3,0.1,0.4,0.5451,0.1647,3
15,0.3,60,20,3,0.0,0.4,0.5451,0.1647,3
15,0.3,60,20,3,0.2,0.4,0.5451,0.1647,3
15,0.4,60,10,3,0.0,0.3,0.5451,0.1647,3
15,0.4,60,10,2,0.1,0.4,0.5451,0.1647,3
15,0.4,60,10,2,0.2,0.3,0.5451,0.1647,3
15,0.4,60,10,2,0.2,0.4,0.5451,0.1647,3
15,0.4,60,10,2,0.1,0.3,0.5451,0.1647,3
15,0.4,60,10,5,0.1,0.3,0.5451,0.1647,3
15,0.4,60,10,5,0.1,0.4,0.5451,0.1647,3
5,0.4,60,20,2,0.1,0.3,0.5451,0.1647,3
5,0.4,60,20,2,0.1,0.4,0.5451,0.1647,3
5,0.4,90,10,3,0.2,0.5,0.5451,0.1647,3
15,0.4,60,10,5,0.0,0.3,0.5451,0.1647,3
15,0.4,60,10,2,0.0,0.4,0.5451,0.1647,3
15,0.4,60,10,2,0.0,0.3,0.5451,0.1647,3
15,0.4,60,10,3,0.2,0.3,0.5451,0.1647,3
15,0.4,60,10,3,0.2,0.4,0.5451,0.1647,3
15,0.4,45,10,2,0.2,0.3,0.5451,0.1647,3
15,0.4,45,10,2,0.2,0.4,0.5451,0.1647,3
5,0.4,60,20,2,0.0,0.4,0.5451,0.1647,3
5,0.4,60,20,2,0.0,0.3,0.5451,0.1647,3
15,0.4,45,10,3,0.0,0.4,0.5451,0.1647,3
15,0.4,45,10,3,0.0,0.3,0.5451,0.1647,3
15,0.4,60,10,5,0.0,0.4,0.5451,0.1647,3
15,0.3,60,20,2,0.1,0.4,0.5451,0.1647,3
15,0.4,45,10,3,0.2,0.3,0.5451,0.1647,3
15,0.3,45,20,2,0.1,0.4,0.5451,0.1647,3
15,0.3,45,20,3,0.2,0.4,0.5451,0.1647,3
15,0.3,45,20,5,0.2,0.4,0.5451,0.1647,3
15,0.3,45,20,5,0.1,0.4,0.5451,0.1647,3
15,0.3,45,20,5,0.0,0.4,0.5451,0.1647,3
15,0.4,60,10,3,0.0,0.4,0.5451,0.1647,3
15,0.4,60,10,3,0.1,0.3,0.5451,0.1647,3
15,0.4,60,10,3,0.1,0.4,0.5451,0.1647,3
5,0.4,90,10,2,0.2,0.5,0.5451,0.1647,3
5,0.4,60,20,3,0.0,0.4,0.5451,0.1647,3
5,0.4,60,20,3,0.0,0.3,0.5451,0.1647,3
15,0.4,60,10,5,0.2,0.4,0.5451,0.1647,3
15,0.4,60,10,5,0.2,0.3,0.5451,0.1647,3
15,0.4,90,10,3,0.1,0.4,0.5451,0.1647,3
15,0.4,45,10,2,0.0,0.3,0.5451,0.1647,3
15,0.4,45,10,2,0.0,0.4,0.5451,0.1647,3
15,0.4,45,10,2,0.1,0.3,0.5451,0.1647,3
5,0.4,60,20,3,0.1,0.4,0.5451,0.1647,3
5,0.4,60,20,3,0.1,0.3,0.5451,0.1647,3
5,0.4,90,10,5,0.2,0.5,0.5451,0.1647,3
15,0.4,45,10,2,0.1,0.4,0.5451,0.1647,3
15,0.4,90,10,3,0.0,0.4,0.5451,0.1647,3
15,0.4,90,10,3,0.1,0.3,0.5451,0.1647,3
15,0.4,90,10,2,0.0,0.3,0.5451,0.1647,3
15,0.4,90,10,3,0.2,0.3,0.5451,0.1647,3
15,0.4,90,10,3,0.2,0.4,0.5451,0.1647,3
15,0.4,90,10,2,0.2,0.4,0.5451,0.1647,3
15,0.3,60,20,5,0.1,0.4,0.5451,0.1647,3
15,0.3,60,20,5,0.2,0.4,0.5451,0.1647,3
15,0.4,90,10,2,0.1,0.4,0.5451,0.1647,3
15,0.4,90,10,2,0.2,0.3,0.5451,0.1647,3
15,0.4,90,10,3,0.0,0.3,0.5451,0.1647,3
15,0.4,90,10,2,0.1,0.3,0.5451,0.1647,3
15,0.4,90,10,5,0.2,0.3,0.5451,0.1647,3
15,0.4,90,10,5,0.1,0.4,0.5451,0.1647,3
15,0.4,90,10,5,0.2,0.4,0.5451,0.1647,3
15,0.4,90,10,2,0.0,0.4,0.5451,0.1647,3
15,0.4,90,10,5,0.0,0.4,0.5451,0.1647,3
15,0.4,90,10,5,0.1,0.3,0.5451,0.1647,3
15,0.3,45,20,3,0.0,0.4,0.5451,0.1647,3
15,0.4,90,10,5,0.0,0.3,0.5451,0.1647,3
15,0.4,45,10,5,0.2,0.3,0.5451,0.1647,3
15,0.3,60,20,2,0.0,0.4,0.5451,0.1647,3
15,0.3,45,20,2,0.0,0.4,0.5451,0.1647,3
15,0.3,45,20,3,0.1,0.4,0.5451,0.1647,3
11,0.4,90,10,2,0.2,0.4,0.545,0.1646,3
11,0.4,90,10,2,0.2,0.5,0.545,0.1646,3
7,0.4,90,10,5,0.0,0.5,0.545,0.1646,3
11,0.4,90,10,3,0.0,0.5,0.545,0.1646,3
7,0.4,90,10,2,0.1,0.4,0.545,0.1646,3
7,0.4,90,10,2,0.1,0.3,0.545,0.1646,3
7,0.4,90,10,5,0.1,0.3,0.545,0.1646,3
7,0.4,90,10,3,0.0,0.4,0.545,0.1646,3
7,0.4,90,10,3,0.0,0.3,0.545,0.1646,3
7,0.4,90,10,2,0.1,0.5,0.545,0.1646,3
5,0.4,90,20,2,0.0,0.4,0.545,0.1646,3
11,0.4,90,10,3,0.2,0.3,0.545,0.1646,3
7,0.4,90,10,5,0.1,0.5,0.545,0.1646,3
11,0.4,90,10,3,0.2,0.4,0.545,0.1646,3
5,0.4,90,20,2,0.0,0.3,0.545,0.1646,3
11,0.4,90,10,5,0.0,0.5,0.545,0.1646,3
11,0.4,90,10,2,0.1,0.5,0.545,0.1646,3
7,0.4,90,10,3,0.1,0.4,0.545,0.1646,3
7,0.4,90,10,5,0.0,0.4,0.545,0.1646,3
7,0.4,90,10,5,0.1,0.4,0.545,0.1646,3
7,0.4,90,10,3,0.1,0.3,0.545,0.1646,3
7,0.4,90,10,3,0.0,0.5,0.545,0.1646,3
7,0.4,90,10,2,0.0,0.4,0.545,0.1646,3
7,0.4,90,10,2,0.0,0.5,0.545,0.1646,3
7,0.4,90,10,2,0.0,0.3,0.545,0.1646,3
11,0.4,90,10,2,0.0,0.5,0.545,0.1646,3
11,0.4,90,10,5,0.2,0.3,0.545,0.1646,3
11,0.4,90,10,5,0.1,0.5,0.545,0.1646,3
11,0.4,90,10,5,0.2,0.5,0.545,0.1646,3
11,0.4,90,10,5,0.2,0.4,0.545,0.1646,3
11,0.4,90,10,3,0.2,0.5,0.545,0.1646,3
5,0.4,90,20,5,0.0,0.3,0.545,0.1646,3
7,0.4,90,10,5,0.0,0.3,0.545,0.1646,3
11,0.4,90,10,3,0.1,0.5,0.545,0.1646,3
7,0.4,90,10,3,0.1,0.5,0.545,0.1646,3
11,0.4,90,10,2,0.2,0.3,0.545,0.1646,3
5,0.4,90,20,3,0.0,0.4,0.545,0.1646,3
5,0.4,90,20,3,0.0,0.3,0.545,0.1646,3
5,0.4,90,20,5,0.0,0.4,0.545,0.1646,3
7,0.4,90,20,3,0.0,0.5,0.5427,0.1751,3
7,0.4,90,20,3,0.0,0.3,0.5427,0.1751,3
7,0.4,90,20,3,0.0,0.4,0.5427,0.1751,3
7,0.4,90,20,3,0.1,0.5,0.5427,0.1751,3
7,0.4,90,20,5,0.0,0.5,0.5427,0.1751,3
7,0.4,90,20,5,0.1,0.5,0.5427,0.1751,3
7,0.4,90,20,5,0.1,0.3,0.5427,0.1751,3
7,0.4,90,20,2,0.1,0.3,0.5427,0.1751,3
7,0.4,90,20,3,0.1,0.3,0.5427,0.1751,3
7,0.4,90,20,3,0.1,0.4,0.5427,0.1751,3
7,0.4,90,20,5,0.0,0.4,0.5427,0.1751,3
7,0.4,90,20,2,0.0,0.4,0.5427,0.1751,3
7,0.4,90,20,5,0.0,0.3,0.5427,0.1751,3
7,0.4,90,20,5,0.1,0.4,0.5427,0.1751,3
7,0.4,90,20,2,0.1,0.4,0.5427,0.1751,3
7,0.4,90,20,2,0.0,0.5,0.5427,0.1751,3
7,0.4,90,20,2,0.1,0.5,0.5427,0.1751,3
7,0.4,90,20,2,0.0,0.3,0.5427,0.1751,3
11,0.3,60,30,3,0.2,0.4,0.5413,0.1997,3
11,0.3,60,30,3,0.0,0.4,0.5413,0.1997,3
11,0.3,60,30,5,0.1,0.4,0.5413,0.1997,3
11,0.3,60,30,5,0.0,0.4,0.5413,0.1997,3
11,0.3,60,30,5,0.2,0.4,0.5413,0.1997,3
11,0.3,90,30,5,0.2,0.3,0.5413,0.1997,3
11,0.3,90,30,5,0.0,0.4,0.5413,0.1997,3
11,0.3,90,30,2,0.0,0.4,0.5413,0.1997,3
11,0.3,90,30,3,0.2,0.4,0.5413,0.1997,3
11,0.3,90,30,5,0.2,0.4,0.5413,0.1997,3
11,0.3,90,30,2,0.2,0.3,0.5413,0.1997,3
11,0.3,90,30,2,0.2,0.4,0.5413,0.1997,3
11,0.3,90,30,5,0.1,0.4,0.5413,0.1997,3
11,0.3,90,30,3,0.2,0.3,0.5413,0.1997,3
11,0.3,90,30,3,0.0,0.4,0.5413,0.1997,3
11,0.3,90,30,3,0.1,0.4,0.5413,0.1997,3
11,0.3,90,30,2,0.1,0.4,0.5413,0.1997,3
11,0.3,60,30,3,0.1,0.4,0.5413,0.1997,3
11,0.3,60,30,2,0.2,0.4,0.5413,0.1997,3
11,0.3,60,30,2,0.0,0.4,0.5413,0.1997,3
11,0.3,60,30,2,0.1,0.4,0.5413,0.1997,3
7,0.5,90,20,5,0.2,0.3,0.5391,0.2125,3
7,0.5,90,20,5,0.2,0.5,0.5391,0.2125,3
7,0.5,90,20,5,0.2,0.4,0.5391,0.2125,3
7,0.5,90,10,3,0.2,0.3,0.5391,0.2125,3
7,0.5,90,20,3,0.2,0.3,0.5391,0.2125,3
7,0.5,90,20,3,0.2,0.4,0.5391,0.2125,3
7,0.5,90,10,3,0.2,0.4,0.5391,0.2125,3
7,0.5,90,10,3,0.2,0.5,0.5391,0.2125,3
7,0.5,90,10,5,0.2,0.3,0.5391,0.2125,3
7,0.5,90,10,5,0.2,0.4,0.5391,0.2125,3
7,0.5,90,20,2,0.2,0.4,0.5391,0.2125,3
7,0.5,90,10,2,0.2,0.5,0.5391,0.2125,3
7,0.5,90,10,2,0.2,0.4,0.5391,0.2125,3
7,0.5,90,10,5,0.2,0.5,0.5391,0.2125,3
7,0.5,90,20,3,0.2,0.5,0.5391,0.2125,3
7,0.5,90,20,2,0.2,0.3,0.5391,0.2125,3
7,0.5,90,20,2,0.2,0.5,0.5391,0.2125,3
7,0.5,90,10,2,0.2,0.3,0.5391,0.2125,3
7,0.4,20,20,5,0.1,0.5,0.5388,0.1623,3
7,0.4,20,20,2,0.1,0.5,0.5388,0.1623,3
7,0.4,20,20,3,0.0,0.5,0.5388,0.1623,3
7,0.4,20,20,5,0.0,0.5,0.5388,0.1623,3
7,0.4,20,20,2,0.0,0.5,0.5388,0.1623,3
7,0.4,20,20,2,0.2,0.5,0.5388,0.1623,3
7,0.4,20,20,3,0.1,0.5,0.5388,0.1623,3
7,0.4,20,20,3,0.2,0.5,0.5388,0.1623,3
7,0.4,20,20,5,0.2,0.5,0.5388,0.1623,3
7,0.3,20,20,2,0.1,0.4,0.5356,0.1577,3
7,0.3,20,20,2,0.2,0.4,0.5356,0.1577,3
7,0.3,20,20,2,0.2,0.5,0.5356,0.1577,3
7,0.3,20,20,5,0.1,0.5,0.5356,0.1577,3
7,0.3,20,20,2,0.1,0.5,0.5356,0.1577,3
7,0.3,20,20,5,0.1,0.4,0.5356,0.1577,3
7,0.3,45,20,5,0.0,0.4,0.5356,0.1577,3
7,0.3,45,20,5,0.2,0.4,0.5356,0.1577,3
7,0.3,45,20,3,0.2,0.4,0.5356,0.1577,3
7,0.3,45,20,3,0.0,0.4,0.5356,0.1577,3
7,0.3,45,20,2,0.0,0.4,0.5356,0.1577,3
7,0.3,45,20,3,0.1,0.4,0.5356,0.1577,3
7,0.3,45,20,5,0.1,0.4,0.5356,0.1577,3
7,0.3,20,20,5,0.0,0.5,0.5356,0.1577,3
7,0.3,45,20,2,0.1,0.4,0.5356,0.1577,3
7,0.3,45,20,2,0.2,0.4,0.5356,0.1577,3
7,0.3,20,20,5,0.2,0.4,0.5356,0.1577,3
7,0.3,20,20,5,0.2,0.5,0.5356,0.1577,3
7,0.3,20,20,3,0.2,0.4,0.5356,0.1577,3
7,0.3,20,20,3,0.2,0.5,0.5356,0.1577,3
7,0.3,20,20,3,0.1,0.4,0.5356,0.1577,3
7,0.3,20,20,3,0.1,0.5,0.5356,0.1577,3
5,0.4,45,20,2,0.0,0.5,0.5356,0.1577,3
5,0.4,45,20,5,0.1,0.5,0.5356,0.1577,3
5,0.4,45,20,3,0.1,0.5,0.5356,0.1577,3
5,0.4,45,20,3,0.0,0.5,0.5356,0.1577,3
5,0.4,45,20,2,0.1,0.5,0.5356,0.1577,3
7,0.3,20,20,3,0.0,0.5,0.5356,0.1577,3
5,0.4,45,20,5,0.0,0.5,0.5356,0.1577,3
7,0.3,20,20,5,0.0,0.4,0.5356,0.1577,3
7,0.3,20,20,3,0.0,0.4,0.5356,0.1577,3
7,0.3,20,20,2,0.0,0.4,0.5356,0.1577,3
7,0.3,20,20,2,0.0,0.5,0.5356,0.1577,3
11,0.3,60,20,5,0.1,0.6,0.5352,0.1691,3
11,0.3,60,20,3,0.0,0.6,0.5352,0.1691,3
11,0.3,60,20,5,0.2,0.6,0.5352,0.1691,3
11,0.3,90,10,2,0.0,0.6,0.5352,0.1691,3
7,0.4,90,20,2,0.2,0.6,0.5352,0.1691,3
11,0.3,90,10,3,0.1,0.6,0.5352,0.1691,3
11,0.3,90,10,2,0.1,0.6,0.5352,0.1691,3
11,0.3,90,10,2,0.2,0.6,0.5352,0.1691,3
11,0.3,60,20,3,0.1,0.6,0.5352,0.1691,3
11,0.3,90,10,5,0.0,0.6,0.5352,0.1691,3
11,0.3,90,10,3,0.0,0.6,0.5352,0.1691,3
11,0.3,60,10,3,0.2,0.6,0.5352,0.1691,3
11,0.3,60,20,2,0.0,0.6,0.5352,0.1691,3
11,0.3,60,10,5,0.2,0.6,0.5352,0.1691,3
11,0.3,60,10,2,0.0,0.6,0.5352,0.1691,3
11,0.3,60,10,3,0.1,0.6,0.5352,0.1691,3
11,0.3,60,10,5,0.0,0.6,0.5352,0.1691,3
11,0.3,60,20,2,0.2,0.6,0.5352,0.1691,3
11,0.3,60,20,5,0.0,0.6,0.5352,0.1691,3
11,0.3,60,20,3,0.2,0.6,0.5352,0.1691,3
11,0.3,90,10,5,0.1,0.6,0.5352,0.1691,3
11,0.3,90,10,5,0.2,0.6,0.5352,0.1691,3
11,0.3,60,10,3,0.0,0.6,0.5352,0.1691,3
11,0.3,60,10,2,0.1,0.6,0.5352,0.1691,3
11,0.3,60,10,5,0.1,0.6,0.5352,0.1691,3
7,0.4,90,20,5,0.2,0.6,0.5352,0.1691,3
11,0.3,90,20,3,0.1,0.6,0.5352,0.1691,3
11,0.3,90,20,3,0.2,0.6,0.5352,0.1691,3
11,0.3,90,20,2,0.0,0.6,0.5352,0.1691,3
11,0.3,90,20,3,0.0,0.6,0.5352,0.1691,3
11,0.3,90,20,2,0.1,0.6,0.5352,0.1691,3
11,0.3,90,20,5,0.2,0.6,0.5352,0.1691,3
11,0.3,90,20,5,0.0,0.6,0.5352,0.1691,3
11,0.3,60,20,2,0.1,0.6,0.5352,0.1691,3
7,0.4,90,20,3,0.2,0.6,0.5352,0.1691,3
11,0.3,90,20,5,0.1,0.6,0.5352,0.1691,3
11,0.3,90,10,3,0.2,0.6,0.5352,0.1691,3
11,0.3,90,20,2,0.2,0.6,0.5352,0.1691,3
11,0.3,60,10,2,0.2,0.6,0.5352,0.1691,3
5,0.4,90,10,3,0.2,0.4,0.535,0.1573,3
15,0.3,60,20,2,0.2,0.3,0.535,0.1573,3
11,0.3,60,10,5,0.0,0.5,0.535,0.1573,3
15,0.3,90,10,3,0.2,0.4,0.535,0.1573,3
15,0.3,90,10,2,0.2,0.4,0.535,0.1573,3
15,0.3,90,10,3,0.0,0.4,0.535,0.1573,3
11,0.3,60,10,3,0.1,0.5,0.535,0.1573,3
15,0.3,90,10,5,0.1,0.4,0.535,0.1573,3
15,0.3,30,20,2,0.2,0.4,0.535,0.1573,3
15,0.3,90,10,5,0.0,0.4,0.535,0.1573,3
15,0.3,90,10,5,0.2,0.4,0.535,0.1573,3
15,0.3,30,20,3,0.2,0.4,0.535,0.1573,3
15,0.3,90,10,2,0.0,0.4,0.535,0.1573,3
15,0.3,30,20,5,0.0,0.4,0.535,0.1573,3
15,0.3,90,10,3,0.1,0.4,0.535,0.1573,3
15,0.3,30,20,3,0.1,0.4,0.535,0.1573,3
11,0.3,45,20,5,0.0,0.3,0.535,0.1573,3
11,0.3,60,10,3,0.2,0.5,0.535,0.1573,3
15,0.3,90,10,2,0.1,0.4,0.535,0.1573,3
15,0.3,60,20,2,0.0,0.3,0.535,0.1573,3
11,0.3,90,10,3,0.1,0.5,0.535,0.1573,3
15,0.3,30,20,5,0.1,0.4,0.535,0.1573,3
15,0.3,60,20,3,0.0,0.3,0.535,0.1573,3
15,0.3,45,20,3,0.1,0.3,0.535,0.1573,3
15,0.3,45,20,3,0.0,0.3,0.535,0.1573,3
5,0.4,45,20,5,0.2,0.3,0.535,0.1573,3
15,0.3,20,20,2,0.0,0.4,0.535,0.1573,3
15,0.3,20,20,3,0.2,0.4,0.535,0.1573,3
15,0.3,20,20,5,0.2,0.4,0.535,0.1573,3
11,0.3,45,20,2,0.2,0.3,0.535,0.1573,3
15,0.3,20,20,5,0.1,0.4,0.535,0.1573,3
11,0.3,90,10,5,0.2,0.5,0.535,0.1573,3
11,0.3,90,10,2,0.2,0.5,0.535,0.1573,3
11,0.3,45,20,3,0.0,0.3,0.535,0.1573,3
11,0.3,30,20,3,0.2,0.3,0.535,0.1573,3
11,0.3,90,10,5,0.0,0.5,0.535,0.1573,3
5,0.4,45,20,3,0.2,0.4,0.535,0.1573,3
5,0.4,45,20,2,0.2,0.3,0.535,0.1573,3
11,0.3,60,10,2,0.0,0.5,0.535,0.1573,3
15,0.3,20,20,3,0.1,0.4,0.535,0.1573,3
5,0.4,45,20,2,0.2,0.4,0.535,0.1573,3
15,0.3,20,20,3,0.0,0.4,0.535,0.1573,3
15,0.3,20,20,5,0.0,0.4,0.535,0.1573,3
11,0.3,60,10,3,0.0,0.5,0.535,0.1573,3
11,0.3,60,10,2,0.2,0.5,0.535,0.1573,3
11,0.3,45,20,2,0.0,0.3,0.535,0.1573,3
5,0.4,45,20,5,0.2,0.4,0.535,0.1573,3
11,0.3,45,20,2,0.1,0.3,0.535,0.1573,3
15,0.3,30,20,5,0.2,0.4,0.535,0.1573,3
11,0.3,90,10,5,0.1,0.5,0.535,0.1573,3
11,0.3,90,10,2,0.1,0.5,0.535,0.1573,3
11,0.3,90,10,2,0.0,0.5,0.535,0.1573,3
11,0.3,60,10,5,0.2,0.5,0.535,0.1573,3
15,0.3,60,20,5,0.0,0.3,0.535,0.1573,3
15,0.3,45,20,5,0.0,0.3,0.535,0.1573,3
15,0.3,60,20,5,0.2,0.3,0.535,0.1573,3
15,0.3,45,20,2,0.0,0.3,0.535,0.1573,3
15,0.3,30,20,2,0.1,0.4,0.535,0.1573,3
11,0.3,90,10,3,0.2,0.5,0.535,0.1573,3
15,0.3,60,20,3,0.2,0.3,0.535,0.1573,3
15,0.3,60,20,3,0.1,0.3,0.535,0.1573,3
15,0.3,30,20,2,0.0,0.4,0.535,0.1573,3
15,0.3,45,20,3,0.2,0.3,0.535,0.1573,3
15,0.3,60,20,5,0.1,0.3,0.535,0.1573,3
15,0.3,45,20,2,0.1,0.3,0.535,0.1573,3
15,0.3,60,20,2,0.1,0.3,0.535,0.1573,3
15,0.3,45,20,5,0.1,0.3,0.535,0.1573,3
15,0.3,45,20,5,0.2,0.3,0.535,0.1573,3
15,0.3,45,20,2,0.2,0.3,0.535,0.1573,3
15,0.3,20,20,2,0.1,0.4,0.535,0.1573,3
15,0.3,20,20,2,0.2,0.4,0.535,0.1573,3
11,0.3,30,20,2,0.0,0.3,0.535,0.1573,3
11,0.3,60,10,2,0.1,0.5,0.535,0.1573,3
11,0.3,45,20,5,0.1,0.3,0.535,0.1573,3
11,0.3,30,20,2,0.2,0.3,0.535,0.1573,3
11,0.3,30,20,5,0.1,0.3,0.535,0.1573,3
5,0.4,90,10,2,0.2,0.3,0.535,0.1573,3
11,0.3,45,20,3,0.2,0.3,0.535,0.1573,3
5,0.4,45,20,3,0.2,0.3,0.535,0.1573,3
11,0.3,30,20,3,0.1,0.3,0.535,0.1573,3
5,0.4,90,10,5,0.2,0.4,0.535,0.1573,3
11,0.3,30,20,5,0.2,0.3,0.535,0.1573,3
15,0.3,30,20,3,0.0,0.4,0.535,0.1573,3
11,0.3,45,20,5,0.2,0.3,0.535,0.1573,3
11,0.3,60,10,5,0.1,0.5,0.535,0.1573,3
11,0.3,30,20,3,0.0,0.3,0.535,0.1573,3
11,0.3,30,20,2,0.1,0.3,0.535,0.1573,3
11,0.3,30,20,5,0.0,0.3,0.535,0.1573,3
5,0.4,90,10,5,0.2,0.3,0.535,0.1573,3
11,0.3,45,20,3,0.1,0.3,0.535,0.1573,3
11,0.3,90,10,3,0.0,0.5,0.535,0.1573,3
5,0.4,90,10,3,0.2,0.3,0.535,0.1573,3
5,0.4,90,10,2,0.2,0.4,0.535,0.1573,3
5,0.3,90,20,3,0.2,0.6,0.5346,0.1571,3
5,0.3,90,10,2,0.0,0.6,0.5346,0.1571,3
7,0.4,60,10,5,0.0,0.3,0.5346,0.1571,3
5,0.3,90,20,2,0.0,0.6,0.5346,0.1571,3
5,0.3,90,20,5,0.2,0.6,0.5346,0.1571,3
5,0.3,90,20,3,0.1,0.6,0.5346,0.1571,3
7,0.4,60,10,2,0.0,0.5,0.5346,0.1571,3
11,0.4,60,10,5,0.2,0.3,0.5346,0.1571,3
7,0.4,60,10,2,0.0,0.3,0.5346,0.1571,3
7,0.4,60,10,3,0.2,0.5,0.5346,0.1571,3
7,0.4,60,10,3,0.2,0.4,0.5346,0.1571,3
7,0.4,60,10,2,0.2,0.4,0.5346,0.1571,3
11,0.4,60,10,3,0.1,0.5,0.5346,0.1571,3
7,0.4,60,10,2,0.0,0.4,0.5346,0.1571,3
11,0.4,60,10,3,0.0,0.5,0.5346,0.1571,3
11,0.4,60,10,3,0.2,0.3,0.5346,0.1571,3
7,0.4,60,10,5,0.0,0.5,0.5346,0.1571,3
7,0.4,60,10,5,0.0,0.4,0.5346,0.1571,3
5,0.3,90,10,2,0.2,0.6,0.5346,0.1571,3
5,0.3,90,10,2,0.1,0.6,0.5346,0.1571,3
5,0.3,90,10,3,0.0,0.6,0.5346,0.1571,3
7,0.4,60,10,3,0.2,0.3,0.5346,0.1571,3
5,0.3,90,10,5,0.0,0.6,0.5346,0.1571,3
7,0.4,60,10,2,0.1,0.3,0.5346,0.1571,3
7,0.4,60,10,2,0.1,0.5,0.5346,0.1571,3
7,0.4,60,10,2,0.1,0.4,0.5346,0.1571,3
11,0.4,60,10,5,0.2,0.5,0.5346,0.1571,3
11,0.4,60,10,5,0.2,0.4,0.5346,0.1571,3
11,0.4,60,10,5,0.1,0.5,0.5346,0.1571,3
11,0.4,60,10,2,0.0,0.5,0.5346,0.1571,3
5,0.3,90,10,3,0.1,0.6,0.5346,0.1571,3
5,0.3,90,10,5,0.2,0.6,0.5346,0.1571,3
5,0.3,90,20,3,0.0,0.6,0.5346,0.1571,3
5,0.3,90,10,3,0.2,0.6,0.5346,0.1571,3
7,0.4,60,10,3,0.1,0.5,0.5346,0.1571,3
5,0.3,90,10,5,0.1,0.6,0.5346,0.1571,3
5,0.3,90,20,5,0.0,0.6,0.5346,0.1571,3
5,0.3,90,20,5,0.1,0.6,0.5346,0.1571,3
5,0.3,60,10,2,0.1,0.6,0.5346,0.1571,3
11,0.4,90,10,2,0.1,0.4,0.5346,0.1571,3
5,0.4,60,10,5,0.2,0.5,0.5346,0.1571,3
11,0.4,90,10,2,0.1,0.3,0.5346,0.1571,3
5,0.3,60,20,3,0.2,0.6,0.5346,0.1571,3
5,0.4,90,10,2,0.1,0.5,0.5346,0.1571,3
5,0.3,60,20,5,0.0,0.6,0.5346,0.1571,3
11,0.4,90,10,5,0.1,0.4,0.5346,0.1571,3
5,0.3,60,20,5,0.1,0.6,0.5346,0.1571,3
5,0.3,60,20,5,0.2,0.6,0.5346,0.1571,3
5,0.3,60,10,5,0.2,0.6,0.5346,0.1571,3
5,0.3,60,20,2,0.0,0.6,0.5346,0.1571,3
11,0.4,90,10,5,0.1,0.3,0.5346,0.1571,3
5,0.3,60,20,3,0.1,0.6,0.5346,0.1571,3
5,0.3,60,20,3,0.0,0.6,0.5346,0.1571,3
7,0.3,90,20,5,0.1,0.3,0.5346,0.1571,3
7,0.3,90,20,5,0.0,0.3,0.5346,0.1571,3
5,0.3,60,10,5,0.1,0.6,0.5346,0.1571,3
5,0.3,60,10,5,0.0,0.6,0.5346,0.1571,3
5,0.3,60,20,2,0.2,0.6,0.5346,0.1571,3
5,0.4,60,10,3,0.2,0.5,0.5346,0.1571,3
5,0.4,90,10,3,0.1,0.5,0.5346,0.1571,3
5,0.3,60,10,2,0.0,0.6,0.5346,0.1571,3
11,0.4,90,10,3,0.1,0.3,0.5346,0.1571,3
11,0.4,90,10,5,0.0,0.3,0.5346,0.1571,3
11,0.4,90,10,5,0.0,0.4,0.5346,0.1571,3
11,0.4,90,10,3,0.1,0.4,0.5346,0.1571,3
5,0.4,90,10,5,0.1,0.5,0.5346,0.1571,3
11,0.4,90,10,3,0.0,0.3,0.5346,0.1571,3
11,0.4,90,10,3,0.0,0.4,0.5346,0.1571,3
5,0.4,60,10,2,0.2,0.5,0.5346,0.1571,3
5,0.3,60,20,2,0.1,0.6,0.5346,0.1571,3
5,0.3,60,10,3,0.2,0.6,0.5346,0.1571,3
5,0.3,60,10,3,0.1,0.6,0.5346,0.1571,3
5,0.3,60,10,2,0.2,0.6,0.5346,0.1571,3
5,0.3,60,10,3,0.0,0.6,0.5346,0.1571,3
7,0.4,60,10,2,0.2,0.3,0.5346,0.1571,3
11,0.4,90,10,2,0.0,0.3,0.5346,0.1571,3
11,0.4,90,10,2,0.0,0.4,0.5346,0.1571,3
7,0.4,60,10,5,0.1,0.3,0.5346,0.1571,3
7,0.4,60,10,5,0.2,0.5,0.5346,0.1571,3
7,0.4,60,10,2,0.2,0.5,0.5346,0.1571,3
7,0.4,60,10,3,0.0,0.3,0.5346,0.1571,3
7,0.4,60,10,3,0.0,0.4,0.5346,0.1571,3
7,0.4,60,10,5,0.1,0.4,0.5346,0.1571,3
7,0.4,60,10,5,0.1,0.5,0.5346,0.1571,3
7,0.4,60,10,5,0.2,0.3,0.5346,0.1571,3
7,0.4,60,10,5,0.2,0.4,0.5346,0.1571,3
11,0.4,60,10,5,0.0,0.5,0.5346,0.1571,3
7,0.4,60,10,3,0.1,0.4,0.5346,0.1571,3
7,0.4,60,10,3,0.1,0.3,0.5346,0.1571,3
7,0.4,60,10,3,0.0,0.5,0.5346,0.1571,3
11,0.4,60,10,3,0.2,0.5,0.5346,0.1571,3
5,0.3,90,20,2,0.1,0.6,0.5346,0.1571,3
5,0.3,90,20,2,0.2,0.6,0.5346,0.1571,3
11,0.4,60,10,3,0.2,0.4,0.5346,0.1571,3
7,0.3,90,20,2,0.0,0.3,0.5346,0.1571,3
7,0.3,90,20,2,0.1,0.3,0.5346,0.1571,3
7,0.3,90,20,3,0.0,0.3,0.5346,0.1571,3
7,0.3,90,20,3,0.1,0.3,0.5346,0.1571,3
11,0.4,60,10,2,0.1,0.5,0.5346,0.1571,3
11,0.4,60,10,2,0.2,0.3,0.5346,0.1571,3
11,0.4,60,10,2,0.2,0.4,0.5346,0.1571,3
11,0.4,60,10,2,0.2,0.5,0.5346,0.1571,3
7,0.4,60,20,5,0.0,0.5,0.5319,0.167,3
7,0.4,60,20,5,0.0,0.4,0.5319,0.167,3
7,0.4,60,20,5,0.0,0.3,0.5319,0.167,3
7,0.4,60,20,3,0.2,0.5,0.5319,0.167,3
7,0.4,60,20,3,0.2,0.4,0.5319,0.167,3
7,0.4,60,20,3,0.2,0.3,0.5319,0.167,3
7,0.4,60,20,3,0.1,0.5,0.5319,0.167,3
7,0.4,60,20,3,0.1,0.4,0.5319,0.167,3
7,0.4,60,20,3,0.1,0.3,0.5319,0.167,3
7,0.4,60,20,3,0.0,0.5,0.5319,0.167,3
7,0.4,60,20,3,0.0,0.4,0.5319,0.167,3
7,0.4,60,20,3,0.0,0.3,0.5319,0.167,3
7,0.4,60,20,5,0.2,0.5,0.5319,0.167,3
7,0.4,60,20,5,0.2,0.4,0.5319,0.167,3
7,0.4,60,20,5,0.2,0.3,0.5319,0.167,3
7,0.4,60,20,5,0.1,0.5,0.5319,0.167,3
7,0.4,60,20,5,0.1,0.4,0.5319,0.167,3
7,0.4,60,20,5,0.1,0.3,0.5319,0.167,3
7,0.4,60,20,2,0.0,0.4,0.5319,0.167,3
7,0.4,60,20,2,0.0,0.3,0.5319,0.167,3
7,0.4,60,20,2,0.2,0.5,0.5319,0.167,3
7,0.4,60,20,2,0.2,0.4,0.5319,0.167,3
7,0.4,60,20,2,0.2,0.3,0.5319,0.167,3
7,0.4,60,20,2,0.1,0.5,0.5319,0.167,3
7,0.4,60,20,2,0.1,0.4,0.5319,0.167,3
7,0.4,60,20,2,0.1,0.3,0.5319,0.167,3
7,0.4,60,20,2,0.0,0.5,0.5319,0.167,3
7,0.3,90,20,2,0.2,0.4,0.5311,0.1656,3
7,0.3,90,20,5,0.2,0.5,0.5311,0.1656,3
7,0.3,90,20,5,0.2,0.4,0.5311,0.1656,3
7,0.3,90,20,3,0.2,0.4,0.5311,0.1656,3
7,0.3,90,20,2,0.2,0.5,0.5311,0.1656,3
7,0.3,90,20,3,0.2,0.5,0.5311,0.1656,3
11,0.3,45,30,3,0.0,0.5,0.5304,0.191,3
11,0.3,45,30,5,0.0,0.5,0.5304,0.191,3
11,0.3,30,30,3,0.0,0.5,0.5304,0.191,3
11,0.3,30,30,2,0.2,0.5,0.5304,0.191,3
11,0.3,45,30,2,0.1,0.5,0.5304,0.191,3
11,0.3,30,30,5,0.1,0.5,0.5304,0.191,3
11,0.3,45,30,3,0.2,0.5,0.5304,0.191,3
11,0.3,30,30,2,0.1,0.5,0.5304,0.191,3
11,0.3,30,30,5,0.2,0.5,0.5304,0.191,3
11,0.3,30,30,3,0.2,0.5,0.5304,0.191,3
11,0.3,30,30,2,0.0,0.5,0.5304,0.191,3
11,0.3,30,30,3,0.1,0.5,0.5304,0.191,3
11,0.3,45,30,5,0.2,0.5,0.5304,0.191,3
11,0.3,45,30,3,0.1,0.5,0.5304,0.191,3
11,0.3,30,30,5,0.0,0.5,0.5304,0.191,3
11,0.3,45,30,2,0.0,0.5,0.5304,0.191,3
11,0.3,45,30,5,0.1,0.5,0.5304,0.191,3
11,0.3,45,30,2,0.2,0.5,0.5304,0.191,3
11,0.3,60,30,2,0.2,0.3,0.5301,0.1909,3
11,0.3,60,30,5,0.2,0.3,0.5301,0.1909,3
11,0.3,90,30,3,0.0,0.3,0.5301,0.1909,3
11,0.3,90,30,5,0.0,0.3,0.5301,0.1909,3
11,0.3,60,30,5,0.1,0.3,0.5301,0.1909,3
11,0.3,60,30,3,0.0,0.3,0.5301,0.1909,3
11,0.3,60,30,2,0.0,0.3,0.5301,0.1909,3
11,0.3,60,30,3,0.1,0.3,0.5301,0.1909,3
11,0.3,60,30,2,0.1,0.3,0.5301,0.1909,3
11,0.3,60,30,5,0.0,0.3,0.5301,0.1909,3
11,0.3,60,30,3,0.2,0.3,0.5301,0.1909,3
11,0.3,90,30,2,0.1,0.3,0.5301,0.1909,3
11,0.3,90,30,2,0.0,0.3,0.5301,0.1909,3
11,0.3,90,30,5,0.1,0.3,0.5301,0.1909,3
11,0.3,90,30,3,0.1,0.3,0.5301,0.1909,3
7,0.4,20,20,2,0.2,0.3,0.5284,0.1551,3
7,0.4,20,20,2,0.0,0.4,0.5284,0.1551,3
7,0.4,20,20,3,0.1,0.3,0.5284,0.1551,3
7,0.4,20,20,2,0.0,0.3,0.5284,0.1551,3
7,0.4,20,20,3,0.0,0.4,0.5284,0.1551,3
7,0.4,20,20,5,0.1,0.3,0.5284,0.1551,3
7,0.4,20,20,3,0.0,0.3,0.5284,0.1551,3
7,0.4,20,20,5,0.0,0.3,0.5284,0.1551,3
7,0.4,20,20,3,0.2,0.3,0.5284,0.1551,3
7,0.4,20,20,5,0.1,0.4,0.5284,0.1551,3
7,0.4,20,20,5,0.0,0.4,0.5284,0.1551,3
7,0.4,20,20,5,0.2,0.3,0.5284,0.1551,3
7,0.4,20,20,5,0.2,0.4,0.5284,0.1551,3
7,0.4,20,20,3,0.2,0.4,0.5284,0.1551,3
7,0.4,20,20,2,0.1,0.3,0.5284,0.1551,3
7,0.4,20,20,3,0.1,0.4,0.5284,0.1551,3
7,0.4,20,20,2,0.2,0.4,0.5284,0.1551,3
7,0.4,20,20,2,0.1,0.4,0.5284,0.1551,3
15,0.4,45,20,2,0.1,0.4,0.5272,0.2028,3
15,0.4,45,20,2,0.1,0.3,0.5272,0.2028,3
15,0.4,45,20,2,0.2,0.4,0.5272,0.2028,3
7,0.5,90,20,2,0.1,0.4,0.5272,0.2028,3
7,0.5,90,20,2,0.1,0.3,0.5272,0.2028,3
7,0.5,90,20,5,0.1,0.4,0.5272,0.2028,3
7,0.5,90,20,5,0.1,0.3,0.5272,0.2028,3
7,0.5,90,20,5,0.0,0.5,0.5272,0.2028,3
15,0.4,45,20,3,0.0,0.3,0.5272,0.2028,3
15,0.3,90,30,3,0.1,0.4,0.5272,0.2028,3
15,0.3,90,30,3,0.0,0.4,0.5272,0.2028,3
15,0.3,90,30,2,0.2,0.4,0.5272,0.2028,3
15,0.3,90,30,5,0.1,0.4,0.5272,0.2028,3
15,0.3,90,30,5,0.0,0.4,0.5272,0.2028,3
15,0.3,90,30,3,0.2,0.4,0.5272,0.2028,3
7,0.5,90,10,3,0.1,0.5,0.5272,0.2028,3
7,0.5,90,10,3,0.1,0.4,0.5272,0.2028,3
7,0.5,90,10,3,0.1,0.3,0.5272,0.2028,3
7,0.5,90,20,2,0.0,0.5,0.5272,0.2028,3
7,0.5,90,20,2,0.0,0.4,0.5272,0.2028,3
7,0.5,90,20,2,0.0,0.3,0.5272,0.2028,3
7,0.5,90,10,5,0.1,0.5,0.5272,0.2028,3
7,0.5,90,10,5,0.1,0.4,0.5272,0.2028,3
7,0.5,90,10,5,0.1,0.3,0.5272,0.2028,3
7,0.5,90,20,3,0.1,0.3,0.5272,0.2028,3
7,0.5,90,20,3,0.0,0.5,0.5272,0.2028,3
7,0.5,90,20,3,0.0,0.4,0.5272,0.2028,3
15,0.4,45,20,2,0.2,0.3,0.5272,0.2028,3
7,0.5,90,10,2,0.1,0.5,0.5272,0.2028,3
15,0.3,90,30,5,0.2,0.4,0.5272,0.2028,3
7,0.5,90,10,3,0.0,0.3,0.5272,0.2028,3
7,0.5,90,20,3,0.0,0.3,0.5272,0.2028,3
15,0.4,45,20,3,0.0,0.4,0.5272,0.2028,3
15,0.3,90,30,2,0.0,0.4,0.5272,0.2028,3
7,0.5,90,20,2,0.1,0.5,0.5272,0.2028,3
15,0.4,45,20,3,0.1,0.4,0.5272,0.2028,3
7,0.5,90,20,5,0.1,0.5,0.5272,0.2028,3
7,0.5,90,10,5,0.0,0.5,0.5272,0.2028,3
7,0.5,90,10,5,0.0,0.4,0.5272,0.2028,3
5,0.5,90,20,2,0.2,0.3,0.5272,0.2028,3
5,0.5,90,20,2,0.1,0.6,0.5272,0.2028,3
5,0.5,90,20,2,0.1,0.5,0.5272,0.2028,3
5,0.5,90,20,2,0.0,0.3,0.5272,0.2028,3
7,0.5,90,10,2,0.1,0.3,0.5272,0.2028,3
7,0.5,90,10,2,0.0,0.5,0.5272,0.2028,3
7,0.5,90,10,2,0.1,0.4,0.5272,0.2028,3
7,0.5,90,10,3,0.0,0.4,0.5272,0.2028,3
5,0.5,90,20,2,0.2,0.4,0.5272,0.2028,3
5,0.5,90,20,2,0.2,0.5,0.5272,0.2028,3
15,0.4,45,20,3,0.1,0.3,0.5272,0.2028,3
15,0.3,90,30,2,0.1,0.4,0.5272,0.2028,3
7,0.5,90,20,3,0.1,0.4,0.5272,0.2028,3
5,0.5,90,20,2,0.2,0.6,0.5272,0.2028,3
7,0.5,90,20,5,0.0,0.3,0.5272,0.2028,3
7,0.5,90,20,3,0.1,0.5,0.5272,0.2028,3
15,0.4,45,20,3,0.2,0.3,0.5272,0.2028,3
15,0.4,45,20,3,0.2,0.4,0.5272,0.2028,3
15,0.4,45,20,5,0.0,0.3,0.5272,0.2028,3
7,0.5,90,20,5,0.0,0.4,0.5272,0.2028,3
15,0.4,45,20,5,0.0,0.4,0.5272,0.2028,3
15,0.4,45,20,5,0.1,0.3,0.5272,0.2028,3
15,0.4,45,20,5,0.2,0.3,0.5272,0.2028,3
15,0.4,45,20,5,0.1,0.4,0.5272,0.2028,3
7,0.5,90,10,3,0.0,0.5,0.5272,0.2028,3
7,0.5,90,10,2,0.0,0.3,0.5272,0.2028,3
7,0.5,90,10,2,0.0,0.4,0.5272,0.2028,3
7,0.5,90,10,5,0.0,0.3,0.5272,0.2028,3
5,0.5,90,20,3,0.2,0.3,0.5272,0.2028,3
5,0.5,90,20,3,0.1,0.6,0.5272,0.2028,3
5,0.5,90,20,3,0.0,0.3,0.5272,0.2028,3
5,0.5,90,20,3,0.0,0.4,0.5272,0.2028,3
5,0.5,90,20,3,0.2,0.4,0.5272,0.2028,3
15,0.4,45,20,5,0.2,0.4,0.5272,0.2028,3
5,0.5,90,20,2,0.1,0.3,0.5272,0.2028,3
5,0.5,90,20,2,0.1,0.4,0.5272,0.2028,3
5,0.5,90,20,2,0.0,0.5,0.5272,0.2028,3
5,0.5,90,20,3,0.2,0.6,0.5272,0.2028,3
5,0.5,90,20,5,0.0,0.3,0.5272,0.2028,3
5,0.5,90,20,3,0.2,0.5,0.5272,0.2028,3
5,0.5,90,20,2,0.0,0.6,0.5272,0.2028,3
5,0.5,90,20,5,0.1,0.6,0.5272,0.2028,3
5,0.5,90,20,5,0.2,0.4,0.5272,0.2028,3
5,0.5,90,20,5,0.2,0.3,0.5272,0.2028,3
5,0.5,90,20,5,0.0,0.5,0.5272,0.2028,3
5,0.5,90,20,5,0.0,0.4,0.5272,0.2028,3
5,0.5,90,20,3,0.1,0.5,0.5272,0.2028,3
5,0.5,90,20,3,0.1,0.4,0.5272,0.2028,3
5,0.5,90,20,3,0.1,0.3,0.5272,0.2028,3
5,0.5,90,20,3,0.0,0.6,0.5272,0.2028,3
5,0.5,90,20,3,0.0,0.5,0.5272,0.2028,3
5,0.5,90,20,5,0.2,0.6,0.5272,0.2028,3
5,0.5,90,20,5,0.2,0.5,0.5272,0.2028,3
5,0.5,90,20,5,0.1,0.5,0.5272,0.2028,3
5,0.5,90,20,5,0.1,0.3,0.5272,0.2028,3
5,0.5,90,20,5,0.1,0.4,0.5272,0.2028,3
5,0.5,90,20,2,0.0,0.4,0.5272,0.2028,3
5,0.5,90,20,5,0.0,0.6,0.5272,0.2028,3
15,0.4,45,20,2,0.0,0.3,0.5272,0.2028,3
15,0.4,45,20,2,0.0,0.4,0.5272,0.2028,3
11,0.3,20,20,5,0.1,0.4,0.526,0.151,3
11,0.3,20,20,5,0.2,0.4,0.526,0.151,3
11,0.3,20,20,2,0.2,0.4,0.526,0.151,3
5,0.4,30,20,2,0.1,0.5,0.526,0.151,3
5,0.4,30,20,2,0.2,0.6,0.526,0.151,3
5,0.4,30,20,2,0.1,0.6,0.526,0.151,3
5,0.4,30,20,3,0.1,0.6,0.526,0.151,3
5,0.4,30,20,3,0.1,0.5,0.526,0.151,3
5,0.4,30,20,3,0.0,0.6,0.526,0.151,3
5,0.4,30,20,2,0.0,0.5,0.526,0.151,3
5,0.4,30,20,2,0.0,0.6,0.526,0.151,3
5,0.4,30,20,3,0.0,0.5,0.526,0.151,3
5,0.4,30,20,5,0.2,0.5,0.526,0.151,3
5,0.4,30,20,5,0.1,0.6,0.526,0.151,3
5,0.4,30,20,5,0.1,0.5,0.526,0.151,3
5,0.4,30,20,5,0.0,0.6,0.526,0.151,3
5,0.4,30,20,5,0.0,0.5,0.526,0.151,3
5,0.4,30,20,3,0.2,0.6,0.526,0.151,3
5,0.4,30,20,3,0.2,0.5,0.526,0.151,3
5,0.4,30,20,5,0.2,0.6,0.526,0.151,3
5,0.4,30,20,2,0.2,0.5,0.526,0.151,3
11,0.3,20,20,5,0.1,0.3,0.526,0.151,3
11,0.3,20,20,5,0.0,0.4,0.526,0.151,3
11,0.3,20,20,3,0.1,0.3,0.526,0.151,3
11,0.3,20,20,3,0.0,0.4,0.526,0.151,3
11,0.3,20,20,2,0.2,0.3,0.526,0.151,3
11,0.3,20,20,2,0.0,0.4,0.526,0.151,3
11,0.3,20,20,2,0.1,0.3,0.526,0.151,3
11,0.3,20,20,3,0.2,0.4,0.526,0.151,3
11,0.3,20,20,2,0.1,0.4,0.526,0.151,3
11,0.3,20,20,2,0.0,0.3,0.526,0.151,3
11,0.3,20,20,5,0.2,0.3,0.526,0.151,3
11,0.3,20,20,5,0.0,0.3,0.526,0.151,3
11,0.3,20,20,3,0.2,0.3,0.526,0.151,3
11,0.3,20,20,3,0.1,0.4,0.526,0.151,3
11,0.3,20,20,3,0.0,0.3,0.526,0.151,3
15,0.4,30,10,3,0.0,0.3,0.5253,0.1504,3
5,0.3,30,20,3,0.2,0.6,0.5253,0.1504,3
5,0.3,30,20,5,0.0,0.6,0.5253,0.1504,3
15,0.3,20,20,3,0.1,0.3,0.5253,0.1504,3
15,0.3,20,20,3,0.0,0.3,0.5253,0.1504,3
15,0.3,20,20,5,0.2,0.3,0.5253,0.1504,3
15,0.3,20,20,3,0.2,0.3,0.5253,0.1504,3
15,0.3,20,20,5,0.0,0.3,0.5253,0.1504,3
15,0.4,30,10,5,0.0,0.4,0.5253,0.1504,3
5,0.4,45,20,3,0.1,0.3,0.5253,0.1504,3
5,0.4,45,20,3,0.1,0.4,0.5253,0.1504,3
5,0.3,30,20,5,0.2,0.6,0.5253,0.1504,3
5,0.3,30,20,5,0.1,0.6,0.5253,0.1504,3
15,0.4,30,10,3,0.1,0.3,0.5253,0.1504,3
5,0.4,45,20,5,0.1,0.3,0.5253,0.1504,3
5,0.4,45,20,5,0.1,0.4,0.5253,0.1504,3
15,0.4,30,10,5,0.0,0.3,0.5253,0.1504,3
15,0.4,30,10,2,0.2,0.4,0.5253,0.1504,3
15,0.4,30,10,2,0.0,0.3,0.5253,0.1504,3
15,0.4,30,10,3,0.0,0.4,0.5253,0.1504,3
5,0.4,45,20,2,0.1,0.4,0.5253,0.1504,3
5,0.3,30,20,3,0.1,0.6,0.5253,0.1504,3
5,0.4,45,20,2,0.1,0.3,0.5253,0.1504,3
5,0.3,30,20,3,0.0,0.6,0.5253,0.1504,3
15,0.4,30,10,2,0.0,0.4,0.5253,0.1504,3
15,0.4,30,10,2,0.1,0.4,0.5253,0.1504,3
15,0.4,30,10,2,0.2,0.3,0.5253,0.1504,3
15,0.4,30,10,2,0.1,0.3,0.5253,0.1504,3
15,0.3,20,20,2,0.2,0.3,0.5253,0.1504,3
5,0.4,45,10,3,0.2,0.6,0.5253,0.1504,3
5,0.4,45,10,3,0.1,0.6,0.5253,0.1504,3
5,0.4,45,20,3,0.0,0.3,0.5253,0.1504,3
15,0.3,20,20,5,0.1,0.3,0.5253,0.1504,3
5,0.4,45,20,3,0.0,0.4,0.5253,0.1504,3
15,0.4,30,10,5,0.1,0.3,0.5253,0.1504,3
15,0.4,30,10,5,0.2,0.3,0.5253,0.1504,3
15,0.4,30,10,5,0.1,0.4,0.5253,0.1504,3
5,0.4,45,10,2,0.1,0.6,0.5253,0.1504,3
5,0.4,45,10,2,0.2,0.6,0.5253,0.1504,3
5,0.4,45,20,2,0.0,0.4,0.5253,0.1504,3
5,0.4,45,10,2,0.0,0.6,0.5253,0.1504,3
5,0.4,45,10,3,0.0,0.6,0.5253,0.1504,3
5,0.4,45,10,5,0.0,0.6,0.5253,0.1504,3
5,0.4,45,10,5,0.2,0.6,0.5253,0.1504,3
5,0.4,45,10,5,0.1,0.6,0.5253,0.1504,3
5,0.4,45,20,2,0.0,0.3,0.5253,0.1504,3
15,0.3,20,20,2,0.0,0.3,0.5253,0.1504,3
15,0.3,20,20,2,0.1,0.3,0.5253,0.1504,3
15,0.4,30,10,5,0.2,0.4,0.5253,0.1504,3
15,0.3,30,20,5,0.1,0.3,0.5253,0.1504,3
15,0.3,30,20,5,0.2,0.3,0.5253,0.1504,3
15,0.3,30,20,3,0.2,0.3,0.5253,0.1504,3
15,0.3,30,20,5,0.0,0.3,0.5253,0.1504,3
5,0.4,20,20,5,0.0,0.3,0.5253,0.1504,3
5,0.4,20,20,5,0.0,0.4,0.5253,0.1504,3
5,0.4,20,20,2,0.2,0.3,0.5253,0.1504,3
5,0.4,20,20,2,0.1,0.4,0.5253,0.1504,3
5,0.4,20,20,3,0.0,0.4,0.5253,0.1504,3
5,0.4,20,20,3,0.1,0.3,0.5253,0.1504,3
5,0.4,20,20,3,0.2,0.3,0.5253,0.1504,3
5,0.4,20,20,3,0.1,0.4,0.5253,0.1504,3
5,0.4,20,20,2,0.2,0.4,0.5253,0.1504,3
5,0.4,20,20,5,0.1,0.3,0.5253,0.1504,3
5,0.4,20,20,2,0.1,0.3,0.5253,0.1504,3
5,0.4,20,20,2,0.0,0.4,0.5253,0.1504,3
15,0.3,30,20,2,0.1,0.3,0.5253,0.1504,3
5,0.4,20,20,3,0.2,0.4,0.5253,0.1504,3
5,0.3,30,20,2,0.0,0.6,0.5253,0.1504,3
15,0.4,30,10,3,0.2,0.4,0.5253,0.1504,3
5,0.3,30,20,2,0.1,0.6,0.5253,0.1504,3
5,0.3,30,20,2,0.2,0.6,0.5253,0.1504,3
15,0.4,30,10,3,0.1,0.4,0.5253,0.1504,3
5,0.4,20,20,5,0.1,0.4,0.5253,0.1504,3
5,0.4,20,20,3,0.0,0.3,0.5253,0.1504,3
15,0.3,30,20,2,0.0,0.3,0.5253,0.1504,3
15,0.3,30,20,2,0.2,0.3,0.5253,0.1504,3
15,0.3,30,20,3,0.1,0.3,0.5253,0.1504,3
15,0.3,30,20,3,0.0,0.3,0.5253,0.1504,3
5,0.4,20,20,5,0.2,0.4,0.5253,0.1504,3
5,0.4,20,20,5,0.2,0.3,0.5253,0.1504,3
15,0.4,30,10,3,0.2,0.3,0.5253,0.1504,3
5,0.4,20,20,2,0.0,0.3,0.5253,0.1504,3
5,0.4,45,20,5,0.0,0.3,0.5253,0.1504,3
5,0.4,45,20,5,0.0,0.4,0.5253,0.1504,3
11,0.4,60,10,3,0.1,0.3,0.5248,0.1501,3
11,0.4,60,10,5,0.1,0.4,0.5248,0.1501,3
11,0.3,60,10,2,0.0,0.4,0.5248,0.1501,3
11,0.3,60,10,2,0.2,0.4,0.5248,0.1501,3
11,0.3,60,10,3,0.0,0.4,0.5248,0.1501,3
7,0.3,60,10,2,0.0,0.5,0.5248,0.1501,3
7,0.3,60,10,5,0.1,0.5,0.5248,0.1501,3
7,0.3,60,10,5,0.2,0.5,0.5248,0.1501,3
7,0.3,60,10,3,0.1,0.5,0.5248,0.1501,3
7,0.3,60,10,3,0.2,0.5,0.5248,0.1501,3
7,0.3,60,10,2,0.2,0.5,0.5248,0.1501,3
7,0.3,60,10,2,0.1,0.5,0.5248,0.1501,3
5,0.3,45,20,3,0.0,0.6,0.5248,0.1501,3
11,0.4,60,10,3,0.0,0.3,0.5248,0.1501,3
11,0.4,60,10,3,0.1,0.4,0.5248,0.1501,3
11,0.4,60,10,5,0.1,0.3,0.5248,0.1501,3
11,0.4,60,10,2,0.1,0.4,0.5248,0.1501,3
7,0.3,90,10,5,0.0,0.4,0.5248,0.1501,3
7,0.3,90,10,3,0.0,0.5,0.5248,0.1501,3
7,0.3,90,10,5,0.0,0.5,0.5248,0.1501,3
7,0.3,90,10,5,0.1,0.4,0.5248,0.1501,3
7,0.3,90,10,2,0.1,0.4,0.5248,0.1501,3
7,0.3,90,10,3,0.0,0.4,0.5248,0.1501,3
7,0.3,90,10,2,0.0,0.5,0.5248,0.1501,3
7,0.3,90,10,2,0.0,0.4,0.5248,0.1501,3
7,0.3,90,10,3,0.1,0.4,0.5248,0.1501,3
7,0.3,90,10,3,0.1,0.5,0.5248,0.1501,3
7,0.3,90,10,2,0.1,0.5,0.5248,0.1501,3
5,0.3,45,20,2,0.0,0.6,0.5248,0.1501,3
7,0.3,60,10,3,0.0,0.5,0.5248,0.1501,3
7,0.3,60,10,5,0.0,0.5,0.5248,0.1501,3
5,0.3,45,20,2,0.1,0.6,0.5248,0.1501,3
5,0.3,45,20,2,0.2,0.6,0.5248,0.1501,3
7,0.3,90,10,5,0.1,0.5,0.5248,0.1501,3
5,0.4,90,10,3,0.1,0.4,0.5248,0.1501,3
11,0.4,45,10,3,0.2,0.3,0.5248,0.1501,3
11,0.3,60,10,5,0.1,0.4,0.5248,0.1501,3
5,0.4,90,10,5,0.0,0.5,0.5248,0.1501,3
11,0.4,45,10,5,0.0,0.5,0.5248,0.1501,3
11,0.4,45,10,5,0.1,0.5,0.5248,0.1501,3
11,0.3,60,10,3,0.2,0.4,0.5248,0.1501,3
11,0.3,60,10,5,0.0,0.4,0.5248,0.1501,3
11,0.3,60,10,3,0.1,0.4,0.5248,0.1501,3
11,0.3,60,10,5,0.2,0.4,0.5248,0.1501,3
11,0.4,45,10,2,0.2,0.4,0.5248,0.1501,3
11,0.4,45,10,3,0.1,0.5,0.5248,0.1501,3
11,0.4,45,10,2,0.2,0.5,0.5248,0.1501,3
11,0.4,45,10,3,0.0,0.5,0.5248,0.1501,3
11,0.4,45,10,2,0.1,0.5,0.5248,0.1501,3
5,0.3,45,20,3,0.2,0.6,0.5248,0.1501,3
11,0.4,45,10,2,0.0,0.5,0.5248,0.1501,3
5,0.3,45,20,5,0.2,0.6,0.5248,0.1501,3
5,0.3,45,20,5,0.1,0.6,0.5248,0.1501,3
5,0.4,90,10,5,0.1,0.3,0.5248,0.1501,3
5,0.4,90,10,5,0.1,0.4,0.5248,0.1501,3
11,0.4,45,10,2,0.2,0.3,0.5248,0.1501,3
5,0.3,45,20,3,0.1,0.6,0.5248,0.1501,3
11,0.4,45,10,3,0.2,0.5,0.5248,0.1501,3
5,0.3,45,20,5,0.0,0.6,0.5248,0.1501,3
11,0.4,45,10,3,0.2,0.4,0.5248,0.1501,3
11,0.3,60,10,2,0.1,0.4,0.5248,0.1501,3
5,0.4,90,10,3,0.1,0.3,0.5248,0.1501,3
5,0.4,60,10,2,0.2,0.4,0.5248,0.1501,3
5,0.4,60,10,2,0.2,0.3,0.5248,0.1501,3
5,0.4,90,10,3,0.0,0.5,0.5248,0.1501,3
11,0.3,90,10,5,0.2,0.4,0.5248,0.1501,3
11,0.3,90,10,5,0.2,0.3,0.5248,0.1501,3
11,0.3,90,10,5,0.0,0.4,0.5248,0.1501,3
5,0.4,60,10,5,0.2,0.4,0.5248,0.1501,3
5,0.4,60,10,3,0.2,0.4,0.5248,0.1501,3
5,0.4,90,10,2,0.0,0.5,0.5248,0.1501,3
5,0.4,90,10,2,0.1,0.3,0.5248,0.1501,3
11,0.4,45,10,5,0.2,0.3,0.5248,0.1501,3
11,0.4,45,10,5,0.2,0.4,0.5248,0.1501,3
11,0.4,45,10,5,0.2,0.5,0.5248,0.1501,3
5,0.4,90,10,2,0.1,0.4,0.5248,0.1501,3
5,0.4,60,10,3,0.2,0.3,0.5248,0.1501,3
11,0.3,90,10,3,0.0,0.4,0.5248,0.1501,3
11,0.3,90,10,2,0.1,0.4,0.5248,0.1501,3
11,0.3,90,10,3,0.1,0.4,0.5248,0.1501,3
11,0.3,90,10,3,0.2,0.4,0.5248,0.1501,3
11,0.3,90,10,5,0.1,0.4,0.5248,0.1501,3
11,0.3,90,10,3,0.2,0.3,0.5248,0.1501,3
5,0.4,60,10,5,0.2,0.3,0.5248,0.1501,3
11,0.3,90,10,2,0.0,0.4,0.5248,0.1501,3
11,0.3,90,10,2,0.2,0.3,0.5248,0.1501,3
11,0.4,60,10,5,0.0,0.4,0.5248,0.1501,3
11,0.4,60,10,5,0.0,0.3,0.5248,0.1501,3
11,0.3,90,10,2,0.2,0.4,0.5248,0.1501,3
11,0.4,60,10,2,0.1,0.3,0.5248,0.1501,3
11,0.4,60,10,3,0.0,0.4,0.5248,0.1501,3
11,0.4,60,10,2,0.0,0.4,0.5248,0.1501,3
11,0.4,60,10,2,0.0,0.3,0.5248,0.1501,3
5,0.4,60,10,5,0.0,0.5,0.5247,0.15,3
7,0.3,60,20,3,0.1,0.3,0.5247,0.15,3
7,0.3,60,20,5,0.1,0.3,0.5247,0.15,3
7,0.3,60,20,5,0.2,0.3,0.5247,0.15,3
5,0.4,60,10,3,0.0,0.5,0.5247,0.15,3
5,0.4,60,10,2,0.1,0.5,0.5247,0.15,3
5,0.4,60,10,5,0.1,0.5,0.5247,0.15,3
7,0.3,60,20,2,0.2,0.3,0.5247,0.15,3
7,0.3,60,20,3,0.0,0.3,0.5247,0.15,3
7,0.3,60,20,3,0.2,0.3,0.5247,0.15,3
5,0.4,60,10,3,0.1,0.5,0.5247,0.15,3
7,0.3,60,20,2,0.0,0.3,0.5247,0.15,3
7,0.3,60,20,5,0.0,0.3,0.5247,0.15,3
7,0.3,60,20,2,0.1,0.3,0.5247,0.15,3
5,0.4,60,10,2,0.0,0.5,0.5247,0.15,3
7,0.3,60,20,3,0.0,0.6,0.5237,0.1603,3
7,0.3,60,20,3,0.1,0.6,0.5237,0.1603,3
11,0.4,90,10,3,0.2,0.6,0.5237,0.1603,3
7,0.4,90,20,2,0.1,0.6,0.5237,0.1603,3
11,0.4,90,10,5,0.1,0.6,0.5237,0.1603,3
7,0.3,60,20,5,0.1,0.6,0.5237,0.1603,3
11,0.4,90,10,5,0.0,0.6,0.5237,0.1603,3
11,0.3,30,20,2,0.0,0.6,0.5237,0.1603,3
7,0.3,60,20,5,0.2,0.6,0.5237,0.1603,3
11,0.4,90,10,2,0.2,0.6,0.5237,0.1603,3
11,0.4,90,10,3,0.0,0.6,0.5237,0.1603,3
7,0.4,90,20,2,0.0,0.6,0.5237,0.1603,3
7,0.4,90,20,3,0.1,0.6,0.5237,0.1603,3
11,0.4,90,10,5,0.2,0.6,0.5237,0.1603,3
7,0.4,90,20,3,0.0,0.6,0.5237,0.1603,3
7,0.4,90,20,5,0.1,0.6,0.5237,0.1603,3
7,0.4,90,20,5,0.0,0.6,0.5237,0.1603,3
11,0.3,30,20,5,0.0,0.6,0.5237,0.1603,3
11,0.4,90,10,3,0.1,0.6,0.5237,0.1603,3
11,0.3,30,20,5,0.1,0.6,0.5237,0.1603,3
11,0.3,30,20,3,0.0,0.6,0.5237,0.1603,3
11,0.3,30,20,2,0.1,0.6,0.5237,0.1603,3
11,0.3,30,20,2,0.2,0.6,0.5237,0.1603,3
7,0.3,90,20,5,0.1,0.6,0.5237,0.1603,3
11,0.3,30,20,5,0.2,0.6,0.5237,0.1603,3
7,0.3,90,20,3,0.1,0.6,0.5237,0.1603,3
7,0.3,90,20,5,0.0,0.6,0.5237,0.1603,3
7,0.3,90,20,3,0.0,0.6,0.5237,0.1603,3
11,0.3,30,20,3,0.1,0.6,0.5237,0.1603,3
11,0.3,30,20,3,0.2,0.6,0.5237,0.1603,3
7,0.3,90,20,2,0.0,0.6,0.5237,0.1603,3
11,0.4,90,10,2,0.1,0.6,0.5237,0.1603,3
7,0.3,60,20,2,0.2,0.6,0.5237,0.1603,3
7,0.3,90,20,2,0.1,0.6,0.5237,0.1603,3
7,0.3,60,20,2,0.1,0.6,0.5237,0.1603,3
7,0.3,60,20,3,0.2,0.6,0.5237,0.1603,3
11,0.4,90,10,2,0.0,0.6,0.5237,0.1603,3
7,0.3,60,20,2,0.0,0.6,0.5237,0.1603,3
7,0.3,60,20,5,0.0,0.6,0.5237,0.1603,3
7,0.4,90,10,5,0.2,0.6,0.5235,0.1602,3
15,0.3,90,20,2,0.0,0.5,0.5235,0.1602,3
15,0.3,90,20,3,0.1,0.5,0.5235,0.1602,3
15,0.3,90,20,5,0.0,0.5,0.5235,0.1602,3
15,0.3,90,20,3,0.0,0.5,0.5235,0.1602,3
15,0.3,90,20,5,0.2,0.5,0.5235,0.1602,3
7,0.4,90,10,2,0.2,0.6,0.5235,0.1602,3
7,0.4,90,10,3,0.2,0.6,0.5235,0.1602,3
15,0.3,90,20,2,0.2,0.5,0.5235,0.1602,3
15,0.3,90,20,3,0.2,0.5,0.5235,0.1602,3
15,0.3,90,20,5,0.1,0.5,0.5235,0.1602,3
15,0.3,90,20,2,0.1,0.5,0.5235,0.1602,3
15,0.4,20,10,5,0.1,0.3,0.5226,0.1396,3
15,0.4,20,10,3,0.2,0.4,0.5226,0.1396,3
15,0.4,20,10,3,0.2,0.3,0.5226,0.1396,3
15,0.4,20,10,5,0.0,0.3,0.5226,0.1396,3
15,0.4,20,10,5,0.0,0.4,0.5226,0.1396,3
15,0.4,20,10,5,0.1,0.4,0.5226,0.1396,3
15,0.4,20,10,3,0.0,0.4,0.5226,0.1396,3
15,0.4,20,10,2,0.2,0.4,0.5226,0.1396,3
15,0.4,20,10,3,0.0,0.3,0.5226,0.1396,3
11,0.5,90,10,5,0.2,0.5,0.5226,0.1893,3
11,0.5,90,10,5,0.2,0.4,0.5226,0.1893,3
15,0.4,20,10,5,0.2,0.3,0.5226,0.1396,3
11,0.5,90,10,5,0.2,0.3,0.5226,0.1893,3
15,0.4,20,20,3,0.0,0.4,0.5226,0.1893,3
15,0.4,20,20,3,0.1,0.4,0.5226,0.1893,3
15,0.4,20,20,3,0.2,0.3,0.5226,0.1893,3
15,0.4,20,20,3,0.2,0.4,0.5226,0.1893,3
15,0.4,20,20,5,0.0,0.3,0.5226,0.1893,3
15,0.4,20,20,5,0.0,0.4,0.5226,0.1893,3
15,0.4,20,10,5,0.2,0.4,0.5226,0.1396,3
15,0.4,20,20,2,0.0,0.3,0.5226,0.1893,3
15,0.4,20,20,2,0.0,0.4,0.5226,0.1893,3
15,0.4,20,20,2,0.1,0.3,0.5226,0.1893,3
15,0.4,20,20,5,0.1,0.3,0.5226,0.1893,3
15,0.4,20,20,3,0.0,0.3,0.5226,0.1893,3
15,0.4,20,20,5,0.2,0.4,0.5226,0.1893,3
15,0.4,20,20,2,0.2,0.4,0.5226,0.1893,3
15,0.4,20,20,2,0.2,0.3,0.5226,0.1893,3
15,0.4,20,20,2,0.1,0.4,0.5226,0.1893,3
11,0.5,90,10,3,0.2,0.3,0.5226,0.1893,3
15,0.4,20,10,3,0.1,0.4,0.5226,0.1396,3
15,0.4,20,10,3,0.1,0.3,0.5226,0.1396,3
11,0.5,90,10,3,0.2,0.4,0.5226,0.1893,3
15,0.4,20,20,3,0.1,0.3,0.5226,0.1893,3
15,0.4,20,20,5,0.2,0.3,0.5226,0.1893,3
15,0.4,20,20,5,0.1,0.4,0.5226,0.1893,3
15,0.4,20,10,2,0.2,0.3,0.5226,0.1396,3
15,0.4,20,10,2,0.0,0.3,0.5226,0.1396,3
15,0.4,20,10,2,0.1,0.4,0.5226,0.1396,3
15,0.4,20,10,2,0.1,0.3,0.5226,0.1396,3
15,0.4,20,10,2,0.0,0.4,0.5226,0.1396,3
11,0.5,90,10,2,0.2,0.3,0.5226,0.1893,3
11,0.5,90,10,3,0.2,0.5,0.5226,0.1893,3
11,0.5,90,10,2,0.2,0.5,0.5226,0.1893,3
11,0.5,90,10,2,0.2,0.4,0.5226,0.1893,3
11,0.4,20,10,3,0.0,0.5,0.522,0.1391,3
11,0.4,20,10,5,0.0,0.5,0.522,0.1391,3
11,0.4,20,10,2,0.2,0.5,0.522,0.1391,3
11,0.4,20,10,5,0.2,0.5,0.522,0.1391,3
11,0.4,20,10,5,0.1,0.5,0.522,0.1391,3
11,0.4,20,10,3,0.1,0.5,0.522,0.1391,3
11,0.4,20,10,2,0.1,0.5,0.522,0.1391,3
11,0.4,20,10,2,0.0,0.5,0.522,0.1391,3
11,0.4,20,10,3,0.2,0.5,0.522,0.1391,3
7,0.4,45,20,3,0.2,0.3,0.5217,0.1596,3
7,0.4,45,20,3,0.2,0.4,0.5217,0.1596,3
7,0.4,45,20,5,0.2,0.4,0.5217,0.1596,3
7,0.4,45,20,3,0.1,0.5,0.5217,0.1596,3
7,0.4,45,20,5,0.1,0.4,0.5217,0.1596,3
7,0.4,45,20,5,0.1,0.3,0.5217,0.1596,3
7,0.4,45,20,5,0.2,0.5,0.5217,0.1596,3
7,0.4,45,20,2,0.1,0.5,0.5217,0.1596,3
7,0.4,45,20,2,0.1,0.3,0.5217,0.1596,3
7,0.4,45,20,3,0.0,0.5,0.5217,0.1596,3
7,0.4,45,20,5,0.1,0.5,0.5217,0.1596,3
7,0.4,45,20,3,0.1,0.3,0.5217,0.1596,3
7,0.4,45,20,3,0.1,0.4,0.5217,0.1596,3
7,0.4,45,20,3,0.0,0.3,0.5217,0.1596,3
7,0.4,45,20,2,0.0,0.3,0.5217,0.1596,3
7,0.4,45,20,2,0.2,0.5,0.5217,0.1596,3
7,0.4,45,20,2,0.2,0.4,0.5217,0.1596,3
7,0.4,45,20,2,0.2,0.3,0.5217,0.1596,3
7,0.4,45,20,3,0.0,0.4,0.5217,0.1596,3
7,0.4,45,20,2,0.0,0.5,0.5217,0.1596,3
7,0.4,45,20,2,0.0,0.4,0.5217,0.1596,3
7,0.4,45,20,5,0.2,0.3,0.5217,0.1596,3
7,0.4,45,20,2,0.1,0.4,0.5217,0.1596,3
7,0.4,45,20,5,0.0,0.5,0.5217,0.1596,3
7,0.4,45,20,5,0.0,0.4,0.5217,0.1596,3
7,0.4,45,20,5,0.0,0.3,0.5217,0.1596,3
7,0.4,45,20,3,0.2,0.5,0.5217,0.1596,3
11,0.3,20,30,2,0.1,0.5,0.52,0.1829,3
11,0.3,45,30,2,0.2,0.4,0.52,0.1829,3
11,0.3,20,30,5,0.0,0.5,0.52,0.1829,3
11,0.3,45,30,2,0.0,0.4,0.52,0.1829,3
11,0.3,45,30,3,0.0,0.4,0.52,0.1829,3
11,0.3,45,30,5,0.2,0.4,0.52,0.1829,3
11,0.3,45,30,3,0.2,0.4,0.52,0.1829,3
11,0.3,20,30,3,0.1,0.5,0.52,0.1829,3
11,0.3,20,30,3,0.2,0.5,0.52,0.1829,3
11,0.3,45,30,5,0.1,0.4,0.52,0.1829,3
11,0.3,45,30,3,0.1,0.4,0.52,0.1829,3
11,0.3,20,30,5,0.1,0.5,0.52,0.1829,3
11,0.3,20,30,5,0.2,0.5,0.52,0.1829,3
11,0.3,30,30,5,0.0,0.4,0.52,0.1829,3
11,0.3,30,30,3,0.1,0.4,0.52,0.1829,3
11,0.3,30,30,5,0.2,0.4,0.52,0.1829,3
11,0.3,30,30,2,0.0,0.4,0.52,0.1829,3
11,0.3,30,30,2,0.1,0.4,0.52,0.1829,3
11,0.3,45,30,5,0.0,0.4,0.52,0.1829,3
11,0.3,20,30,2,0.0,0.5,0.52,0.1829,3
11,0.3,30,30,3,0.2,0.4,0.52,0.1829,3
11,0.3,30,30,2,0.2,0.4,0.52,0.1829,3
11,0.3,30,30,5,0.1,0.4,0.52,0.1829,3
11,0.3,20,30,2,0.2,0.5,0.52,0.1829,3
11,0.3,30,30,3,0.0,0.4,0.52,0.1829,3
11,0.3,20,30,3,0.0,0.5,0.52,0.1829,3
11,0.3,45,30,2,0.1,0.4,0.52,0.1829,3
5,0.6,90,20,3,0.2,0.7,0.5189,0.1988,3
5,0.6,90,10,5,0.2,0.6,0.5189,0.1988,3
5,0.6,90,10,3,0.2,0.3,0.5189,0.1988,3
7,0.5,90,10,2,0.2,0.7,0.5189,0.1988,3
5,0.6,90,10,2,0.2,0.5,0.5189,0.1988,3
5,0.6,90,10,2,0.2,0.4,0.5189,0.1988,3
7,0.6,90,10,5,0.2,0.6,0.5189,0.1988,3
7,0.6,90,10,5,0.2,0.7,0.5189,0.1988,3
5,0.6,90,20,2,0.2,0.5,0.5189,0.1988,3
5,0.6,90,10,2,0.2,0.6,0.5189,0.1988,3
7,0.6,90,20,5,0.2,0.4,0.5189,0.1988,3
5,0.6,90,10,2,0.2,0.7,0.5189,0.1988,3
7,0.6,90,20,5,0.2,0.5,0.5189,0.1988,3
7,0.6,90,20,5,0.2,0.6,0.5189,0.1988,3
5,0.6,90,10,3,0.2,0.5,0.5189,0.1988,3
5,0.6,90,20,2,0.2,0.6,0.5189,0.1988,3
7,0.6,90,20,5,0.2,0.7,0.5189,0.1988,3
7,0.6,90,20,2,0.2,0.3,0.5189,0.1988,3
5,0.6,90,10,3,0.2,0.6,0.5189,0.1988,3
5,0.6,90,10,3,0.2,0.7,0.5189,0.1988,3
5,0.6,90,10,5,0.2,0.3,0.5189,0.1988,3
5,0.6,90,10,5,0.2,0.4,0.5189,0.1988,3
5,0.6,90,10,5,0.2,0.7,0.5189,0.1988,3
5,0.6,90,20,2,0.2,0.4,0.5189,0.1988,3
7,0.5,90,10,5,0.2,0.7,0.5189,0.1988,3
5,0.6,90,20,5,0.2,0.7,0.5189,0.1988,3
5,0.6,90,20,2,0.2,0.7,0.5189,0.1988,3
5,0.6,90,20,3,0.2,0.3,0.5189,0.1988,3
7,0.5,90,20,2,0.2,0.7,0.5189,0.1988,3
7,0.5,90,10,5,0.2,0.6,0.5189,0.1988,3
7,0.6,90,10,3,0.2,0.7,0.5189,0.1988,3
5,0.6,90,20,2,0.2,0.3,0.5189,0.1988,3
7,0.6,90,20,3,0.2,0.6,0.5189,0.1988,3
5,0.6,90,20,3,0.2,0.6,0.5189,0.1988,3
5,0.6,90,20,3,0.2,0.5,0.5189,0.1988,3
5,0.6,90,20,3,0.2,0.4,0.5189,0.1988,3
7,0.6,90,10,3,0.2,0.4,0.5189,0.1988,3
7,0.6,90,10,3,0.2,0.3,0.5189,0.1988,3
5,0.6,90,10,5,0.2,0.5,0.5189,0.1988,3
7,0.6,90,20,3,0.2,0.7,0.5189,0.1988,3
7,0.6,90,20,2,0.2,0.6,0.5189,0.1988,3
7,0.6,90,20,2,0.2,0.7,0.5189,0.1988,3
7,0.6,90,10,2,0.2,0.6,0.5189,0.1988,3
7,0.6,90,10,2,0.2,0.5,0.5189,0.1988,3
7,0.6,90,10,2,0.2,0.7,0.5189,0.1988,3
7,0.5,90,20,2,0.2,0.6,0.5189,0.1988,3
7,0.6,90,10,2,0.2,0.4,0.5189,0.1988,3
7,0.6,90,10,3,0.2,0.5,0.5189,0.1988,3
7,0.6,90,10,3,0.2,0.6,0.5189,0.1988,3
5,0.6,90,20,5,0.2,0.5,0.5189,0.1988,3
5,0.6,90,20,5,0.2,0.3,0.5189,0.1988,3
5,0.6,90,20,5,0.2,0.4,0.5189,0.1988,3
7,0.6,90,10,2,0.2,0.3,0.5189,0.1988,3
7,0.6,90,20,2,0.2,0.5,0.5189,0.1988,3
5,0.6,90,20,5,0.2,0.6,0.5189,0.1988,3
7,0.6,90,20,2,0.2,0.4,0.5189,0.1988,3
7,0.6,90,20,3,0.2,0.3,0.5189,0.1988,3
7,0.6,90,20,3,0.2,0.4,0.5189,0.1988,3
7,0.6,90,20,3,0.2,0.5,0.5189,0.1988,3
7,0.5,90,20,3,0.2,0.7,0.5189,0.1988,3
7,0.5,90,20,5,0.2,0.6,0.5189,0.1988,3
7,0.6,90,10,5,0.2,0.5,0.5189,0.1988,3
7,0.5,90,20,5,0.2,0.7,0.5189,0.1988,3
7,0.5,90,20,3,0.2,0.6,0.5189,0.1988,3
7,0.6,90,10,5,0.2,0.3,0.5189,0.1988,3
7,0.6,90,10,5,0.2,0.4,0.5189,0.1988,3
5,0.6,90,10,2,0.2,0.3,0.5189,0.1988,3
5,0.6,90,10,3,0.2,0.4,0.5189,0.1988,3
7,0.5,90,10,3,0.2,0.7,0.5189,0.1988,3
7,0.5,90,10,2,0.2,0.6,0.5189,0.1988,3
7,0.5,90,10,3,0.2,0.6,0.5189,0.1988,3
7,0.6,90,20,5,0.2,0.3,0.5189,0.1988,3
15,0.3,90,10,5,0.1,0.3,0.5185,0.1546,3
15,0.3,90,10,5,0.2,0.3,0.5185,0.1546,3
15,0.3,90,10,3,0.2,0.3,0.5185,0.1546,3
15,0.3,90,10,3,0.1,0.3,0.5185,0.1546,3
15,0.3,90,10,3,0.0,0.3,0.5185,0.1546,3
15,0.3,90,10,2,0.1,0.3,0.5185,0.1546,3
15,0.3,90,10,2,0.2,0.3,0.5185,0.1546,3
15,0.3,90,10,5,0.0,0.3,0.5185,0.1546,3
15,0.3,90,10,2,0.0,0.3,0.5185,0.1546,3
5,0.4,30,20,2,0.2,0.4,0.5161,0.1441,3
5,0.4,30,20,5,0.2,0.3,0.5161,0.1441,3
5,0.4,30,20,5,0.1,0.3,0.5161,0.1441,3
5,0.4,30,20,5,0.0,0.4,0.5161,0.1441,3
5,0.4,30,20,5,0.2,0.4,0.5161,0.1441,3
5,0.4,30,20,3,0.2,0.4,0.5161,0.1441,3
5,0.4,30,20,5,0.0,0.3,0.5161,0.1441,3
5,0.4,30,20,3,0.1,0.3,0.5161,0.1441,3
5,0.4,30,20,3,0.1,0.4,0.5161,0.1441,3
5,0.4,30,20,3,0.0,0.3,0.5161,0.1441,3
5,0.4,30,20,3,0.0,0.4,0.5161,0.1441,3
5,0.4,30,20,5,0.1,0.4,0.5161,0.1441,3
5,0.4,30,20,2,0.1,0.4,0.5161,0.1441,3
5,0.4,30,20,2,0.2,0.3,0.5161,0.1441,3
5,0.4,30,20,3,0.2,0.3,0.5161,0.1441,3
5,0.4,30,20,2,0.1,0.3,0.5161,0.1441,3
5,0.4,30,20,2,0.0,0.4,0.5161,0.1441,3
5,0.4,30,20,2,0.0,0.3,0.5161,0.1441,3
7,0.5,45,20,5,0.2,0.3,0.516,0.1938,3
15,0.4,30,20,2,0.1,0.4,0.516,0.1938,3
15,0.4,90,20,3,0.2,0.3,0.516,0.1938,3
15,0.4,60,20,2,0.2,0.4,0.516,0.1938,3
15,0.4,60,20,5,0.1,0.4,0.516,0.1938,3
15,0.4,30,20,2,0.0,0.3,0.516,0.1938,3
15,0.4,30,20,2,0.0,0.4,0.516,0.1938,3
15,0.4,30,20,2,0.1,0.3,0.516,0.1938,3
7,0.5,45,20,5,0.2,0.5,0.516,0.1938,3
7,0.5,45,20,5,0.2,0.4,0.516,0.1938,3
15,0.4,90,20,2,0.2,0.4,0.516,0.1938,3
15,0.4,90,20,2,0.1,0.4,0.516,0.1938,3
15,0.4,90,20,2,0.1,0.3,0.516,0.1938,3
15,0.4,30,20,5,0.1,0.3,0.516,0.1938,3
15,0.3,90,30,3,0.1,0.3,0.516,0.1938,3
11,0.4,90,20,2,0.0,0.5,0.516,0.1938,3
11,0.4,90,20,2,0.1,0.5,0.516,0.1938,3
5,0.5,90,10,2,0.1,0.5,0.516,0.1938,3
5,0.5,90,10,2,0.1,0.6,0.516,0.1938,3
5,0.5,90,10,2,0.2,0.3,0.516,0.1938,3
5,0.5,90,10,2,0.2,0.4,0.516,0.1938,3
15,0.4,60,20,2,0.2,0.3,0.516,0.1938,3
15,0.4,60,20,5,0.2,0.3,0.516,0.1938,3
5,0.5,90,10,2,0.2,0.5,0.516,0.1938,3
15,0.3,90,30,2,0.2,0.3,0.516,0.1938,3
5,0.5,90,10,2,0.0,0.6,0.516,0.1938,3
5,0.5,90,10,2,0.0,0.5,0.516,0.1938,3
5,0.5,90,10,2,0.0,0.4,0.516,0.1938,3
5,0.5,90,10,5,0.1,0.4,0.516,0.1938,3
5,0.5,90,10,2,0.1,0.3,0.516,0.1938,3
5,0.5,90,10,3,0.0,0.6,0.516,0.1938,3
5,0.5,90,10,3,0.0,0.5,0.516,0.1938,3
5,0.5,45,20,2,0.2,0.5,0.516,0.1938,3
11,0.4,90,20,2,0.2,0.5,0.516,0.1938,3
5,0.5,90,10,5,0.0,0.4,0.516,0.1938,3
5,0.5,90,10,5,0.0,0.3,0.516,0.1938,3
5,0.5,90,10,5,0.2,0.4,0.516,0.1938,3
15,0.4,60,20,3,0.1,0.4,0.516,0.1938,3
5,0.5,90,10,5,0.2,0.3,0.516,0.1938,3
15,0.4,60,20,3,0.1,0.3,0.516,0.1938,3
15,0.4,60,20,3,0.0,0.4,0.516,0.1938,3
15,0.4,60,20,5,0.1,0.3,0.516,0.1938,3
15,0.4,60,20,3,0.0,0.3,0.516,0.1938,3
11,0.4,90,20,5,0.1,0.5,0.516,0.1938,3
11,0.4,90,20,5,0.0,0.5,0.516,0.1938,3
15,0.3,90,30,5,0.1,0.3,0.516,0.1938,3
11,0.4,90,20,2,0.2,0.4,0.516,0.1938,3
7,0.5,45,20,2,0.2,0.5,0.516,0.1938,3
15,0.4,60,20,5,0.2,0.4,0.516,0.1938,3
7,0.5,45,10,5,0.2,0.3,0.516,0.1938,3
7,0.5,45,10,5,0.2,0.4,0.516,0.1938,3
15,0.3,90,30,5,0.2,0.3,0.516,0.1938,3
5,0.5,90,10,5,0.2,0.5,0.516,0.1938,3
7,0.5,45,20,2,0.2,0.3,0.516,0.1938,3
7,0.5,45,20,2,0.2,0.4,0.516,0.1938,3
5,0.5,90,10,3,0.2,0.3,0.516,0.1938,3
5,0.5,90,10,2,0.1,0.4,0.516,0.1938,3
5,0.5,90,10,3,0.1,0.4,0.516,0.1938,3
5,0.5,90,10,3,0.1,0.3,0.516,0.1938,3
5,0.5,90,10,5,0.2,0.6,0.516,0.1938,3
5,0.5,90,10,5,0.1,0.6,0.516,0.1938,3
5,0.5,90,10,5,0.1,0.5,0.516,0.1938,3
5,0.5,90,10,2,0.0,0.3,0.516,0.1938,3
5,0.5,90,10,3,0.2,0.6,0.516,0.1938,3
5,0.5,90,10,3,0.2,0.5,0.516,0.1938,3
15,0.4,60,20,2,0.1,0.3,0.516,0.1938,3
5,0.5,90,10,5,0.0,0.6,0.516,0.1938,3
5,0.5,90,10,3,0.0,0.3,0.516,0.1938,3
5,0.5,90,10,3,0.1,0.5,0.516,0.1938,3
5,0.5,90,10,3,0.0,0.4,0.516,0.1938,3
15,0.4,30,20,2,0.2,0.4,0.516,0.1938,3
15,0.4,30,20,3,0.0,0.3,0.516,0.1938,3
5,0.5,90,10,5,0.0,0.5,0.516,0.1938,3
15,0.4,90,20,5,0.1,0.4,0.516,0.1938,3
5,0.5,45,20,5,0.2,0.3,0.516,0.1938,3
5,0.5,45,20,2,0.2,0.4,0.516,0.1938,3
5,0.5,45,20,2,0.2,0.3,0.516,0.1938,3
7,0.3,60,30,2,0.0,0.5,0.516,0.1938,3
15,0.4,90,20,3,0.1,0.3,0.516,0.1938,3
15,0.4,90,20,3,0.0,0.4,0.516,0.1938,3
15,0.4,90,20,5,0.2,0.3,0.516,0.1938,3
7,0.3,60,30,3,0.2,0.5,0.516,0.1938,3
7,0.3,60,30,3,0.1,0.5,0.516,0.1938,3
5,0.5,90,10,3,0.2,0.4,0.516,0.1938,3
11,0.4,90,20,5,0.2,0.3,0.516,0.1938,3
11,0.4,90,20,5,0.2,0.5,0.516,0.1938,3
11,0.4,90,20,5,0.2,0.4,0.516,0.1938,3
15,0.4,60,20,2,0.1,0.4,0.516,0.1938,3
5,0.5,90,10,3,0.1,0.6,0.516,0.1938,3
7,0.5,45,10,3,0.2,0.5,0.516,0.1938,3
7,0.5,45,10,3,0.2,0.4,0.516,0.1938,3
7,0.5,45,10,3,0.2,0.3,0.516,0.1938,3
15,0.4,60,20,5,0.0,0.3,0.516,0.1938,3
15,0.4,60,20,5,0.0,0.4,0.516,0.1938,3
7,0.5,45,10,5,0.2,0.5,0.516,0.1938,3
15,0.4,60,20,3,0.2,0.3,0.516,0.1938,3
15,0.4,60,20,3,0.2,0.4,0.516,0.1938,3
15,0.4,60,20,2,0.0,0.3,0.516,0.1938,3
15,0.3,90,30,3,0.2,0.3,0.516,0.1938,3
15,0.3,90,30,5,0.0,0.3,0.516,0.1938,3
5,0.5,90,10,2,0.2,0.6,0.516,0.1938,3
15,0.4,30,20,2,0.2,0.3,0.516,0.1938,3
11,0.4,90,20,3,0.2,0.5,0.516,0.1938,3
11,0.4,90,20,3,0.0,0.5,0.516,0.1938,3
11,0.4,90,20,3,0.2,0.3,0.516,0.1938,3
15,0.4,30,20,5,0.0,0.3,0.516,0.1938,3
15,0.4,90,20,5,0.1,0.3,0.516,0.1938,3
15,0.4,30,20,5,0.0,0.4,0.516,0.1938,3
15,0.4,30,20,5,0.1,0.4,0.516,0.1938,3
5,0.5,45,20,5,0.2,0.4,0.516,0.1938,3
5,0.5,45,20,5,0.2,0.5,0.516,0.1938,3
15,0.4,30,20,5,0.2,0.3,0.516,0.1938,3
15,0.4,30,20,5,0.2,0.4,0.516,0.1938,3
5,0.5,45,20,3,0.2,0.3,0.516,0.1938,3
5,0.5,45,20,5,0.2,0.6,0.516,0.1938,3
5,0.5,45,20,3,0.2,0.5,0.516,0.1938,3
5,0.5,45,20,3,0.2,0.4,0.516,0.1938,3
5,0.5,45,20,3,0.2,0.6,0.516,0.1938,3
15,0.4,30,20,3,0.2,0.3,0.516,0.1938,3
15,0.4,60,20,2,0.0,0.4,0.516,0.1938,3
11,0.4,90,20,3,0.2,0.4,0.516,0.1938,3
15,0.4,90,20,5,0.0,0.4,0.516,0.1938,3
15,0.4,90,20,5,0.0,0.3,0.516,0.1938,3
15,0.4,90,20,3,0.2,0.4,0.516,0.1938,3
7,0.5,45,10,2,0.2,0.3,0.516,0.1938,3
15,0.4,90,20,3,0.1,0.4,0.516,0.1938,3
7,0.5,45,10,2,0.2,0.5,0.516,0.1938,3
15,0.4,90,20,5,0.2,0.4,0.516,0.1938,3
7,0.5,45,10,2,0.2,0.4,0.516,0.1938,3
7,0.3,60,30,5,0.0,0.5,0.516,0.1938,3
7,0.3,60,30,5,0.1,0.5,0.516,0.1938,3
7,0.3,60,30,5,0.2,0.5,0.516,0.1938,3
15,0.3,90,30,2,0.0,0.3,0.516,0.1938,3
15,0.3,90,30,2,0.1,0.3,0.516,0.1938,3
15,0.4,30,20,3,0.1,0.4,0.516,0.1938,3
5,0.5,90,10,5,0.1,0.3,0.516,0.1938,3
15,0.4,90,20,2,0.2,0.3,0.516,0.1938,3
11,0.4,90,20,3,0.1,0.5,0.516,0.1938,3
15,0.4,30,20,3,0.2,0.4,0.516,0.1938,3
7,0.5,45,20,3,0.2,0.5,0.516,0.1938,3
7,0.3,60,30,2,0.1,0.5,0.516,0.1938,3
7,0.3,60,30,2,0.2,0.5,0.516,0.1938,3
7,0.3,60,30,3,0.0,0.5,0.516,0.1938,3
15,0.3,90,30,3,0.0,0.3,0.516,0.1938,3
15,0.4,30,20,3,0.0,0.4,0.516,0.1938,3
15,0.4,30,20,3,0.1,0.3,0.516,0.1938,3
15,0.4,90,20,3,0.0,0.3,0.516,0.1938,3
15,0.4,90,20,2,0.0,0.3,0.516,0.1938,3
15,0.4,90,20,2,0.0,0.4,0.516,0.1938,3
11,0.4,90,20,2,0.2,0.3,0.516,0.1938,3
5,0.5,45,20,2,0.2,0.6,0.516,0.1938,3
7,0.5,45,20,3,0.2,0.3,0.516,0.1938,3
7,0.5,45,20,3,0.2,0.4,0.516,0.1938,3
5,0.4,90,10,2,0.0,0.3,0.5155,0.1436,3
5,0.4,90,10,5,0.0,0.3,0.5155,0.1436,3
7,0.3,20,20,3,0.0,0.3,0.5155,0.1436,3
7,0.3,20,20,3,0.1,0.3,0.5155,0.1436,3
7,0.3,20,20,5,0.0,0.3,0.5155,0.1436,3
7,0.3,20,20,5,0.1,0.3,0.5155,0.1436,3
7,0.3,20,20,2,0.2,0.3,0.5155,0.1436,3
7,0.3,20,20,3,0.2,0.3,0.5155,0.1436,3
7,0.3,20,20,5,0.2,0.3,0.5155,0.1436,3
7,0.4,45,10,5,0.1,0.5,0.5155,0.1436,3
11,0.4,45,10,2,0.0,0.3,0.5155,0.1436,3
5,0.3,45,10,5,0.2,0.6,0.5155,0.1436,3
5,0.3,45,10,5,0.1,0.6,0.5155,0.1436,3
5,0.3,45,10,2,0.1,0.6,0.5155,0.1436,3
5,0.3,45,10,2,0.2,0.6,0.5155,0.1436,3
11,0.4,45,10,3,0.0,0.4,0.5155,0.1436,3
11,0.4,45,10,3,0.1,0.3,0.5155,0.1436,3
11,0.4,45,10,5,0.0,0.3,0.5155,0.1436,3
11,0.4,45,10,5,0.0,0.4,0.5155,0.1436,3
11,0.4,45,10,5,0.1,0.3,0.5155,0.1436,3
5,0.3,45,10,2,0.0,0.6,0.5155,0.1436,3
7,0.4,45,10,2,0.0,0.4,0.5155,0.1436,3
7,0.4,45,10,2,0.0,0.5,0.5155,0.1436,3
11,0.4,45,10,3,0.0,0.3,0.5155,0.1436,3
11,0.4,45,10,5,0.1,0.4,0.5155,0.1436,3
7,0.4,45,10,3,0.0,0.4,0.5155,0.1436,3
7,0.4,45,10,3,0.0,0.5,0.5155,0.1436,3
7,0.4,45,10,2,0.0,0.3,0.5155,0.1436,3
7,0.4,45,10,3,0.1,0.3,0.5155,0.1436,3
7,0.4,45,10,3,0.1,0.4,0.5155,0.1436,3
7,0.4,45,10,5,0.0,0.5,0.5155,0.1436,3
7,0.4,45,10,2,0.1,0.3,0.5155,0.1436,3
7,0.4,45,10,2,0.1,0.4,0.5155,0.1436,3
7,0.4,45,10,2,0.1,0.5,0.5155,0.1436,3
7,0.4,45,10,2,0.2,0.3,0.5155,0.1436,3
7,0.4,45,10,2,0.2,0.4,0.5155,0.1436,3
7,0.4,45,10,2,0.2,0.5,0.5155,0.1436,3
7,0.4,45,10,3,0.0,0.3,0.5155,0.1436,3
7,0.4,45,10,3,0.2,0.3,0.5155,0.1436,3
7,0.4,45,10,3,0.2,0.4,0.5155,0.1436,3
7,0.4,45,10,3,0.2,0.5,0.5155,0.1436,3
7,0.4,45,10,5,0.0,0.3,0.5155,0.1436,3
7,0.4,45,10,5,0.0,0.4,0.5155,0.1436,3
5,0.3,45,10,3,0.1,0.6,0.5155,0.1436,3
5,0.3,45,10,3,0.2,0.6,0.5155,0.1436,3
5,0.3,45,10,5,0.0,0.6,0.5155,0.1436,3
7,0.4,45,10,5,0.2,0.3,0.5155,0.1436,3
7,0.4,45,10,5,0.2,0.4,0.5155,0.1436,3
7,0.4,45,10,5,0.2,0.5,0.5155,0.1436,3
7,0.4,45,10,3,0.1,0.5,0.5155,0.1436,3
5,0.3,45,10,3,0.0,0.6,0.5155,0.1436,3
7,0.4,45,10,5,0.1,0.3,0.5155,0.1436,3
7,0.4,45,10,5,0.1,0.4,0.5155,0.1436,3
11,0.4,45,10,2,0.1,0.3,0.5155,0.1436,3
11,0.4,45,10,2,0.1,0.4,0.5155,0.1436,3
11,0.4,45,10,3,0.1,0.4,0.5155,0.1436,3
5,0.4,90,10,5,0.0,0.4,0.5155,0.1436,3
11,0.4,45,10,2,0.0,0.4,0.5155,0.1436,3
5,0.4,90,10,3,0.0,0.3,0.5155,0.1436,3
5,0.4,90,10,3,0.0,0.4,0.5155,0.1436,3
5,0.4,90,10,2,0.0,0.4,0.5155,0.1436,3
7,0.3,20,20,2,0.1,0.3,0.5155,0.1436,3
7,0.3,20,20,2,0.0,0.3,0.5155,0.1436,3
5,0.3,90,10,2,0.1,0.5,0.5152,0.1434,3
5,0.3,90,10,3,0.0,0.5,0.5152,0.1434,3
5,0.3,90,10,5,0.0,0.5,0.5152,0.1434,3
5,0.3,90,10,2,0.0,0.5,0.5152,0.1434,3
5,0.4,60,10,2,0.0,0.4,0.5152,0.1434,3
15,0.3,60,10,2,0.2,0.4,0.5152,0.1434,3
5,0.4,60,10,5,0.1,0.3,0.5152,0.1434,3
5,0.4,60,10,5,0.1,0.4,0.5152,0.1434,3
5,0.3,90,10,3,0.2,0.5,0.5152,0.1434,3
15,0.3,60,10,5,0.0,0.4,0.5152,0.1434,3
15,0.3,60,10,5,0.2,0.4,0.5152,0.1434,3
15,0.3,60,10,5,0.1,0.4,0.5152,0.1434,3
5,0.4,60,10,3,0.0,0.3,0.5152,0.1434,3
5,0.4,60,10,3,0.0,0.4,0.5152,0.1434,3
5,0.4,60,10,3,0.1,0.3,0.5152,0.1434,3
5,0.4,60,10,2,0.0,0.3,0.5152,0.1434,3
11,0.3,45,10,5,0.1,0.5,0.5152,0.1434,3
7,0.3,60,10,5,0.0,0.4,0.5152,0.1434,3
15,0.3,45,10,3,0.1,0.4,0.5152,0.1434,3
11,0.3,45,10,3,0.2,0.5,0.5152,0.1434,3
15,0.3,45,10,2,0.0,0.4,0.5152,0.1434,3
15,0.3,45,10,2,0.1,0.4,0.5152,0.1434,3
15,0.3,60,10,2,0.0,0.4,0.5152,0.1434,3
5,0.3,90,10,5,0.1,0.5,0.5152,0.1434,3
5,0.4,60,10,3,0.1,0.4,0.5152,0.1434,3
5,0.3,90,20,2,0.2,0.5,0.5152,0.1434,3
5,0.3,90,20,5,0.1,0.5,0.5152,0.1434,3
15,0.3,60,10,2,0.1,0.4,0.5152,0.1434,3
5,0.3,90,20,2,0.0,0.5,0.5152,0.1434,3
5,0.3,90,10,2,0.2,0.5,0.5152,0.1434,3
5,0.3,90,10,3,0.1,0.5,0.5152,0.1434,3
5,0.3,90,20,5,0.2,0.5,0.5152,0.1434,3
5,0.4,60,10,2,0.1,0.4,0.5152,0.1434,3
5,0.4,60,10,2,0.1,0.3,0.5152,0.1434,3
5,0.3,90,20,3,0.2,0.5,0.5152,0.1434,3
15,0.3,45,10,3,0.2,0.4,0.5152,0.1434,3
7,0.3,60,10,3,0.0,0.4,0.5152,0.1434,3
11,0.3,45,10,2,0.2,0.5,0.5152,0.1434,3
7,0.3,60,10,2,0.0,0.4,0.5152,0.1434,3
7,0.3,60,10,3,0.2,0.4,0.5152,0.1434,3
7,0.3,60,10,2,0.1,0.4,0.5152,0.1434,3
5,0.3,90,20,5,0.0,0.5,0.5152,0.1434,3
5,0.3,90,10,5,0.2,0.5,0.5152,0.1434,3
7,0.3,60,10,5,0.2,0.4,0.5152,0.1434,3
15,0.3,60,10,3,0.1,0.4,0.5152,0.1434,3
15,0.3,60,10,3,0.0,0.4,0.5152,0.1434,3
7,0.3,60,10,3,0.1,0.4,0.5152,0.1434,3
7,0.3,60,10,2,0.2,0.4,0.5152,0.1434,3
15,0.3,60,10,3,0.2,0.4,0.5152,0.1434,3
15,0.3,45,10,5,0.0,0.4,0.5152,0.1434,3
11,0.3,45,10,3,0.0,0.5,0.5152,0.1434,3
11,0.3,45,10,5,0.0,0.5,0.5152,0.1434,3
15,0.3,45,10,3,0.0,0.4,0.5152,0.1434,3
15,0.3,45,10,2,0.2,0.4,0.5152,0.1434,3
7,0.3,60,10,5,0.1,0.4,0.5152,0.1434,3
11,0.3,45,10,5,0.2,0.5,0.5152,0.1434,3
15,0.3,45,10,5,0.1,0.4,0.5152,0.1434,3
15,0.3,45,10,5,0.2,0.4,0.5152,0.1434,3
11,0.3,45,10,2,0.0,0.5,0.5152,0.1434,3
5,0.4,60,10,5,0.0,0.3,0.5152,0.1434,3
5,0.3,90,20,2,0.1,0.5,0.5152,0.1434,3
5,0.4,60,10,5,0.0,0.4,0.5152,0.1434,3
5,0.3,90,20,3,0.0,0.5,0.5152,0.1434,3
5,0.3,90,20,3,0.1,0.5,0.5152,0.1434,3
11,0.3,45,10,2,0.1,0.5,0.5152,0.1434,3
11,0.3,45,10,3,0.1,0.5,0.5152,0.1434,3
11,0.4,20,10,5,0.2,0.4,0.513,0.1332,3
11,0.4,20,10,5,0.2,0.3,0.513,0.1332,3
11,0.4,20,10,3,0.2,0.3,0.513,0.1332,3
11,0.4,20,10,3,0.2,0.4,0.513,0.1332,3
11,0.4,20,10,2,0.2,0.3,0.513,0.1332,3
11,0.4,20,10,2,0.2,0.4,0.513,0.1332,3
11,0.4,60,10,3,0.0,0.6,0.5129,0.1521,3
11,0.4,60,10,2,0.0,0.6,0.5129,0.1521,3
11,0.4,60,10,3,0.2,0.6,0.5129,0.1521,3
7,0.4,20,20,2,0.1,0.6,0.5129,0.1521,3
7,0.4,20,20,5,0.2,0.6,0.5129,0.1521,3
11,0.3,20,20,3,0.2,0.6,0.5129,0.1521,3
11,0.4,60,10,5,0.1,0.6,0.5129,0.1521,3
11,0.4,60,10,2,0.1,0.6,0.5129,0.1521,3
11,0.3,30,10,3,0.0,0.6,0.5129,0.1521,3
11,0.3,30,10,3,0.1,0.6,0.5129,0.1521,3
11,0.3,30,10,3,0.2,0.6,0.5129,0.1521,3
11,0.4,45,10,3,0.0,0.6,0.5129,0.1521,3
11,0.3,45,10,2,0.1,0.6,0.5129,0.1521,3
11,0.4,45,10,2,0.2,0.6,0.5129,0.1521,3
11,0.4,45,10,3,0.2,0.6,0.5129,0.1521,3
7,0.4,60,20,5,0.1,0.6,0.5129,0.1521,3
11,0.3,20,20,2,0.0,0.6,0.5129,0.1521,3
11,0.4,45,10,5,0.2,0.6,0.5129,0.1521,3
7,0.4,20,20,2,0.2,0.6,0.5129,0.1521,3
11,0.3,20,20,5,0.1,0.6,0.5129,0.1521,3
11,0.4,45,10,5,0.0,0.6,0.5129,0.1521,3
7,0.4,60,20,5,0.0,0.6,0.5129,0.1521,3
7,0.4,60,20,5,0.2,0.6,0.5129,0.1521,3
11,0.3,45,20,5,0.0,0.6,0.5129,0.1521,3
11,0.3,30,10,5,0.2,0.6,0.5129,0.1521,3
7,0.4,20,20,3,0.0,0.6,0.5129,0.1521,3
11,0.3,30,10,2,0.1,0.6,0.5129,0.1521,3
11,0.3,30,10,2,0.0,0.6,0.5129,0.1521,3
11,0.3,30,10,2,0.2,0.6,0.5129,0.1521,3
7,0.4,20,20,2,0.0,0.6,0.5129,0.1521,3
11,0.4,45,10,5,0.1,0.6,0.5129,0.1521,3
11,0.4,45,10,2,0.1,0.6,0.5129,0.1521,3
11,0.3,30,10,5,0.0,0.6,0.5129,0.1521,3
11,0.3,30,10,5,0.1,0.6,0.5129,0.1521,3
11,0.3,20,20,5,0.0,0.6,0.5129,0.1521,3
11,0.3,20,20,2,0.2,0.6,0.5129,0.1521,3
11,0.4,45,10,3,0.1,0.6,0.5129,0.1521,3
11,0.3,20,20,3,0.1,0.6,0.5129,0.1521,3
11,0.3,20,20,3,0.0,0.6,0.5129,0.1521,3
7,0.4,60,20,3,0.2,0.6,0.5129,0.1521,3
11,0.3,45,10,5,0.1,0.6,0.5129,0.1521,3
11,0.3,45,20,3,0.2,0.6,0.5129,0.1521,3
11,0.3,45,20,3,0.1,0.6,0.5129,0.1521,3
11,0.3,45,20,3,0.0,0.6,0.5129,0.1521,3
11,0.3,20,20,2,0.1,0.6,0.5129,0.1521,3
7,0.4,60,20,2,0.2,0.6,0.5129,0.1521,3
11,0.3,45,10,5,0.0,0.6,0.5129,0.1521,3
11,0.4,45,10,2,0.0,0.6,0.5129,0.1521,3
7,0.4,60,20,3,0.1,0.6,0.5129,0.1521,3
7,0.4,60,20,3,0.0,0.6,0.5129,0.1521,3
11,0.3,45,10,2,0.0,0.6,0.5129,0.1521,3
7,0.4,60,20,2,0.1,0.6,0.5129,0.1521,3
11,0.3,45,10,3,0.1,0.6,0.5129,0.1521,3
7,0.4,60,20,2,0.0,0.6,0.5129,0.1521,3
11,0.3,45,10,3,0.0,0.6,0.5129,0.1521,3
11,0.3,45,10,2,0.2,0.6,0.5129,0.1521,3
7,0.4,20,20,3,0.2,0.6,0.5129,0.1521,3
7,0.4,20,20,3,0.1,0.6,0.5129,0.1521,3
7,0.4,20,20,5,0.1,0.6,0.5129,0.1521,3
7,0.4,20,20,5,0.0,0.6,0.5129,0.1521,3
11,0.3,45,20,2,0.1,0.6,0.5129,0.1521,3
11,0.3,45,10,3,0.2,0.6,0.5129,0.1521,3
11,0.3,45,10,5,0.2,0.6,0.5129,0.1521,3
11,0.3,45,20,2,0.0,0.6,0.5129,0.1521,3
11,0.4,60,10,2,0.2,0.6,0.5129,0.1521,3
11,0.3,45,20,2,0.2,0.6,0.5129,0.1521,3
11,0.3,20,20,5,0.2,0.6,0.5129,0.1521,3
11,0.4,60,10,5,0.0,0.6,0.5129,0.1521,3
11,0.3,45,20,5,0.1,0.6,0.5129,0.1521,3
11,0.3,45,20,5,0.2,0.6,0.5129,0.1521,3
11,0.4,60,10,3,0.1,0.6,0.5129,0.1521,3
11,0.4,60,10,5,0.2,0.6,0.5129,0.1521,3
7,0.4,90,10,5,0.0,0.6,0.5125,0.1519,3
15,0.3,90,10,2,0.2,0.5,0.5125,0.1519,3
15,0.3,90,10,3,0.1,0.5,0.5125,0.1519,3
15,0.3,90,10,3,0.0,0.5,0.5125,0.1519,3
15,0.3,90,10,2,0.0,0.5,0.5125,0.1519,3
15,0.3,90,10,5,0.1,0.5,0.5125,0.1519,3
7,0.4,90,10,5,0.1,0.6,0.5125,0.1519,3
15,0.3,90,10,2,0.1,0.5,0.5125,0.1519,3
15,0.3,90,10,5,0.0,0.5,0.5125,0.1519,3
7,0.4,90,10,2,0.0,0.6,0.5125,0.1519,3
7,0.4,90,10,3,0.0,0.6,0.5125,0.1519,3
7,0.4,90,10,2,0.1,0.6,0.5125,0.1519,3
7,0.4,90,10,3,0.1,0.6,0.5125,0.1519,3
15,0.3,90,10,3,0.2,0.5,0.5125,0.1519,3
15,0.3,90,10,5,0.2,0.5,0.5125,0.1519,3
11,0.5,20,10,3,0.0,0.5,0.5119,0.1811,3
11,0.5,20,10,3,0.1,0.3,0.5119,0.1811,3
11,0.5,20,10,3,0.1,0.4,0.5119,0.1811,3
11,0.5,20,10,5,0.1,0.4,0.5119,0.1811,3
11,0.5,30,10,2,0.2,0.4,0.5119,0.1811,3
11,0.5,30,10,2,0.2,0.5,0.5119,0.1811,3
11,0.5,20,10,5,0.1,0.5,0.5119,0.1811,3
11,0.5,20,10,5,0.2,0.3,0.5119,0.1811,3
11,0.5,20,10,5,0.2,0.4,0.5119,0.1811,3
11,0.5,30,10,3,0.2,0.3,0.5119,0.1811,3
11,0.5,30,10,3,0.2,0.4,0.5119,0.1811,3
11,0.5,30,10,2,0.2,0.3,0.5119,0.1811,3
11,0.5,20,10,2,0.0,0.3,0.5119,0.1811,3
11,0.5,20,10,2,0.0,0.4,0.5119,0.1811,3
11,0.5,45,10,3,0.2,0.4,0.5119,0.1811,3
11,0.5,20,10,5,0.0,0.5,0.5119,0.1811,3
11,0.5,45,10,3,0.2,0.5,0.5119,0.1811,3
11,0.5,45,10,5,0.2,0.3,0.5119,0.1811,3
11,0.5,45,10,5,0.2,0.4,0.5119,0.1811,3
11,0.5,45,10,5,0.2,0.5,0.5119,0.1811,3
11,0.5,45,10,2,0.2,0.3,0.5119,0.1811,3
11,0.5,45,10,2,0.2,0.4,0.5119,0.1811,3
11,0.5,45,10,2,0.2,0.5,0.5119,0.1811,3
11,0.5,20,10,5,0.2,0.5,0.5119,0.1811,3
11,0.4,20,20,3,0.0,0.5,0.5119,0.1811,3
11,0.4,20,20,3,0.1,0.5,0.5119,0.1811,3
11,0.5,30,10,5,0.2,0.3,0.5119,0.1811,3
11,0.5,30,10,5,0.2,0.4,0.5119,0.1811,3
11,0.5,60,10,5,0.2,0.3,0.5119,0.1811,3
11,0.5,60,10,5,0.2,0.4,0.5119,0.1811,3
11,0.5,60,10,5,0.2,0.5,0.5119,0.1811,3
11,0.5,30,10,5,0.2,0.5,0.5119,0.1811,3
11,0.5,60,10,3,0.2,0.3,0.5119,0.1811,3
11,0.4,20,20,2,0.0,0.5,0.5119,0.1811,3
11,0.4,20,20,2,0.1,0.5,0.5119,0.1811,3
11,0.4,20,20,3,0.2,0.5,0.5119,0.1811,3
11,0.4,20,20,5,0.0,0.5,0.5119,0.1811,3
11,0.4,20,20,5,0.1,0.5,0.5119,0.1811,3
11,0.4,20,20,2,0.2,0.5,0.5119,0.1811,3
11,0.5,20,10,3,0.0,0.4,0.5119,0.1811,3
11,0.4,20,20,5,0.2,0.5,0.5119,0.1811,3
11,0.5,20,10,3,0.1,0.5,0.5119,0.1811,3
11,0.5,20,10,3,0.2,0.3,0.5119,0.1811,3
11,0.5,20,10,3,0.2,0.4,0.5119,0.1811,3
11,0.5,20,10,3,0.2,0.5,0.5119,0.1811,3
11,0.5,20,10,5,0.0,0.3,0.5119,0.1811,3
11,0.5,20,10,5,0.0,0.4,0.5119,0.1811,3
11,0.5,45,10,3,0.2,0.3,0.5119,0.1811,3
11,0.5,20,10,5,0.1,0.3,0.5119,0.1811,3
11,0.5,30,10,3,0.2,0.5,0.5119,0.1811,3
11,0.5,60,10,3,0.2,0.4,0.5119,0.1811,3
11,0.5,60,10,3,0.2,0.5,0.5119,0.1811,3
11,0.5,20,10,2,0.0,0.5,0.5119,0.1811,3
11,0.5,20,10,2,0.1,0.3,0.5119,0.1811,3
11,0.5,20,10,2,0.1,0.4,0.5119,0.1811,3
11,0.5,20,10,2,0.1,0.5,0.5119,0.1811,3
11,0.5,20,10,2,0.2,0.3,0.5119,0.1811,3
11,0.5,60,10,2,0.2,0.3,0.5119,0.1811,3
11,0.5,60,10,2,0.2,0.4,0.5119,0.1811,3
11,0.5,60,10,2,0.2,0.5,0.5119,0.1811,3
11,0.5,20,10,2,0.2,0.4,0.5119,0.1811,3
11,0.5,20,10,2,0.2,0.5,0.5119,0.1811,3
11,0.5,20,10,3,0.0,0.3,0.5119,0.1811,3
7,0.3,90,20,2,0.2,0.3,0.5106,0.1509,3
7,0.3,90,20,3,0.2,0.3,0.5106,0.1509,3
7,0.3,90,20,5,0.2,0.3,0.5106,0.1509,3
11,0.3,20,30,5,0.2,0.3,0.5102,0.1754,3
11,0.3,20,30,2,0.1,0.3,0.5102,0.1754,3
11,0.3,20,30,2,0.0,0.4,0.5102,0.1754,3
11,0.3,20,30,3,0.1,0.3,0.5102,0.1754,3
11,0.3,20,30,3,0.1,0.4,0.5102,0.1754,3
11,0.3,20,30,3,0.2,0.4,0.5102,0.1754,3
11,0.3,20,30,3,0.0,0.4,0.5102,0.1754,3
11,0.3,20,30,5,0.2,0.4,0.5102,0.1754,3
11,0.3,20,30,2,0.2,0.3,0.5102,0.1754,3
11,0.3,20,30,3,0.0,0.3,0.5102,0.1754,3
11,0.3,20,30,2,0.1,0.4,0.5102,0.1754,3
11,0.3,20,30,5,0.0,0.3,0.5102,0.1754,3
11,0.3,20,30,2,0.2,0.4,0.5102,0.1754,3
11,0.3,20,30,5,0.0,0.4,0.5102,0.1754,3
11,0.3,20,30,5,0.1,0.3,0.5102,0.1754,3
11,0.3,20,30,5,0.1,0.4,0.5102,0.1754,3
11,0.3,20,30,3,0.2,0.3,0.5102,0.1754,3
11,0.3,20,30,2,0.0,0.3,0.5102,0.1754,3
11,0.3,45,30,5,0.0,0.3,0.5096,0.1751,3
11,0.3,45,30,3,0.0,0.3,0.5096,0.1751,3
11,0.3,45,30,2,0.2,0.3,0.5096,0.1751,3
11,0.3,30,30,3,0.2,0.3,0.5096,0.1751,3
11,0.3,30,30,5,0.2,0.3,0.5096,0.1751,3
11,0.3,30,30,5,0.0,0.3,0.5096,0.1751,3
11,0.3,30,30,2,0.1,0.3,0.5096,0.1751,3
11,0.3,30,30,3,0.1,0.3,0.5096,0.1751,3
11,0.3,30,30,5,0.1,0.3,0.5096,0.1751,3
11,0.3,45,30,5,0.1,0.3,0.5096,0.1751,3
11,0.3,30,30,2,0.0,0.3,0.5096,0.1751,3
11,0.3,30,30,2,0.2,0.3,0.5096,0.1751,3
11,0.3,45,30,3,0.1,0.3,0.5096,0.1751,3
11,0.3,45,30,3,0.2,0.3,0.5096,0.1751,3
11,0.3,45,30,5,0.2,0.3,0.5096,0.1751,3
11,0.3,45,30,2,0.0,0.3,0.5096,0.1751,3
11,0.3,45,30,2,0.1,0.3,0.5096,0.1751,3
11,0.3,30,30,3,0.0,0.3,0.5096,0.1751,3
5,0.4,20,10,3,0.0,0.6,0.5073,0.1381,3
5,0.4,20,10,3,0.1,0.6,0.5073,0.1381,3
5,0.4,20,10,3,0.2,0.6,0.5073,0.1381,3
5,0.4,20,10,2,0.0,0.6,0.5073,0.1381,3
5,0.4,20,10,5,0.0,0.6,0.5073,0.1381,3
5,0.4,20,10,2,0.2,0.6,0.5073,0.1381,3
5,0.4,20,10,2,0.1,0.6,0.5073,0.1381,3
5,0.4,20,10,5,0.1,0.6,0.5073,0.1381,3
5,0.4,20,10,5,0.2,0.6,0.5073,0.1381,3
15,0.3,90,30,3,0.2,0.6,0.507,0.189,3
11,0.5,30,20,2,0.2,0.3,0.507,0.189,3
11,0.5,30,20,2,0.2,0.4,0.507,0.189,3
11,0.5,30,20,2,0.2,0.5,0.507,0.189,3
11,0.5,30,20,2,0.2,0.6,0.507,0.189,3
15,0.3,90,20,3,0.1,0.6,0.507,0.189,3
15,0.3,90,20,3,0.2,0.6,0.507,0.189,3
15,0.3,90,30,5,0.2,0.6,0.507,0.189,3
15,0.4,60,20,5,0.0,0.6,0.507,0.189,3
15,0.4,60,20,5,0.1,0.6,0.507,0.189,3
7,0.4,90,20,2,0.1,0.7,0.507,0.189,3
7,0.4,90,20,3,0.0,0.7,0.507,0.189,3
7,0.4,90,10,5,0.1,0.7,0.507,0.189,3
15,0.3,90,30,5,0.0,0.5,0.507,0.189,3
15,0.3,90,30,5,0.0,0.6,0.507,0.189,3
15,0.3,90,30,5,0.1,0.5,0.507,0.189,3
15,0.3,90,30,5,0.2,0.5,0.507,0.189,3
15,0.4,90,10,2,0.1,0.6,0.507,0.189,3
15,0.4,90,10,2,0.2,0.6,0.507,0.189,3
15,0.4,90,10,3,0.0,0.6,0.507,0.189,3
15,0.3,90,20,2,0.1,0.6,0.507,0.189,3
11,0.5,30,20,2,0.0,0.6,0.507,0.189,3
11,0.5,30,20,2,0.1,0.6,0.507,0.189,3
15,0.3,90,30,5,0.1,0.6,0.507,0.189,3
7,0.4,90,20,2,0.2,0.7,0.507,0.189,3
11,0.5,20,20,3,0.0,0.3,0.507,0.189,3
11,0.5,20,20,3,0.0,0.4,0.507,0.189,3
11,0.5,20,20,3,0.0,0.5,0.507,0.189,3
11,0.5,20,20,3,0.0,0.6,0.507,0.189,3
11,0.5,20,20,3,0.1,0.3,0.507,0.189,3
15,0.3,45,20,2,0.2,0.6,0.507,0.189,3
15,0.3,45,20,3,0.0,0.6,0.507,0.189,3
15,0.4,90,10,3,0.2,0.6,0.507,0.189,3
15,0.4,90,10,5,0.0,0.6,0.507,0.189,3
15,0.4,90,10,5,0.2,0.6,0.507,0.189,3
15,0.4,90,10,3,0.1,0.6,0.507,0.189,3
7,0.5,90,10,3,0.0,0.6,0.507,0.189,3
7,0.5,90,10,3,0.0,0.7,0.507,0.189,3
7,0.5,90,10,3,0.1,0.6,0.507,0.189,3
7,0.5,90,10,3,0.1,0.7,0.507,0.189,3
11,0.5,20,20,2,0.2,0.3,0.507,0.189,3
11,0.5,20,20,2,0.2,0.4,0.507,0.189,3
11,0.5,20,20,2,0.2,0.5,0.507,0.189,3
11,0.5,20,20,2,0.2,0.6,0.507,0.189,3
15,0.3,45,30,2,0.2,0.6,0.507,0.189,3
15,0.3,45,30,3,0.0,0.6,0.507,0.189,3
15,0.3,45,30,3,0.1,0.6,0.507,0.189,3
15,0.3,45,20,3,0.1,0.6,0.507,0.189,3
15,0.3,45,20,2,0.0,0.6,0.507,0.189,3
15,0.4,90,20,2,0.2,0.6,0.507,0.189,3
15,0.4,90,20,2,0.0,0.6,0.507,0.189,3
15,0.4,90,20,2,0.1,0.6,0.507,0.189,3
15,0.4,90,10,5,0.1,0.6,0.507,0.189,3
15,0.4,90,10,2,0.0,0.6,0.507,0.189,3
15,0.3,90,10,5,0.1,0.6,0.507,0.189,3
7,0.4,90,10,5,0.2,0.7,0.507,0.189,3
7,0.4,90,20,2,0.0,0.7,0.507,0.189,3
7,0.4,90,10,3,0.1,0.7,0.507,0.189,3
11,0.5,90,20,2,0.2,0.3,0.507,0.189,3
11,0.5,90,20,2,0.2,0.4,0.507,0.189,3
11,0.5,90,20,2,0.2,0.5,0.507,0.189,3
11,0.5,90,20,2,0.2,0.6,0.507,0.189,3
15,0.4,90,20,3,0.0,0.6,0.507,0.189,3
15,0.3,90,10,5,0.2,0.6,0.507,0.189,3
15,0.3,90,10,2,0.2,0.6,0.507,0.189,3
15,0.4,20,20,2,0.2,0.5,0.507,0.189,3
15,0.4,20,20,3,0.1,0.5,0.507,0.189,3
15,0.4,20,20,3,0.1,0.6,0.507,0.189,3
15,0.4,20,20,5,0.0,0.5,0.507,0.189,3
15,0.4,20,20,2,0.0,0.5,0.507,0.189,3
15,0.4,20,20,2,0.0,0.6,0.507,0.189,3
15,0.3,90,10,3,0.0,0.6,0.507,0.189,3
15,0.3,90,10,3,0.1,0.6,0.507,0.189,3
15,0.3,90,10,5,0.0,0.6,0.507,0.189,3
15,0.4,90,20,3,0.2,0.6,0.507,0.189,3
15,0.3,45,30,3,0.2,0.6,0.507,0.189,3
15,0.3,45,30,5,0.0,0.6,0.507,0.189,3
15,0.3,45,30,5,0.1,0.6,0.507,0.189,3
15,0.3,60,10,2,0.0,0.6,0.507,0.189,3
15,0.4,90,20,5,0.2,0.6,0.507,0.189,3
11,0.3,60,30,2,0.0,0.6,0.507,0.189,3
11,0.3,60,30,2,0.1,0.6,0.507,0.189,3
15,0.4,20,20,5,0.2,0.5,0.507,0.189,3
15,0.4,20,20,5,0.2,0.6,0.507,0.189,3
15,0.4,20,20,2,0.1,0.5,0.507,0.189,3
15,0.4,20,20,2,0.1,0.6,0.507,0.189,3
15,0.4,20,20,2,0.2,0.6,0.507,0.189,3
15,0.4,20,20,3,0.0,0.5,0.507,0.189,3
15,0.4,20,20,3,0.0,0.6,0.507,0.189,3
15,0.4,20,20,3,0.2,0.5,0.507,0.189,3
15,0.4,20,20,3,0.2,0.6,0.507,0.189,3
15,0.4,20,20,5,0.0,0.6,0.507,0.189,3
11,0.5,20,20,2,0.0,0.6,0.507,0.189,3
15,0.4,20,20,5,0.1,0.6,0.507,0.189,3
15,0.3,90,10,3,0.2,0.6,0.507,0.189,3
15,0.4,45,10,2,0.0,0.6,0.507,0.189,3
15,0.3,90,10,2,0.0,0.6,0.507,0.189,3
15,0.4,45,10,2,0.1,0.6,0.507,0.189,3
15,0.3,90,10,2,0.1,0.6,0.507,0.189,3
15,0.4,90,20,3,0.1,0.6,0.507,0.189,3
11,0.3,60,30,3,0.0,0.6,0.507,0.189,3
11,0.3,60,30,3,0.1,0.6,0.507,0.189,3
7,0.4,90,10,3,0.2,0.7,0.507,0.189,3
11,0.5,20,20,3,0.2,0.5,0.507,0.189,3
15,0.4,60,20,3,0.2,0.6,0.507,0.189,3
11,0.5,90,20,3,0.2,0.3,0.507,0.189,3
11,0.5,90,20,3,0.2,0.4,0.507,0.189,3
11,0.5,90,20,3,0.2,0.5,0.507,0.189,3
11,0.5,90,20,3,0.2,0.6,0.507,0.189,3
11,0.5,90,20,5,0.2,0.3,0.507,0.189,3
11,0.5,30,20,3,0.0,0.6,0.507,0.189,3
15,0.3,90,30,3,0.0,0.5,0.507,0.189,3
15,0.4,90,20,5,0.0,0.6,0.507,0.189,3
11,0.5,20,20,5,0.0,0.6,0.507,0.189,3
15,0.4,90,20,5,0.1,0.6,0.507,0.189,3
15,0.3,60,10,2,0.1,0.6,0.507,0.189,3
15,0.3,60,10,2,0.2,0.6,0.507,0.189,3
15,0.3,60,10,3,0.0,0.6,0.507,0.189,3
7,0.4,90,10,5,0.0,0.7,0.507,0.189,3
15,0.4,45,20,5,0.0,0.6,0.507,0.189,3
7,0.4,90,10,2,0.1,0.7,0.507,0.189,3
11,0.5,90,20,5,0.2,0.6,0.507,0.189,3
7,0.5,90,10,5,0.1,0.6,0.507,0.189,3
7,0.5,90,10,5,0.1,0.7,0.507,0.189,3
7,0.5,90,20,2,0.0,0.6,0.507,0.189,3
7,0.5,90,20,2,0.0,0.7,0.507,0.189,3
15,0.4,45,20,2,0.1,0.6,0.507,0.189,3
11,0.5,30,20,3,0.1,0.6,0.507,0.189,3
11,0.5,30,20,3,0.2,0.3,0.507,0.189,3
11,0.5,30,20,3,0.2,0.4,0.507,0.189,3
11,0.5,30,20,3,0.2,0.5,0.507,0.189,3
11,0.5,30,20,3,0.2,0.6,0.507,0.189,3
11,0.5,20,20,5,0.1,0.3,0.507,0.189,3
11,0.5,20,20,5,0.1,0.4,0.507,0.189,3
11,0.5,90,20,5,0.2,0.4,0.507,0.189,3
11,0.5,90,20,5,0.2,0.5,0.507,0.189,3
15,0.4,60,20,3,0.1,0.6,0.507,0.189,3
7,0.4,90,10,2,0.2,0.7,0.507,0.189,3
11,0.5,20,20,3,0.1,0.4,0.507,0.189,3
11,0.5,20,20,3,0.1,0.5,0.507,0.189,3
11,0.5,20,20,3,0.1,0.6,0.507,0.189,3
15,0.4,45,10,2,0.2,0.6,0.507,0.189,3
11,0.5,20,20,5,0.1,0.5,0.507,0.189,3
11,0.5,20,20,5,0.1,0.6,0.507,0.189,3
15,0.4,45,20,3,0.1,0.6,0.507,0.189,3
7,0.3,60,20,3,0.0,0.7,0.507,0.189,3
15,0.4,20,20,5,0.1,0.5,0.507,0.189,3
7,0.3,60,20,5,0.0,0.7,0.507,0.189,3
11,0.3,60,30,5,0.2,0.6,0.507,0.189,3
15,0.3,90,30,3,0.0,0.6,0.507,0.189,3
11,0.5,20,20,2,0.1,0.3,0.507,0.189,3
11,0.5,20,20,2,0.1,0.4,0.507,0.189,3
11,0.5,20,20,2,0.1,0.5,0.507,0.189,3
11,0.5,20,20,2,0.1,0.6,0.507,0.189,3
7,0.5,90,10,5,0.0,0.6,0.507,0.189,3
7,0.3,90,20,3,0.0,0.7,0.507,0.189,3
7,0.3,90,20,3,0.1,0.7,0.507,0.189,3
7,0.5,90,10,2,0.0,0.6,0.507,0.189,3
7,0.3,90,20,5,0.0,0.7,0.507,0.189,3
15,0.3,60,30,3,0.2,0.6,0.507,0.189,3
7,0.5,90,20,3,0.0,0.7,0.507,0.189,3
7,0.5,90,10,5,0.0,0.7,0.507,0.189,3
7,0.5,90,10,2,0.0,0.7,0.507,0.189,3
7,0.5,90,10,2,0.1,0.6,0.507,0.189,3
7,0.5,90,10,2,0.1,0.7,0.507,0.189,3
7,0.4,90,10,3,0.0,0.7,0.507,0.189,3
15,0.3,90,20,5,0.0,0.6,0.507,0.189,3
7,0.4,90,10,2,0.0,0.7,0.507,0.189,3
15,0.3,90,20,5,0.1,0.6,0.507,0.189,3
15,0.4,60,20,5,0.2,0.6,0.507,0.189,3
7,0.3,90,20,5,0.1,0.7,0.507,0.189,3
15,0.3,90,30,2,0.1,0.6,0.507,0.189,3
11,0.3,60,30,5,0.1,0.6,0.507,0.189,3
11,0.3,60,30,2,0.2,0.6,0.507,0.189,3
7,0.3,90,20,2,0.0,0.7,0.507,0.189,3
7,0.3,90,20,2,0.1,0.7,0.507,0.189,3
15,0.3,60,30,2,0.1,0.6,0.507,0.189,3
15,0.3,60,30,2,0.2,0.6,0.507,0.189,3
15,0.3,60,30,3,0.0,0.6,0.507,0.189,3
15,0.4,60,20,2,0.2,0.6,0.507,0.189,3
15,0.4,60,20,3,0.0,0.6,0.507,0.189,3
15,0.3,45,10,5,0.2,0.6,0.507,0.189,3
15,0.3,45,10,3,0.1,0.6,0.507,0.189,3
7,0.5,90,20,3,0.0,0.6,0.507,0.189,3
15,0.3,90,30,2,0.2,0.5,0.507,0.189,3
15,0.3,45,30,2,0.1,0.6,0.507,0.189,3
15,0.3,45,30,5,0.2,0.6,0.507,0.189,3
7,0.4,90,20,5,0.2,0.7,0.507,0.189,3
15,0.4,60,20,2,0.1,0.6,0.507,0.189,3
15,0.3,60,30,3,0.1,0.6,0.507,0.189,3
15,0.3,60,30,5,0.0,0.6,0.507,0.189,3
15,0.3,60,30,5,0.1,0.6,0.507,0.189,3
15,0.3,60,30,5,0.2,0.6,0.507,0.189,3
7,0.3,60,20,2,0.1,0.7,0.507,0.189,3
7,0.3,60,20,2,0.2,0.7,0.507,0.189,3
7,0.4,90,20,3,0.1,0.7,0.507,0.189,3
15,0.4,60,10,5,0.0,0.6,0.507,0.189,3
15,0.3,45,10,5,0.0,0.6,0.507,0.189,3
15,0.3,45,10,5,0.1,0.6,0.507,0.189,3
11,0.3,90,30,5,0.1,0.6,0.507,0.189,3
11,0.3,90,30,5,0.2,0.6,0.507,0.189,3
7,0.5,90,20,2,0.1,0.6,0.507,0.189,3
7,0.5,90,20,2,0.1,0.7,0.507,0.189,3
15,0.3,45,20,3,0.2,0.6,0.507,0.189,3
15,0.4,60,10,5,0.1,0.6,0.507,0.189,3
15,0.4,60,10,5,0.2,0.6,0.507,0.189,3
15,0.4,60,20,2,0.0,0.6,0.507,0.189,3
15,0.3,60,20,5,0.1,0.6,0.507,0.189,3
15,0.3,60,20,5,0.2,0.6,0.507,0.189,3
15,0.3,60,30,2,0.0,0.6,0.507,0.189,3
11,0.5,30,20,5,0.0,0.6,0.507,0.189,3
15,0.3,45,20,5,0.0,0.6,0.507,0.189,3
15,0.3,45,20,5,0.1,0.6,0.507,0.189,3
15,0.3,60,10,3,0.1,0.6,0.507,0.189,3
15,0.3,60,10,3,0.2,0.6,0.507,0.189,3
11,0.3,90,30,3,0.0,0.6,0.507,0.189,3
11,0.3,90,30,3,0.1,0.6,0.507,0.189,3
7,0.5,90,20,5,0.0,0.6,0.507,0.189,3
7,0.5,90,20,5,0.0,0.7,0.507,0.189,3
15,0.3,45,10,3,0.2,0.6,0.507,0.189,3
11,0.5,30,20,5,0.2,0.4,0.507,0.189,3
11,0.5,30,20,5,0.2,0.5,0.507,0.189,3
11,0.5,30,20,5,0.2,0.6,0.507,0.189,3
15,0.3,60,20,5,0.0,0.6,0.507,0.189,3
15,0.3,45,20,5,0.2,0.6,0.507,0.189,3
15,0.3,45,20,2,0.1,0.6,0.507,0.189,3
15,0.3,45,30,2,0.0,0.6,0.507,0.189,3
15,0.3,60,20,3,0.2,0.6,0.507,0.189,3
11,0.5,30,20,5,0.1,0.6,0.507,0.189,3
11,0.5,30,20,5,0.2,0.3,0.507,0.189,3
11,0.5,20,20,5,0.2,0.3,0.507,0.189,3
11,0.5,20,20,5,0.2,0.4,0.507,0.189,3
15,0.4,60,10,2,0.1,0.6,0.507,0.189,3
15,0.4,60,10,2,0.2,0.6,0.507,0.189,3
7,0.3,60,20,3,0.1,0.7,0.507,0.189,3
7,0.3,60,20,3,0.2,0.7,0.507,0.189,3
7,0.3,60,20,2,0.0,0.7,0.507,0.189,3
7,0.3,60,20,5,0.1,0.7,0.507,0.189,3
15,0.3,60,10,5,0.2,0.6,0.507,0.189,3
15,0.3,90,20,2,0.0,0.6,0.507,0.189,3
15,0.3,90,20,5,0.2,0.6,0.507,0.189,3
15,0.3,90,30,2,0.0,0.5,0.507,0.189,3
15,0.3,45,10,2,0.2,0.6,0.507,0.189,3
15,0.3,45,10,3,0.0,0.6,0.507,0.189,3
15,0.4,60,10,3,0.0,0.6,0.507,0.189,3
15,0.4,60,10,3,0.1,0.6,0.507,0.189,3
15,0.4,60,10,3,0.2,0.6,0.507,0.189,3
15,0.3,90,30,2,0.0,0.6,0.507,0.189,3
7,0.5,90,20,3,0.1,0.6,0.507,0.189,3
7,0.5,90,20,3,0.1,0.7,0.507,0.189,3
15,0.3,45,10,2,0.0,0.6,0.507,0.189,3
15,0.3,45,10,2,0.1,0.6,0.507,0.189,3
15,0.3,90,30,2,0.1,0.5,0.507,0.189,3
15,0.3,90,20,2,0.2,0.6,0.507,0.189,3
15,0.3,90,20,3,0.0,0.6,0.507,0.189,3
15,0.3,60,20,2,0.0,0.6,0.507,0.189,3
11,0.3,60,30,5,0.0,0.6,0.507,0.189,3
15,0.3,60,20,2,0.1,0.6,0.507,0.189,3
15,0.3,60,20,2,0.2,0.6,0.507,0.189,3
7,0.5,90,20,5,0.1,0.6,0.507,0.189,3
7,0.5,90,20,5,0.1,0.7,0.507,0.189,3
11,0.3,90,30,2,0.1,0.6,0.507,0.189,3
11,0.3,90,30,2,0.2,0.6,0.507,0.189,3
11,0.3,90,30,3,0.2,0.6,0.507,0.189,3
11,0.3,90,30,5,0.0,0.6,0.507,0.189,3
11,0.3,90,30,2,0.0,0.6,0.507,0.189,3
11,0.5,20,20,5,0.2,0.5,0.507,0.189,3
11,0.5,20,20,5,0.2,0.6,0.507,0.189,3
15,0.4,60,10,2,0.0,0.6,0.507,0.189,3
11,0.5,20,20,5,0.0,0.3,0.507,0.189,3
11,0.3,60,30,3,0.2,0.6,0.507,0.189,3
7,0.4,90,20,3,0.2,0.7,0.507,0.189,3
7,0.4,90,20,5,0.0,0.7,0.507,0.189,3
15,0.4,45,20,5,0.1,0.5,0.507,0.189,3
15,0.4,45,20,5,0.1,0.6,0.507,0.189,3
15,0.4,45,20,5,0.2,0.6,0.507,0.189,3
15,0.3,60,20,3,0.0,0.6,0.507,0.189,3
15,0.3,60,20,3,0.1,0.6,0.507,0.189,3
11,0.5,20,20,3,0.2,0.3,0.507,0.189,3
11,0.5,20,20,3,0.2,0.4,0.507,0.189,3
7,0.4,90,20,5,0.1,0.7,0.507,0.189,3
15,0.3,90,30,3,0.1,0.5,0.507,0.189,3
15,0.4,45,20,2,0.2,0.5,0.507,0.189,3
15,0.4,45,10,3,0.0,0.6,0.507,0.189,3
15,0.4,45,10,3,0.1,0.6,0.507,0.189,3
15,0.4,45,10,3,0.2,0.6,0.507,0.189,3
15,0.4,45,10,5,0.0,0.6,0.507,0.189,3
15,0.4,45,10,5,0.1,0.6,0.507,0.189,3
15,0.4,45,10,5,0.2,0.6,0.507,0.189,3
15,0.4,45,20,2,0.0,0.5,0.507,0.189,3
15,0.3,90,30,3,0.1,0.6,0.507,0.189,3
11,0.5,20,20,2,0.0,0.3,0.507,0.189,3
11,0.5,20,20,2,0.0,0.4,0.507,0.189,3
11,0.5,20,20,2,0.0,0.5,0.507,0.189,3
15,0.3,90,30,2,0.2,0.6,0.507,0.189,3
15,0.4,45,20,2,0.1,0.5,0.507,0.189,3
15,0.4,45,20,2,0.0,0.6,0.507,0.189,3
11,0.5,20,20,3,0.2,0.6,0.507,0.189,3
15,0.4,45,20,3,0.0,0.5,0.507,0.189,3
15,0.4,45,20,3,0.0,0.6,0.507,0.189,3
11,0.5,20,20,5,0.0,0.4,0.507,0.189,3
11,0.5,20,20,5,0.0,0.5,0.507,0.189,3
15,0.4,45,20,3,0.1,0.5,0.507,0.189,3
15,0.4,45,20,5,0.2,0.5,0.507,0.189,3
15,0.3,90,30,3,0.2,0.5,0.507,0.189,3
15,0.3,60,10,5,0.0,0.6,0.507,0.189,3
15,0.3,60,10,5,0.1,0.6,0.507,0.189,3
7,0.3,60,20,5,0.2,0.7,0.507,0.189,3
15,0.4,45,20,3,0.2,0.5,0.507,0.189,3
15,0.4,45,20,3,0.2,0.6,0.507,0.189,3
15,0.4,45,20,5,0.0,0.5,0.507,0.189,3
15,0.4,45,20,2,0.2,0.6,0.507,0.189,3
11,0.3,90,10,5,0.1,0.3,0.5066,0.1376,3
11,0.3,90,10,5,0.0,0.3,0.5066,0.1376,3
11,0.3,90,10,3,0.1,0.3,0.5066,0.1376,3
11,0.4,30,10,2,0.0,0.5,0.5066,0.1376,3
11,0.4,30,10,2,0.1,0.5,0.5066,0.1376,3
5,0.3,30,10,2,0.2,0.6,0.5066,0.1376,3
5,0.3,30,10,3,0.0,0.6,0.5066,0.1376,3
5,0.3,30,10,3,0.1,0.6,0.5066,0.1376,3
5,0.3,30,10,2,0.0,0.6,0.5066,0.1376,3
5,0.3,30,10,2,0.1,0.6,0.5066,0.1376,3
5,0.3,30,10,3,0.2,0.6,0.5066,0.1376,3
5,0.3,30,10,5,0.1,0.6,0.5066,0.1376,3
5,0.3,30,10,5,0.0,0.6,0.5066,0.1376,3
5,0.3,30,20,3,0.1,0.5,0.5066,0.1376,3
5,0.3,30,10,5,0.2,0.6,0.5066,0.1376,3
11,0.4,30,10,3,0.2,0.5,0.5066,0.1376,3
5,0.3,30,20,2,0.1,0.5,0.5066,0.1376,3
5,0.3,30,20,3,0.2,0.5,0.5066,0.1376,3
5,0.3,30,20,2,0.0,0.5,0.5066,0.1376,3
11,0.4,30,10,2,0.2,0.3,0.5066,0.1376,3
11,0.4,30,10,2,0.2,0.4,0.5066,0.1376,3
11,0.4,30,10,2,0.2,0.5,0.5066,0.1376,3
11,0.4,30,10,5,0.2,0.4,0.5066,0.1376,3
11,0.4,30,10,3,0.2,0.4,0.5066,0.1376,3
11,0.4,30,10,3,0.2,0.3,0.5066,0.1376,3
11,0.4,30,10,3,0.1,0.5,0.5066,0.1376,3
5,0.3,30,20,5,0.2,0.5,0.5066,0.1376,3
5,0.3,30,20,3,0.0,0.5,0.5066,0.1376,3
5,0.3,30,20,5,0.0,0.5,0.5066,0.1376,3
5,0.3,30,20,5,0.1,0.5,0.5066,0.1376,3
5,0.3,30,20,2,0.2,0.5,0.5066,0.1376,3
11,0.3,90,10,2,0.1,0.3,0.5066,0.1376,3
11,0.3,90,10,3,0.0,0.3,0.5066,0.1376,3
11,0.4,30,10,3,0.0,0.5,0.5066,0.1376,3
11,0.3,90,10,2,0.0,0.3,0.5066,0.1376,3
11,0.4,30,10,5,0.0,0.5,0.5066,0.1376,3
11,0.4,30,10,5,0.2,0.5,0.5066,0.1376,3
11,0.4,30,10,5,0.1,0.5,0.5066,0.1376,3
11,0.4,30,10,5,0.2,0.3,0.5066,0.1376,3
7,0.3,30,20,3,0.0,0.3,0.5062,0.1372,3
7,0.3,30,20,5,0.1,0.3,0.5062,0.1372,3
7,0.3,30,20,3,0.1,0.3,0.5062,0.1372,3
7,0.3,30,20,5,0.2,0.3,0.5062,0.1372,3
7,0.3,30,20,2,0.1,0.3,0.5062,0.1372,3
7,0.3,30,20,2,0.0,0.3,0.5062,0.1372,3
11,0.3,60,10,2,0.2,0.3,0.5062,0.1372,3
7,0.3,30,20,2,0.2,0.3,0.5062,0.1372,3
7,0.3,45,20,3,0.2,0.3,0.5062,0.1372,3
7,0.3,45,20,3,0.0,0.3,0.5062,0.1372,3
7,0.3,45,20,2,0.2,0.3,0.5062,0.1372,3
7,0.3,45,20,5,0.2,0.3,0.5062,0.1372,3
7,0.3,45,20,5,0.1,0.3,0.5062,0.1372,3
7,0.3,45,20,3,0.1,0.3,0.5062,0.1372,3
7,0.3,45,20,2,0.1,0.3,0.5062,0.1372,3
7,0.3,45,20,2,0.0,0.3,0.5062,0.1372,3
7,0.3,30,20,5,0.0,0.3,0.5062,0.1372,3
7,0.3,30,20,3,0.2,0.3,0.5062,0.1372,3
11,0.3,60,10,3,0.2,0.3,0.5062,0.1372,3
11,0.3,60,10,5,0.2,0.3,0.5062,0.1372,3
5,0.4,45,10,2,0.2,0.5,0.5062,0.1372,3
7,0.3,45,20,5,0.0,0.3,0.5062,0.1372,3
5,0.4,45,10,5,0.2,0.5,0.5062,0.1372,3
5,0.4,45,10,3,0.2,0.5,0.5062,0.1372,3
5,0.3,60,20,2,0.2,0.5,0.5061,0.1371,3
5,0.3,60,20,3,0.2,0.5,0.5061,0.1371,3
11,0.3,45,10,2,0.0,0.4,0.5061,0.1371,3
5,0.3,60,10,3,0.0,0.5,0.5061,0.1371,3
11,0.3,30,10,5,0.1,0.5,0.5061,0.1371,3
5,0.3,60,10,2,0.2,0.5,0.5061,0.1371,3
11,0.3,45,10,3,0.1,0.4,0.5061,0.1371,3
11,0.3,45,10,3,0.0,0.4,0.5061,0.1371,3
5,0.3,60,10,5,0.0,0.5,0.5061,0.1371,3
11,0.3,45,10,5,0.2,0.4,0.5061,0.1371,3
11,0.3,45,10,5,0.1,0.4,0.5061,0.1371,3
11,0.3,45,10,5,0.0,0.4,0.5061,0.1371,3
11,0.3,45,10,3,0.2,0.4,0.5061,0.1371,3
5,0.3,60,10,3,0.2,0.5,0.5061,0.1371,3
5,0.3,60,10,3,0.1,0.5,0.5061,0.1371,3
5,0.3,60,10,5,0.2,0.5,0.5061,0.1371,3
5,0.3,60,10,5,0.1,0.5,0.5061,0.1371,3
11,0.3,45,10,2,0.2,0.4,0.5061,0.1371,3
11,0.3,30,10,5,0.2,0.5,0.5061,0.1371,3
5,0.3,60,20,2,0.1,0.5,0.5061,0.1371,3
5,0.3,60,20,2,0.0,0.5,0.5061,0.1371,3
11,0.3,45,10,2,0.1,0.4,0.5061,0.1371,3
5,0.3,60,10,2,0.1,0.5,0.5061,0.1371,3
5,0.3,60,10,2,0.0,0.5,0.5061,0.1371,3
11,0.3,30,10,2,0.2,0.5,0.5061,0.1371,3
11,0.3,30,10,2,0.1,0.5,0.5061,0.1371,3
11,0.3,30,10,2,0.0,0.5,0.5061,0.1371,3
11,0.3,30,10,5,0.0,0.5,0.5061,0.1371,3
11,0.3,30,10,3,0.2,0.5,0.5061,0.1371,3
11,0.3,30,10,3,0.1,0.5,0.5061,0.1371,3
11,0.3,30,10,3,0.0,0.5,0.5061,0.1371,3
5,0.3,60,20,5,0.0,0.5,0.5061,0.1371,3
5,0.3,60,20,5,0.1,0.5,0.5061,0.1371,3
5,0.3,60,20,5,0.2,0.5,0.5061,0.1371,3
5,0.3,60,20,3,0.0,0.5,0.5061,0.1371,3
5,0.3,60,20,3,0.1,0.5,0.5061,0.1371,3
11,0.5,30,10,3,0.1,0.4,0.5055,0.1854,3
7,0.3,60,30,2,0.2,0.4,0.5055,0.1854,3
11,0.4,60,20,3,0.2,0.3,0.5055,0.1854,3
11,0.4,45,20,3,0.1,0.5,0.5055,0.1854,3
11,0.4,45,20,2,0.1,0.5,0.5055,0.1854,3
7,0.5,45,10,5,0.1,0.5,0.5055,0.1854,3
7,0.5,45,10,5,0.1,0.4,0.5055,0.1854,3
7,0.5,45,10,5,0.1,0.3,0.5055,0.1854,3
15,0.3,60,30,5,0.0,0.4,0.5055,0.1854,3
15,0.3,60,30,3,0.2,0.4,0.5055,0.1854,3
15,0.3,60,30,3,0.1,0.4,0.5055,0.1854,3
15,0.3,60,30,3,0.0,0.4,0.5055,0.1854,3
15,0.3,60,30,2,0.2,0.4,0.5055,0.1854,3
11,0.4,90,20,5,0.1,0.4,0.5055,0.1854,3
11,0.4,90,20,5,0.1,0.3,0.5055,0.1854,3
11,0.4,60,20,3,0.2,0.4,0.5055,0.1854,3
11,0.4,60,20,5,0.2,0.5,0.5055,0.1854,3
11,0.4,60,20,5,0.2,0.4,0.5055,0.1854,3
11,0.5,60,10,2,0.1,0.5,0.5055,0.1854,3
11,0.5,60,10,2,0.1,0.4,0.5055,0.1854,3
11,0.5,60,10,2,0.1,0.3,0.5055,0.1854,3
11,0.5,60,10,2,0.0,0.5,0.5055,0.1854,3
11,0.5,60,10,2,0.0,0.4,0.5055,0.1854,3
11,0.5,60,10,2,0.0,0.3,0.5055,0.1854,3
7,0.5,45,10,2,0.1,0.4,0.5055,0.1854,3
7,0.5,45,10,3,0.1,0.5,0.5055,0.1854,3
7,0.5,45,10,3,0.1,0.4,0.5055,0.1854,3
7,0.5,45,10,3,0.1,0.3,0.5055,0.1854,3
11,0.5,60,10,3,0.1,0.3,0.5055,0.1854,3
11,0.5,60,10,3,0.0,0.5,0.5055,0.1854,3
11,0.4,60,20,3,0.2,0.5,0.5055,0.1854,3
15,0.3,45,30,3,0.1,0.4,0.5055,0.1854,3
15,0.3,45,30,3,0.0,0.4,0.5055,0.1854,3
11,0.5,60,10,3,0.0,0.4,0.5055,0.1854,3
11,0.5,60,10,3,0.0,0.3,0.5055,0.1854,3
7,0.5,45,10,2,0.0,0.3,0.5055,0.1854,3
7,0.5,45,10,5,0.0,0.4,0.5055,0.1854,3
7,0.5,45,10,5,0.0,0.3,0.5055,0.1854,3
7,0.5,60,10,2,0.2,0.5,0.5055,0.1854,3
7,0.5,60,10,2,0.2,0.4,0.5055,0.1854,3
7,0.5,60,10,2,0.2,0.3,0.5055,0.1854,3
7,0.5,60,10,5,0.2,0.3,0.5055,0.1854,3
15,0.3,45,30,5,0.1,0.4,0.5055,0.1854,3
15,0.3,45,30,5,0.0,0.4,0.5055,0.1854,3
11,0.5,60,10,3,0.1,0.5,0.5055,0.1854,3
7,0.5,45,10,5,0.0,0.5,0.5055,0.1854,3
7,0.5,45,20,3,0.0,0.5,0.5055,0.1854,3
7,0.5,45,20,3,0.0,0.4,0.5055,0.1854,3
7,0.5,45,20,3,0.0,0.3,0.5055,0.1854,3
15,0.3,60,30,2,0.1,0.4,0.5055,0.1854,3
15,0.3,60,30,2,0.0,0.4,0.5055,0.1854,3
7,0.5,45,20,3,0.1,0.3,0.5055,0.1854,3
7,0.5,45,20,5,0.1,0.5,0.5055,0.1854,3
7,0.5,45,10,3,0.0,0.5,0.5055,0.1854,3
7,0.5,45,10,3,0.0,0.4,0.5055,0.1854,3
7,0.5,45,20,2,0.0,0.5,0.5055,0.1854,3
7,0.5,45,20,2,0.0,0.4,0.5055,0.1854,3
7,0.5,45,20,2,0.0,0.3,0.5055,0.1854,3
11,0.5,60,10,3,0.1,0.4,0.5055,0.1854,3
7,0.5,45,10,2,0.1,0.5,0.5055,0.1854,3
11,0.4,90,20,3,0.1,0.3,0.5055,0.1854,3
15,0.3,45,30,5,0.2,0.4,0.5055,0.1854,3
15,0.3,45,30,2,0.1,0.4,0.5055,0.1854,3
7,0.5,60,10,3,0.2,0.5,0.5055,0.1854,3
7,0.5,60,10,3,0.2,0.4,0.5055,0.1854,3
7,0.5,60,10,3,0.2,0.3,0.5055,0.1854,3
7,0.5,45,10,2,0.1,0.3,0.5055,0.1854,3
7,0.5,45,10,2,0.0,0.5,0.5055,0.1854,3
7,0.5,45,10,2,0.0,0.4,0.5055,0.1854,3
7,0.5,45,10,3,0.0,0.3,0.5055,0.1854,3
11,0.4,90,20,3,0.0,0.3,0.5055,0.1854,3
11,0.4,90,20,3,0.0,0.4,0.5055,0.1854,3
15,0.3,45,30,3,0.2,0.4,0.5055,0.1854,3
7,0.5,60,10,5,0.2,0.5,0.5055,0.1854,3
7,0.5,60,10,5,0.2,0.4,0.5055,0.1854,3
7,0.5,60,20,3,0.2,0.5,0.5055,0.1854,3
7,0.5,60,20,3,0.2,0.4,0.5055,0.1854,3
11,0.5,30,10,2,0.0,0.5,0.5055,0.1854,3
11,0.5,30,10,2,0.0,0.4,0.5055,0.1854,3
11,0.5,30,10,2,0.0,0.3,0.5055,0.1854,3
11,0.4,60,20,5,0.0,0.5,0.5055,0.1854,3
15,0.3,45,30,2,0.2,0.4,0.5055,0.1854,3
11,0.4,90,20,3,0.1,0.4,0.5055,0.1854,3
11,0.4,45,20,5,0.0,0.5,0.5055,0.1854,3
11,0.4,45,20,3,0.2,0.5,0.5055,0.1854,3
11,0.4,45,20,3,0.2,0.4,0.5055,0.1854,3
11,0.4,45,20,5,0.2,0.5,0.5055,0.1854,3
7,0.5,60,20,2,0.2,0.4,0.5055,0.1854,3
7,0.5,60,20,2,0.2,0.3,0.5055,0.1854,3
11,0.5,60,10,5,0.1,0.5,0.5055,0.1854,3
7,0.5,60,20,3,0.2,0.3,0.5055,0.1854,3
11,0.5,60,10,5,0.1,0.4,0.5055,0.1854,3
11,0.5,60,10,5,0.1,0.3,0.5055,0.1854,3
11,0.5,60,10,5,0.0,0.5,0.5055,0.1854,3
11,0.5,60,10,5,0.0,0.4,0.5055,0.1854,3
11,0.5,60,10,5,0.0,0.3,0.5055,0.1854,3
7,0.5,60,20,2,0.2,0.5,0.5055,0.1854,3
7,0.5,60,20,5,0.2,0.5,0.5055,0.1854,3
7,0.5,60,20,5,0.2,0.4,0.5055,0.1854,3
7,0.5,60,20,5,0.2,0.3,0.5055,0.1854,3
5,0.5,60,20,5,0.0,0.4,0.5055,0.1854,3
11,0.4,90,20,2,0.1,0.4,0.5055,0.1854,3
11,0.4,90,20,2,0.1,0.3,0.5055,0.1854,3
11,0.4,90,20,2,0.0,0.4,0.5055,0.1854,3
11,0.4,90,20,2,0.0,0.3,0.5055,0.1854,3
5,0.5,60,20,3,0.2,0.4,0.5055,0.1854,3
5,0.5,60,20,3,0.2,0.3,0.5055,0.1854,3
5,0.5,60,20,3,0.1,0.6,0.5055,0.1854,3
5,0.5,60,20,5,0.2,0.6,0.5055,0.1854,3
7,0.3,60,30,5,0.0,0.4,0.5055,0.1854,3
15,0.3,60,30,5,0.2,0.4,0.5055,0.1854,3
15,0.3,60,30,5,0.1,0.4,0.5055,0.1854,3
11,0.5,45,10,3,0.1,0.4,0.5055,0.1854,3
11,0.5,45,10,3,0.1,0.3,0.5055,0.1854,3
11,0.5,45,10,3,0.0,0.5,0.5055,0.1854,3
7,0.5,45,20,2,0.1,0.5,0.5055,0.1854,3
7,0.5,45,20,2,0.1,0.4,0.5055,0.1854,3
7,0.5,45,20,2,0.1,0.3,0.5055,0.1854,3
11,0.5,45,10,2,0.1,0.5,0.5055,0.1854,3
11,0.5,45,10,2,0.1,0.4,0.5055,0.1854,3
11,0.5,45,10,2,0.1,0.3,0.5055,0.1854,3
11,0.5,45,10,2,0.0,0.5,0.5055,0.1854,3
11,0.5,45,10,2,0.0,0.4,0.5055,0.1854,3
11,0.5,45,10,2,0.0,0.3,0.5055,0.1854,3
11,0.4,90,20,5,0.0,0.4,0.5055,0.1854,3
11,0.4,90,20,5,0.0,0.3,0.5055,0.1854,3
5,0.5,60,20,5,0.2,0.4,0.5055,0.1854,3
5,0.5,60,20,5,0.2,0.3,0.5055,0.1854,3
15,0.3,45,30,2,0.0,0.4,0.5055,0.1854,3
11,0.5,90,10,2,0.0,0.3,0.5055,0.1854,3
5,0.5,60,20,2,0.1,0.4,0.5055,0.1854,3
5,0.5,60,20,2,0.1,0.3,0.5055,0.1854,3
5,0.5,60,20,2,0.0,0.6,0.5055,0.1854,3
5,0.5,60,20,5,0.1,0.6,0.5055,0.1854,3
5,0.5,60,20,5,0.1,0.5,0.5055,0.1854,3
5,0.5,60,20,5,0.1,0.4,0.5055,0.1854,3
5,0.5,60,20,5,0.1,0.3,0.5055,0.1854,3
5,0.5,60,20,5,0.0,0.6,0.5055,0.1854,3
5,0.5,60,20,5,0.0,0.5,0.5055,0.1854,3
11,0.4,45,20,3,0.0,0.5,0.5055,0.1854,3
11,0.4,45,20,2,0.2,0.5,0.5055,0.1854,3
11,0.4,45,20,2,0.2,0.4,0.5055,0.1854,3
11,0.5,30,10,5,0.0,0.3,0.5055,0.1854,3
7,0.3,60,30,3,0.0,0.4,0.5055,0.1854,3
11,0.4,60,20,3,0.0,0.5,0.5055,0.1854,3
5,0.5,60,20,5,0.2,0.5,0.5055,0.1854,3
11,0.5,30,10,2,0.1,0.5,0.5055,0.1854,3
11,0.5,30,10,2,0.1,0.4,0.5055,0.1854,3
11,0.5,30,10,2,0.1,0.3,0.5055,0.1854,3
5,0.5,60,20,5,0.0,0.3,0.5055,0.1854,3
5,0.5,60,20,3,0.2,0.6,0.5055,0.1854,3
5,0.5,60,20,3,0.2,0.5,0.5055,0.1854,3
11,0.5,90,10,2,0.1,0.5,0.5055,0.1854,3
11,0.5,90,10,2,0.1,0.4,0.5055,0.1854,3
11,0.5,90,10,2,0.1,0.3,0.5055,0.1854,3
11,0.5,90,10,2,0.0,0.5,0.5055,0.1854,3
11,0.5,90,10,2,0.0,0.4,0.5055,0.1854,3
11,0.5,90,10,3,0.1,0.5,0.5055,0.1854,3
5,0.5,60,20,3,0.1,0.5,0.5055,0.1854,3
5,0.5,60,20,3,0.1,0.4,0.5055,0.1854,3
5,0.5,60,20,3,0.1,0.3,0.5055,0.1854,3
5,0.5,60,20,3,0.0,0.6,0.5055,0.1854,3
5,0.5,60,20,3,0.0,0.5,0.5055,0.1854,3
5,0.5,60,20,3,0.0,0.4,0.5055,0.1854,3
5,0.5,60,20,3,0.0,0.3,0.5055,0.1854,3
5,0.5,60,20,2,0.2,0.6,0.5055,0.1854,3
5,0.5,60,20,2,0.2,0.5,0.5055,0.1854,3
5,0.5,60,20,2,0.2,0.4,0.5055,0.1854,3
5,0.5,45,20,3,0.0,0.5,0.5055,0.1854,3
5,0.5,45,20,3,0.0,0.4,0.5055,0.1854,3
5,0.5,45,20,3,0.0,0.3,0.5055,0.1854,3
5,0.5,45,20,5,0.1,0.3,0.5055,0.1854,3
5,0.5,45,20,5,0.0,0.6,0.5055,0.1854,3
5,0.5,60,20,2,0.2,0.3,0.5055,0.1854,3
5,0.5,60,20,2,0.1,0.6,0.5055,0.1854,3
5,0.5,60,20,2,0.1,0.5,0.5055,0.1854,3
11,0.5,90,10,3,0.1,0.4,0.5055,0.1854,3
11,0.5,90,10,3,0.1,0.3,0.5055,0.1854,3
11,0.5,90,10,3,0.0,0.5,0.5055,0.1854,3
11,0.5,90,10,3,0.0,0.4,0.5055,0.1854,3
11,0.5,90,10,3,0.0,0.3,0.5055,0.1854,3
11,0.5,45,10,3,0.0,0.4,0.5055,0.1854,3
11,0.5,45,10,3,0.0,0.3,0.5055,0.1854,3
11,0.5,45,10,5,0.1,0.5,0.5055,0.1854,3
11,0.5,45,10,5,0.1,0.4,0.5055,0.1854,3
11,0.5,45,10,5,0.1,0.3,0.5055,0.1854,3
11,0.5,45,10,5,0.0,0.5,0.5055,0.1854,3
11,0.5,45,10,5,0.0,0.4,0.5055,0.1854,3
11,0.5,45,10,5,0.0,0.3,0.5055,0.1854,3
11,0.5,45,10,3,0.1,0.5,0.5055,0.1854,3
7,0.5,45,20,5,0.1,0.4,0.5055,0.1854,3
7,0.5,45,20,5,0.1,0.3,0.5055,0.1854,3
11,0.5,90,10,5,0.1,0.5,0.5055,0.1854,3
11,0.5,90,10,5,0.1,0.4,0.5055,0.1854,3
11,0.5,90,10,5,0.1,0.3,0.5055,0.1854,3
11,0.5,90,10,5,0.0,0.5,0.5055,0.1854,3
5,0.5,45,20,5,0.1,0.6,0.5055,0.1854,3
5,0.5,45,20,5,0.1,0.5,0.5055,0.1854,3
5,0.5,45,20,5,0.1,0.4,0.5055,0.1854,3
5,0.5,60,20,2,0.0,0.5,0.5055,0.1854,3
5,0.5,60,20,2,0.0,0.4,0.5055,0.1854,3
5,0.5,60,20,2,0.0,0.3,0.5055,0.1854,3
5,0.5,45,20,3,0.0,0.6,0.5055,0.1854,3
5,0.5,45,20,2,0.1,0.6,0.5055,0.1854,3
5,0.5,45,20,2,0.1,0.5,0.5055,0.1854,3
5,0.5,45,20,2,0.1,0.4,0.5055,0.1854,3
5,0.5,45,20,2,0.1,0.3,0.5055,0.1854,3
5,0.5,45,20,2,0.0,0.6,0.5055,0.1854,3
5,0.5,45,20,2,0.0,0.5,0.5055,0.1854,3
11,0.5,90,10,5,0.0,0.4,0.5055,0.1854,3
11,0.5,90,10,5,0.0,0.3,0.5055,0.1854,3
5,0.5,45,20,5,0.0,0.3,0.5055,0.1854,3
5,0.5,45,20,3,0.1,0.6,0.5055,0.1854,3
5,0.5,45,20,3,0.1,0.5,0.5055,0.1854,3
5,0.5,45,20,5,0.0,0.5,0.5055,0.1854,3
5,0.5,45,20,5,0.0,0.4,0.5055,0.1854,3
5,0.5,45,20,3,0.1,0.4,0.5055,0.1854,3
5,0.5,45,20,3,0.1,0.3,0.5055,0.1854,3
11,0.5,30,10,5,0.1,0.5,0.5055,0.1854,3
11,0.5,30,10,5,0.1,0.4,0.5055,0.1854,3
11,0.5,30,10,5,0.1,0.3,0.5055,0.1854,3
11,0.5,30,10,5,0.0,0.5,0.5055,0.1854,3
11,0.5,30,10,5,0.0,0.4,0.5055,0.1854,3
11,0.4,60,20,2,0.0,0.5,0.5055,0.1854,3
5,0.5,45,20,2,0.0,0.4,0.5055,0.1854,3
5,0.5,45,20,2,0.0,0.3,0.5055,0.1854,3
11,0.4,60,20,2,0.2,0.5,0.5055,0.1854,3
11,0.4,60,20,2,0.2,0.3,0.5055,0.1854,3
11,0.4,60,20,2,0.1,0.5,0.5055,0.1854,3
11,0.4,60,20,3,0.1,0.5,0.5055,0.1854,3
11,0.4,45,20,2,0.2,0.3,0.5055,0.1854,3
11,0.4,45,20,5,0.2,0.4,0.5055,0.1854,3
11,0.4,45,20,5,0.2,0.3,0.5055,0.1854,3
11,0.4,45,20,5,0.1,0.5,0.5055,0.1854,3
11,0.5,30,10,3,0.1,0.5,0.5055,0.1854,3
11,0.5,30,10,3,0.1,0.3,0.5055,0.1854,3
11,0.5,30,10,3,0.0,0.5,0.5055,0.1854,3
11,0.4,45,20,2,0.0,0.5,0.5055,0.1854,3
11,0.4,45,20,3,0.2,0.3,0.5055,0.1854,3
7,0.3,60,30,3,0.2,0.4,0.5055,0.1854,3
7,0.3,60,30,3,0.1,0.4,0.5055,0.1854,3
7,0.5,45,20,5,0.0,0.5,0.5055,0.1854,3
7,0.3,60,30,5,0.2,0.4,0.5055,0.1854,3
7,0.3,60,30,2,0.1,0.4,0.5055,0.1854,3
7,0.3,60,30,5,0.1,0.4,0.5055,0.1854,3
11,0.4,60,20,5,0.2,0.3,0.5055,0.1854,3
11,0.4,60,20,5,0.1,0.5,0.5055,0.1854,3
11,0.5,30,10,3,0.0,0.4,0.5055,0.1854,3
11,0.5,30,10,3,0.0,0.3,0.5055,0.1854,3
11,0.4,60,20,2,0.2,0.4,0.5055,0.1854,3
7,0.5,45,20,5,0.0,0.4,0.5055,0.1854,3
7,0.5,45,20,5,0.0,0.3,0.5055,0.1854,3
7,0.5,45,20,3,0.1,0.5,0.5055,0.1854,3
7,0.5,45,20,3,0.1,0.4,0.5055,0.1854,3
7,0.3,60,30,2,0.0,0.4,0.5055,0.1854,3
7,0.3,90,30,5,0.0,0.4,0.5049,0.1848,3
7,0.3,90,30,5,0.0,0.5,0.5049,0.1848,3
7,0.3,90,30,5,0.1,0.4,0.5049,0.1848,3
7,0.3,90,30,5,0.1,0.5,0.5049,0.1848,3
7,0.3,90,30,2,0.1,0.5,0.5049,0.1848,3
7,0.3,90,30,3,0.0,0.4,0.5049,0.1848,3
7,0.3,90,30,3,0.0,0.5,0.5049,0.1848,3
7,0.3,90,30,3,0.1,0.4,0.5049,0.1848,3
7,0.3,90,30,3,0.1,0.5,0.5049,0.1848,3
7,0.3,90,30,2,0.0,0.4,0.5049,0.1848,3
7,0.3,90,30,2,0.0,0.5,0.5049,0.1848,3
7,0.3,90,30,2,0.1,0.4,0.5049,0.1848,3
11,0.4,20,10,3,0.0,0.4,0.5044,0.1277,3
11,0.4,20,10,2,0.0,0.4,0.5044,0.1277,3
11,0.4,20,10,3,0.0,0.3,0.5044,0.1277,3
11,0.4,20,10,2,0.1,0.4,0.5044,0.1277,3
11,0.4,20,10,2,0.1,0.3,0.5044,0.1277,3
11,0.4,20,10,5,0.0,0.3,0.5044,0.1277,3
11,0.4,20,10,2,0.0,0.3,0.5044,0.1277,3
11,0.4,20,10,5,0.1,0.3,0.5044,0.1277,3
11,0.4,20,10,5,0.1,0.4,0.5044,0.1277,3
11,0.4,20,10,5,0.0,0.4,0.5044,0.1277,3
11,0.4,20,10,3,0.1,0.3,0.5044,0.1277,3
11,0.4,20,10,3,0.1,0.4,0.5044,0.1277,3
7,0.4,30,20,5,0.0,0.3,0.5028,0.1465,3
7,0.4,30,20,3,0.0,0.5,0.5028,0.1465,3
7,0.4,30,20,5,0.2,0.4,0.5028,0.1465,3
7,0.4,30,20,2,0.0,0.5,0.5028,0.1465,3
7,0.4,30,20,3,0.2,0.4,0.5028,0.1465,3
7,0.4,30,20,3,0.0,0.4,0.5028,0.1465,3
7,0.4,30,20,2,0.2,0.3,0.5028,0.1465,3
7,0.4,30,20,2,0.1,0.4,0.5028,0.1465,3
7,0.4,30,20,5,0.0,0.5,0.5028,0.1465,3
7,0.4,30,20,3,0.2,0.5,0.5028,0.1465,3
7,0.4,30,20,5,0.0,0.4,0.5028,0.1465,3
7,0.4,30,20,5,0.2,0.3,0.5028,0.1465,3
7,0.4,30,20,5,0.1,0.5,0.5028,0.1465,3
7,0.4,30,20,2,0.0,0.4,0.5028,0.1465,3
7,0.4,30,20,3,0.1,0.4,0.5028,0.1465,3
7,0.4,30,20,3,0.1,0.3,0.5028,0.1465,3
7,0.4,30,20,3,0.2,0.3,0.5028,0.1465,3
7,0.4,30,20,3,0.1,0.5,0.5028,0.1465,3
7,0.4,30,20,2,0.2,0.5,0.5028,0.1465,3
7,0.4,30,20,2,0.2,0.4,0.5028,0.1465,3
7,0.4,30,20,5,0.1,0.3,0.5028,0.1465,3
7,0.4,30,20,3,0.0,0.3,0.5028,0.1465,3
7,0.4,30,20,2,0.1,0.3,0.5028,0.1465,3
7,0.4,30,20,2,0.0,0.3,0.5028,0.1465,3
7,0.4,30,20,2,0.1,0.5,0.5028,0.1465,3
7,0.4,30,20,5,0.1,0.4,0.5028,0.1465,3
7,0.4,30,20,5,0.2,0.5,0.5028,0.1465,3
7,0.4,45,20,5,0.1,0.6,0.5026,0.1447,3
7,0.4,45,20,5,0.0,0.6,0.5026,0.1447,3
7,0.4,45,20,3,0.2,0.6,0.5026,0.1447,3
7,0.3,30,20,3,0.0,0.6,0.5026,0.1447,3
7,0.3,45,20,3,0.1,0.6,0.5026,0.1447,3
7,0.4,45,20,2,0.0,0.6,0.5026,0.1447,3
7,0.3,45,20,3,0.0,0.6,0.5026,0.1447,3
7,0.3,45,20,2,0.2,0.6,0.5026,0.1447,3
7,0.4,45,20,3,0.1,0.6,0.5026,0.1447,3
7,0.4,45,20,5,0.2,0.6,0.5026,0.1447,3
7,0.3,30,20,3,0.1,0.6,0.5026,0.1447,3
7,0.4,45,20,3,0.0,0.6,0.5026,0.1447,3
7,0.4,45,20,2,0.2,0.6,0.5026,0.1447,3
7,0.3,30,20,2,0.1,0.6,0.5026,0.1447,3
7,0.3,30,20,5,0.2,0.6,0.5026,0.1447,3
7,0.3,30,20,5,0.1,0.6,0.5026,0.1447,3
7,0.3,30,20,3,0.2,0.6,0.5026,0.1447,3
7,0.3,30,20,2,0.0,0.6,0.5026,0.1447,3
7,0.4,45,20,2,0.1,0.6,0.5026,0.1447,3
7,0.3,30,20,2,0.2,0.6,0.5026,0.1447,3
7,0.3,30,20,5,0.0,0.6,0.5026,0.1447,3
7,0.3,45,20,2,0.0,0.6,0.5026,0.1447,3
7,0.3,45,20,3,0.2,0.6,0.5026,0.1447,3
7,0.3,45,20,5,0.2,0.6,0.5026,0.1447,3
7,0.3,45,20,5,0.1,0.6,0.5026,0.1447,3
7,0.3,45,20,2,0.1,0.6,0.5026,0.1447,3
7,0.3,45,20,5,0.0,0.6,0.5026,0.1447,3
15,0.4,45,10,3,0.2,0.5,0.5021,0.1443,3
15,0.4,45,10,3,0.1,0.5,0.5021,0.1443,3
15,0.4,45,10,5,0.2,0.5,0.5021,0.1443,3
15,0.4,45,10,5,0.0,0.5,0.5021,0.1443,3
15,0.4,45,10,2,0.2,0.5,0.5021,0.1443,3
15,0.4,45,10,3,0.0,0.5,0.5021,0.1443,3
7,0.4,60,10,2,0.0,0.6,0.5021,0.1443,3
15,0.4,45,10,5,0.1,0.5,0.5021,0.1443,3
15,0.3,30,20,2,0.0,0.5,0.5021,0.1443,3
15,0.4,60,10,2,0.2,0.5,0.5021,0.1443,3
15,0.3,30,20,2,0.2,0.5,0.5021,0.1443,3
15,0.3,45,20,2,0.1,0.5,0.5021,0.1443,3
15,0.3,45,20,5,0.1,0.5,0.5021,0.1443,3
15,0.3,45,20,5,0.0,0.5,0.5021,0.1443,3
15,0.3,45,20,3,0.2,0.5,0.5021,0.1443,3
15,0.3,30,20,2,0.1,0.5,0.5021,0.1443,3
15,0.3,45,20,2,0.2,0.5,0.5021,0.1443,3
15,0.3,45,20,5,0.2,0.5,0.5021,0.1443,3
15,0.3,45,20,3,0.1,0.5,0.5021,0.1443,3
15,0.3,45,20,3,0.0,0.5,0.5021,0.1443,3
15,0.4,60,10,5,0.0,0.5,0.5021,0.1443,3
15,0.3,45,20,2,0.0,0.5,0.5021,0.1443,3
15,0.3,30,20,5,0.1,0.5,0.5021,0.1443,3
15,0.4,45,10,2,0.1,0.5,0.5021,0.1443,3
15,0.4,45,10,2,0.0,0.5,0.5021,0.1443,3
7,0.4,60,10,3,0.1,0.6,0.5021,0.1443,3
15,0.3,30,20,3,0.0,0.5,0.5021,0.1443,3
15,0.3,30,20,3,0.1,0.5,0.5021,0.1443,3
15,0.4,60,10,3,0.0,0.5,0.5021,0.1443,3
15,0.4,60,10,2,0.1,0.5,0.5021,0.1443,3
15,0.4,60,10,5,0.1,0.5,0.5021,0.1443,3
15,0.4,60,10,5,0.2,0.5,0.5021,0.1443,3
15,0.4,90,10,3,0.1,0.5,0.5021,0.1443,3
15,0.4,90,10,5,0.1,0.5,0.5021,0.1443,3
15,0.4,90,10,5,0.0,0.5,0.5021,0.1443,3
15,0.4,90,10,3,0.2,0.5,0.5021,0.1443,3
15,0.4,90,10,3,0.0,0.5,0.5021,0.1443,3
15,0.4,90,10,2,0.2,0.5,0.5021,0.1443,3
15,0.4,60,10,3,0.2,0.5,0.5021,0.1443,3
15,0.4,60,10,3,0.1,0.5,0.5021,0.1443,3
15,0.4,90,10,5,0.2,0.5,0.5021,0.1443,3
15,0.4,90,10,2,0.1,0.5,0.5021,0.1443,3
15,0.3,20,20,5,0.1,0.5,0.5021,0.1443,3
15,0.4,90,10,2,0.0,0.5,0.5021,0.1443,3
15,0.3,20,20,5,0.2,0.5,0.5021,0.1443,3
15,0.3,20,20,5,0.0,0.5,0.5021,0.1443,3
15,0.3,20,20,3,0.2,0.5,0.5021,0.1443,3
7,0.4,60,10,3,0.2,0.6,0.5021,0.1443,3
15,0.3,30,20,5,0.2,0.5,0.5021,0.1443,3
7,0.4,60,10,5,0.2,0.6,0.5021,0.1443,3
7,0.4,60,10,5,0.1,0.6,0.5021,0.1443,3
7,0.4,60,10,5,0.0,0.6,0.5021,0.1443,3
15,0.3,20,20,3,0.1,0.5,0.5021,0.1443,3
15,0.3,20,20,3,0.0,0.5,0.5021,0.1443,3
15,0.3,20,20,2,0.1,0.5,0.5021,0.1443,3
15,0.3,20,20,2,0.0,0.5,0.5021,0.1443,3
15,0.3,60,20,5,0.2,0.5,0.5021,0.1443,3
15,0.3,60,20,5,0.1,0.5,0.5021,0.1443,3
15,0.3,60,20,2,0.0,0.5,0.5021,0.1443,3
15,0.3,20,20,2,0.2,0.5,0.5021,0.1443,3
15,0.3,60,20,5,0.0,0.5,0.5021,0.1443,3
15,0.3,60,20,3,0.2,0.5,0.5021,0.1443,3
15,0.3,60,20,3,0.1,0.5,0.5021,0.1443,3
15,0.3,60,20,3,0.0,0.5,0.5021,0.1443,3
15,0.3,60,20,2,0.2,0.5,0.5021,0.1443,3
15,0.3,60,20,2,0.1,0.5,0.5021,0.1443,3
15,0.4,60,10,2,0.0,0.5,0.5021,0.1443,3
15,0.3,30,20,5,0.0,0.5,0.5021,0.1443,3
15,0.3,30,20,3,0.2,0.5,0.5021,0.1443,3
7,0.4,60,10,2,0.2,0.6,0.5021,0.1443,3
7,0.4,60,10,3,0.0,0.6,0.5021,0.1443,3
7,0.4,60,10,2,0.1,0.6,0.5021,0.1443,3
5,0.5,20,20,2,0.1,0.5,0.5018,0.1735,3
5,0.5,20,20,2,0.1,0.4,0.5018,0.1735,3
5,0.5,20,20,2,0.1,0.6,0.5018,0.1735,3
5,0.5,20,20,2,0.2,0.3,0.5018,0.1735,3
5,0.5,20,20,2,0.2,0.4,0.5018,0.1735,3
5,0.5,20,20,2,0.2,0.5,0.5018,0.1735,3
5,0.5,20,20,2,0.1,0.3,0.5018,0.1735,3
5,0.5,20,20,3,0.1,0.3,0.5018,0.1735,3
5,0.5,20,20,3,0.1,0.4,0.5018,0.1735,3
5,0.5,20,20,3,0.1,0.5,0.5018,0.1735,3
5,0.5,20,20,3,0.1,0.6,0.5018,0.1735,3
5,0.5,20,20,2,0.0,0.4,0.5018,0.1735,3
5,0.5,20,20,2,0.0,0.5,0.5018,0.1735,3
5,0.5,20,20,2,0.0,0.6,0.5018,0.1735,3
5,0.5,20,20,5,0.1,0.5,0.5018,0.1735,3
5,0.5,20,20,5,0.1,0.4,0.5018,0.1735,3
5,0.5,20,20,5,0.1,0.3,0.5018,0.1735,3
5,0.5,20,20,5,0.0,0.6,0.5018,0.1735,3
5,0.5,20,20,5,0.0,0.5,0.5018,0.1735,3
5,0.5,20,20,2,0.0,0.3,0.5018,0.1735,3
5,0.5,20,20,3,0.2,0.6,0.5018,0.1735,3
5,0.5,20,20,3,0.0,0.6,0.5018,0.1735,3
5,0.5,20,20,3,0.0,0.5,0.5018,0.1735,3
5,0.5,20,20,3,0.0,0.4,0.5018,0.1735,3
5,0.5,20,20,2,0.2,0.6,0.5018,0.1735,3
5,0.5,20,20,5,0.2,0.6,0.5018,0.1735,3
5,0.5,20,20,5,0.2,0.5,0.5018,0.1735,3
5,0.5,20,20,5,0.2,0.4,0.5018,0.1735,3
5,0.5,20,20,5,0.2,0.3,0.5018,0.1735,3
5,0.5,20,20,5,0.1,0.6,0.5018,0.1735,3
5,0.5,20,20,3,0.2,0.4,0.5018,0.1735,3
5,0.5,20,20,3,0.2,0.3,0.5018,0.1735,3
5,0.5,20,20,5,0.0,0.4,0.5018,0.1735,3
5,0.5,20,20,3,0.0,0.3,0.5018,0.1735,3
5,0.5,20,20,5,0.0,0.3,0.5018,0.1735,3
5,0.5,20,20,3,0.2,0.5,0.5018,0.1735,3
7,0.5,20,20,5,0.0,0.4,0.5018,0.1735,3
7,0.5,20,20,5,0.0,0.3,0.5018,0.1735,3
7,0.5,20,20,3,0.2,0.5,0.5018,0.1735,3
7,0.5,20,20,3,0.2,0.4,0.5018,0.1735,3
7,0.5,20,20,3,0.0,0.4,0.5018,0.1735,3
7,0.5,20,20,2,0.2,0.4,0.5018,0.1735,3
7,0.5,20,20,2,0.2,0.3,0.5018,0.1735,3
7,0.5,20,20,3,0.0,0.3,0.5018,0.1735,3
7,0.5,20,20,2,0.2,0.5,0.5018,0.1735,3
7,0.5,20,20,2,0.0,0.3,0.5018,0.1735,3
11,0.4,20,20,5,0.2,0.3,0.5018,0.1735,3
7,0.5,20,20,3,0.1,0.3,0.5018,0.1735,3
7,0.5,20,20,3,0.2,0.3,0.5018,0.1735,3
7,0.5,20,20,3,0.1,0.5,0.5018,0.1735,3
7,0.5,20,20,3,0.0,0.5,0.5018,0.1735,3
7,0.5,20,20,5,0.2,0.3,0.5018,0.1735,3
7,0.5,20,20,5,0.2,0.4,0.5018,0.1735,3
7,0.5,20,20,5,0.2,0.5,0.5018,0.1735,3
7,0.5,20,20,5,0.1,0.5,0.5018,0.1735,3
7,0.5,20,20,5,0.1,0.4,0.5018,0.1735,3
7,0.5,20,20,5,0.0,0.5,0.5018,0.1735,3
7,0.5,20,20,2,0.0,0.4,0.5018,0.1735,3
7,0.5,20,20,2,0.0,0.5,0.5018,0.1735,3
7,0.5,20,20,2,0.1,0.3,0.5018,0.1735,3
7,0.5,20,20,2,0.1,0.4,0.5018,0.1735,3
7,0.5,20,20,2,0.1,0.5,0.5018,0.1735,3
7,0.5,20,20,3,0.1,0.4,0.5018,0.1735,3
11,0.4,20,20,3,0.2,0.4,0.5018,0.1735,3
7,0.5,20,20,5,0.1,0.3,0.5018,0.1735,3
11,0.4,20,20,5,0.2,0.4,0.5018,0.1735,3
11,0.4,20,20,3,0.2,0.3,0.5018,0.1735,3
11,0.4,20,20,2,0.2,0.4,0.5018,0.1735,3
11,0.4,20,20,2,0.2,0.3,0.5018,0.1735,3
7,0.3,90,10,5,0.2,0.5,0.5011,0.1444,3
7,0.3,90,10,3,0.2,0.4,0.5011,0.1444,3
7,0.3,90,10,5,0.2,0.4,0.5011,0.1444,3
7,0.3,90,10,3,0.2,0.5,0.5011,0.1444,3
7,0.3,90,10,2,0.2,0.4,0.5011,0.1444,3
7,0.3,90,10,2,0.2,0.5,0.5011,0.1444,3
5,0.4,90,20,5,0.0,0.7,0.5005,0.1935,3
5,0.4,90,20,3,0.2,0.7,0.5005,0.1935,3
5,0.4,90,20,5,0.2,0.7,0.5005,0.1935,3
5,0.4,90,20,3,0.1,0.7,0.5005,0.1935,3
5,0.4,90,20,3,0.0,0.7,0.5005,0.1935,3
5,0.4,90,20,2,0.2,0.7,0.5005,0.1935,3
5,0.4,60,20,5,0.1,0.7,0.5005,0.1935,3
5,0.4,60,20,3,0.2,0.7,0.5005,0.1935,3
5,0.4,90,20,5,0.1,0.7,0.5005,0.1935,3
11,0.5,30,20,2,0.1,0.5,0.5005,0.1935,3
5,0.5,90,20,3,0.1,0.7,0.5005,0.1935,3
5,0.5,90,20,5,0.0,0.7,0.5005,0.1935,3
5,0.5,90,20,3,0.2,0.7,0.5005,0.1935,3
5,0.5,90,10,5,0.0,0.7,0.5005,0.1935,3
5,0.5,90,10,2,0.0,0.7,0.5005,0.1935,3
5,0.5,90,10,3,0.0,0.7,0.5005,0.1935,3
5,0.5,90,20,2,0.1,0.7,0.5005,0.1935,3
5,0.5,90,10,2,0.2,0.7,0.5005,0.1935,3
5,0.5,90,10,5,0.2,0.7,0.5005,0.1935,3
5,0.5,90,20,3,0.0,0.7,0.5005,0.1935,3
5,0.5,90,20,2,0.0,0.7,0.5005,0.1935,3
11,0.5,30,20,5,0.0,0.5,0.5005,0.1935,3
11,0.5,30,20,3,0.0,0.3,0.5005,0.1935,3
5,0.5,90,20,5,0.2,0.7,0.5005,0.1935,3
5,0.5,90,20,5,0.1,0.7,0.5005,0.1935,3
5,0.5,90,10,2,0.1,0.7,0.5005,0.1935,3
5,0.5,90,10,3,0.2,0.7,0.5005,0.1935,3
5,0.5,90,20,2,0.2,0.7,0.5005,0.1935,3
5,0.5,90,10,3,0.1,0.7,0.5005,0.1935,3
5,0.5,90,10,5,0.1,0.7,0.5005,0.1935,3
11,0.5,30,20,2,0.0,0.3,0.5005,0.1935,3
11,0.5,30,20,2,0.0,0.4,0.5005,0.1935,3
11,0.5,30,20,2,0.0,0.5,0.5005,0.1935,3
11,0.5,30,20,2,0.1,0.4,0.5005,0.1935,3
11,0.5,30,20,2,0.1,0.3,0.5005,0.1935,3
11,0.5,30,20,5,0.1,0.5,0.5005,0.1935,3
11,0.5,30,20,5,0.1,0.3,0.5005,0.1935,3
5,0.4,60,20,5,0.2,0.7,0.5005,0.1935,3
5,0.4,60,20,2,0.1,0.7,0.5005,0.1935,3
5,0.4,60,20,2,0.0,0.7,0.5005,0.1935,3
5,0.4,60,20,5,0.0,0.7,0.5005,0.1935,3
5,0.4,90,20,2,0.1,0.7,0.5005,0.1935,3
5,0.4,90,20,2,0.0,0.7,0.5005,0.1935,3
5,0.4,60,20,3,0.0,0.7,0.5005,0.1935,3
5,0.4,60,20,2,0.2,0.7,0.5005,0.1935,3
11,0.5,30,20,5,0.1,0.4,0.5005,0.1935,3
11,0.5,30,20,5,0.0,0.3,0.5005,0.1935,3
11,0.5,30,20,5,0.0,0.4,0.5005,0.1935,3
11,0.5,30,20,3,0.0,0.5,0.5005,0.1935,3
11,0.5,30,20,3,0.1,0.5,0.5005,0.1935,3
11,0.5,30,20,3,0.0,0.4,0.5005,0.1935,3
11,0.5,30,20,3,0.1,0.3,0.5005,0.1935,3
5,0.4,60,20,3,0.1,0.7,0.5005,0.1935,3
11,0.5,30,20,3,0.1,0.4,0.5005,0.1935,3
5,0.3,20,20,5,0.2,0.6,0.499,0.1327,3
5,0.3,20,20,5,0.0,0.6,0.499,0.1327,3
5,0.3,20,20,5,0.1,0.6,0.499,0.1327,3
5,0.3,20,20,3,0.2,0.6,0.499,0.1327,3
5,0.3,20,20,3,0.1,0.6,0.499,0.1327,3
5,0.4,30,10,5,0.2,0.6,0.499,0.1327,3
5,0.4,30,10,3,0.2,0.6,0.499,0.1327,3
5,0.4,30,10,3,0.1,0.6,0.499,0.1327,3
5,0.4,30,10,5,0.1,0.6,0.499,0.1327,3
5,0.4,30,10,5,0.0,0.6,0.499,0.1327,3
5,0.4,30,10,2,0.1,0.6,0.499,0.1327,3
5,0.4,30,10,3,0.0,0.6,0.499,0.1327,3
5,0.4,30,10,2,0.2,0.6,0.499,0.1327,3
5,0.3,20,20,2,0.1,0.6,0.499,0.1327,3
5,0.3,20,20,2,0.0,0.6,0.499,0.1327,3
5,0.3,20,20,3,0.0,0.6,0.499,0.1327,3
5,0.3,20,20,2,0.2,0.6,0.499,0.1327,3
5,0.4,30,10,2,0.0,0.6,0.499,0.1327,3
7,0.4,20,10,5,0.2,0.5,0.4982,0.132,3
7,0.4,20,10,3,0.2,0.5,0.4982,0.132,3
7,0.4,20,10,5,0.1,0.5,0.4982,0.132,3
7,0.4,20,10,3,0.0,0.5,0.4982,0.132,3
7,0.4,20,10,3,0.1,0.5,0.4982,0.132,3
7,0.4,20,10,2,0.2,0.5,0.4982,0.132,3
7,0.4,20,10,2,0.1,0.5,0.4982,0.132,3
11,0.4,30,10,5,0.0,0.3,0.4982,0.132,3
11,0.4,30,10,5,0.0,0.4,0.4982,0.132,3
7,0.4,20,10,2,0.0,0.5,0.4982,0.132,3
7,0.4,20,10,5,0.0,0.5,0.4982,0.132,3
7,0.3,90,10,2,0.0,0.3,0.4982,0.132,3
7,0.3,90,10,2,0.1,0.3,0.4982,0.132,3
7,0.3,90,10,3,0.0,0.3,0.4982,0.132,3
7,0.3,90,10,3,0.1,0.3,0.4982,0.132,3
11,0.4,30,10,5,0.1,0.4,0.4982,0.132,3
7,0.3,90,10,5,0.1,0.3,0.4982,0.132,3
11,0.4,30,10,5,0.1,0.3,0.4982,0.132,3
7,0.3,90,10,5,0.0,0.3,0.4982,0.132,3
11,0.4,30,10,3,0.1,0.4,0.4982,0.132,3
11,0.4,30,10,3,0.1,0.3,0.4982,0.132,3
11,0.4,30,10,3,0.0,0.4,0.4982,0.132,3
11,0.4,30,10,3,0.0,0.3,0.4982,0.132,3
11,0.4,30,10,2,0.1,0.4,0.4982,0.132,3
11,0.4,30,10,2,0.1,0.3,0.4982,0.132,3
11,0.4,30,10,2,0.0,0.4,0.4982,0.132,3
11,0.4,30,10,2,0.0,0.3,0.4982,0.132,3
5,0.3,90,10,5,0.0,0.4,0.4976,0.1315,3
5,0.3,90,10,5,0.1,0.3,0.4976,0.1315,3
5,0.3,90,10,2,0.1,0.3,0.4976,0.1315,3
5,0.3,90,10,2,0.1,0.4,0.4976,0.1315,3
11,0.3,60,10,2,0.0,0.3,0.4976,0.1315,3
11,0.3,60,10,5,0.0,0.3,0.4976,0.1315,3
11,0.3,60,10,2,0.1,0.3,0.4976,0.1315,3
5,0.3,90,20,5,0.0,0.3,0.4976,0.1315,3
5,0.3,90,20,5,0.0,0.4,0.4976,0.1315,3
5,0.3,90,20,5,0.2,0.3,0.4976,0.1315,3
5,0.3,90,20,5,0.2,0.4,0.4976,0.1315,3
5,0.3,90,20,3,0.2,0.3,0.4976,0.1315,3
5,0.3,90,10,2,0.2,0.3,0.4976,0.1315,3
5,0.3,90,10,2,0.2,0.4,0.4976,0.1315,3
5,0.3,90,20,2,0.0,0.3,0.4976,0.1315,3
5,0.3,90,20,2,0.0,0.4,0.4976,0.1315,3
5,0.3,90,20,2,0.1,0.3,0.4976,0.1315,3
5,0.3,90,20,2,0.1,0.4,0.4976,0.1315,3
5,0.3,90,20,3,0.2,0.4,0.4976,0.1315,3
5,0.3,90,10,3,0.2,0.4,0.4976,0.1315,3
5,0.3,90,10,3,0.1,0.3,0.4976,0.1315,3
5,0.3,90,10,3,0.1,0.4,0.4976,0.1315,3
5,0.3,90,10,3,0.2,0.3,0.4976,0.1315,3
5,0.3,90,20,3,0.0,0.4,0.4976,0.1315,3
5,0.3,90,20,3,0.1,0.3,0.4976,0.1315,3
5,0.3,90,20,3,0.1,0.4,0.4976,0.1315,3
5,0.3,90,10,5,0.1,0.4,0.4976,0.1315,3
5,0.3,90,10,5,0.2,0.3,0.4976,0.1315,3
5,0.3,90,10,5,0.2,0.4,0.4976,0.1315,3
5,0.3,90,20,5,0.1,0.3,0.4976,0.1315,3
5,0.3,90,20,5,0.1,0.4,0.4976,0.1315,3
5,0.3,90,20,2,0.2,0.3,0.4976,0.1315,3
5,0.3,90,20,2,0.2,0.4,0.4976,0.1315,3
5,0.4,45,10,3,0.1,0.5,0.4976,0.1315,3
5,0.3,90,20,3,0.0,0.3,0.4976,0.1315,3
5,0.3,90,10,5,0.0,0.3,0.4976,0.1315,3
5,0.4,45,10,3,0.0,0.5,0.4976,0.1315,3
5,0.4,45,10,2,0.0,0.5,0.4976,0.1315,3
11,0.3,60,10,3,0.0,0.3,0.4976,0.1315,3
5,0.4,45,10,2,0.1,0.5,0.4976,0.1315,3
5,0.3,90,10,3,0.0,0.3,0.4976,0.1315,3
5,0.3,90,10,3,0.0,0.4,0.4976,0.1315,3
5,0.3,90,10,2,0.0,0.3,0.4976,0.1315,3
5,0.3,90,10,2,0.0,0.4,0.4976,0.1315,3
5,0.4,45,10,5,0.0,0.5,0.4976,0.1315,3
5,0.4,45,10,5,0.1,0.5,0.4976,0.1315,3
11,0.3,60,10,3,0.1,0.3,0.4976,0.1315,3
11,0.3,60,10,5,0.1,0.3,0.4976,0.1315,3
7,0.3,45,10,2,0.2,0.5,0.4973,0.1313,3
7,0.3,45,10,3,0.0,0.5,0.4973,0.1313,3
5,0.3,45,20,3,0.1,0.5,0.4973,0.1313,3
5,0.4,45,10,2,0.2,0.3,0.4973,0.1313,3
5,0.4,45,10,2,0.2,0.4,0.4973,0.1313,3
5,0.3,45,20,2,0.1,0.5,0.4973,0.1313,3
5,0.3,45,20,2,0.0,0.5,0.4973,0.1313,3
5,0.3,45,20,2,0.2,0.5,0.4973,0.1313,3
5,0.4,45,10,5,0.2,0.3,0.4973,0.1313,3
5,0.4,45,10,5,0.2,0.4,0.4973,0.1313,3
5,0.3,45,20,5,0.0,0.5,0.4973,0.1313,3
7,0.3,45,10,3,0.1,0.5,0.4973,0.1313,3
7,0.3,45,10,3,0.2,0.5,0.4973,0.1313,3
7,0.3,45,10,5,0.2,0.5,0.4973,0.1313,3
7,0.3,45,10,5,0.0,0.5,0.4973,0.1313,3
7,0.3,45,10,5,0.1,0.5,0.4973,0.1313,3
7,0.3,45,10,2,0.1,0.5,0.4973,0.1313,3
5,0.3,45,20,3,0.0,0.5,0.4973,0.1313,3
5,0.4,45,10,3,0.2,0.3,0.4973,0.1313,3
7,0.3,45,10,2,0.0,0.5,0.4973,0.1313,3
5,0.3,45,20,3,0.2,0.5,0.4973,0.1313,3
7,0.3,30,10,5,0.2,0.5,0.4973,0.1313,3
5,0.4,45,10,3,0.2,0.4,0.4973,0.1313,3
11,0.3,30,10,2,0.1,0.4,0.4973,0.1313,3
11,0.3,30,10,2,0.2,0.4,0.4973,0.1313,3
11,0.3,30,10,3,0.0,0.4,0.4973,0.1313,3
11,0.3,30,10,3,0.1,0.4,0.4973,0.1313,3
11,0.3,30,10,3,0.2,0.4,0.4973,0.1313,3
11,0.3,30,10,5,0.0,0.4,0.4973,0.1313,3
11,0.3,30,10,2,0.0,0.4,0.4973,0.1313,3
11,0.3,30,10,5,0.2,0.4,0.4973,0.1313,3
11,0.3,30,10,5,0.1,0.4,0.4973,0.1313,3
7,0.3,30,10,2,0.1,0.5,0.4973,0.1313,3
7,0.3,30,10,5,0.0,0.5,0.4973,0.1313,3
7,0.3,30,10,5,0.1,0.5,0.4973,0.1313,3
7,0.3,30,10,3,0.2,0.5,0.4973,0.1313,3
7,0.3,30,10,2,0.0,0.5,0.4973,0.1313,3
5,0.3,45,20,5,0.2,0.5,0.4973,0.1313,3
7,0.3,30,10,2,0.2,0.5,0.4973,0.1313,3
7,0.3,30,10,3,0.0,0.5,0.4973,0.1313,3
7,0.3,30,10,3,0.1,0.5,0.4973,0.1313,3
5,0.3,45,20,5,0.1,0.5,0.4973,0.1313,3
7,0.3,90,20,2,0.2,0.6,0.496,0.1513,3
7,0.3,90,20,5,0.2,0.6,0.496,0.1513,3
7,0.3,90,20,3,0.2,0.6,0.496,0.1513,3
15,0.3,30,20,5,0.1,0.6,0.4958,0.1799,3
7,0.6,20,10,3,0.1,0.7,0.4958,0.1799,3
7,0.6,20,10,3,0.2,0.3,0.4958,0.1799,3
7,0.6,20,10,3,0.2,0.4,0.4958,0.1799,3
7,0.6,20,10,2,0.0,0.3,0.4958,0.1799,3
7,0.6,20,10,2,0.0,0.4,0.4958,0.1799,3
7,0.6,20,10,2,0.0,0.5,0.4958,0.1799,3
7,0.6,20,10,2,0.0,0.6,0.4958,0.1799,3
7,0.4,60,20,2,0.1,0.7,0.4958,0.1799,3
7,0.4,60,20,2,0.2,0.7,0.4958,0.1799,3
15,0.4,30,20,2,0.2,0.5,0.4958,0.1799,3
15,0.4,30,20,2,0.2,0.6,0.4958,0.1799,3
5,0.6,60,10,3,0.2,0.5,0.4958,0.1799,3
5,0.6,60,10,3,0.2,0.6,0.4958,0.1799,3
5,0.6,60,10,3,0.2,0.7,0.4958,0.1799,3
7,0.6,60,10,3,0.2,0.3,0.4958,0.1799,3
7,0.6,60,10,3,0.2,0.4,0.4958,0.1799,3
7,0.6,60,10,3,0.2,0.5,0.4958,0.1799,3
7,0.6,60,10,2,0.2,0.4,0.4958,0.1799,3
7,0.6,60,10,2,0.2,0.5,0.4958,0.1799,3
7,0.6,60,10,2,0.2,0.6,0.4958,0.1799,3
7,0.6,60,10,2,0.2,0.7,0.4958,0.1799,3
5,0.6,60,10,5,0.2,0.3,0.4958,0.1799,3
5,0.6,60,10,5,0.2,0.4,0.4958,0.1799,3
5,0.6,60,10,5,0.2,0.5,0.4958,0.1799,3
5,0.6,60,10,5,0.2,0.6,0.4958,0.1799,3
5,0.6,60,10,5,0.2,0.7,0.4958,0.1799,3
15,0.3,20,30,2,0.2,0.6,0.4958,0.1799,3
7,0.6,60,20,3,0.2,0.5,0.4958,0.1799,3
7,0.6,60,20,3,0.2,0.6,0.4958,0.1799,3
7,0.6,60,20,3,0.2,0.7,0.4958,0.1799,3
7,0.6,60,20,5,0.2,0.3,0.4958,0.1799,3
5,0.6,60,10,2,0.2,0.3,0.4958,0.1799,3
5,0.6,60,10,2,0.2,0.4,0.4958,0.1799,3
7,0.6,60,20,2,0.2,0.6,0.4958,0.1799,3
7,0.6,60,20,2,0.2,0.7,0.4958,0.1799,3
7,0.6,60,10,5,0.2,0.3,0.4958,0.1799,3
7,0.6,60,10,5,0.2,0.4,0.4958,0.1799,3
7,0.6,60,10,5,0.2,0.5,0.4958,0.1799,3
7,0.6,60,10,5,0.2,0.6,0.4958,0.1799,3
7,0.6,60,10,5,0.2,0.7,0.4958,0.1799,3
5,0.6,60,10,3,0.2,0.3,0.4958,0.1799,3
5,0.6,60,10,3,0.2,0.4,0.4958,0.1799,3
15,0.3,30,30,3,0.0,0.6,0.4958,0.1799,3
11,0.4,45,20,3,0.2,0.6,0.4958,0.1799,3
7,0.4,60,10,5,0.2,0.7,0.4958,0.1799,3
7,0.4,60,20,2,0.0,0.7,0.4958,0.1799,3
7,0.6,20,10,2,0.2,0.4,0.4958,0.1799,3
7,0.6,20,10,2,0.2,0.5,0.4958,0.1799,3
7,0.6,20,10,2,0.2,0.6,0.4958,0.1799,3
7,0.6,20,10,2,0.2,0.7,0.4958,0.1799,3
7,0.6,20,10,3,0.0,0.3,0.4958,0.1799,3
7,0.6,20,10,3,0.0,0.4,0.4958,0.1799,3
7,0.6,20,10,3,0.0,0.5,0.4958,0.1799,3
7,0.6,20,10,3,0.0,0.6,0.4958,0.1799,3
7,0.6,60,10,3,0.2,0.6,0.4958,0.1799,3
15,0.3,20,30,2,0.0,0.6,0.4958,0.1799,3
15,0.3,20,30,2,0.1,0.6,0.4958,0.1799,3
7,0.6,20,10,5,0.1,0.7,0.4958,0.1799,3
15,0.3,30,30,2,0.2,0.6,0.4958,0.1799,3
15,0.3,20,20,5,0.1,0.6,0.4958,0.1799,3
7,0.6,60,20,5,0.2,0.4,0.4958,0.1799,3
7,0.6,60,20,5,0.2,0.5,0.4958,0.1799,3
7,0.6,60,20,5,0.2,0.6,0.4958,0.1799,3
7,0.6,60,20,5,0.2,0.7,0.4958,0.1799,3
15,0.3,20,20,5,0.2,0.6,0.4958,0.1799,3
5,0.6,60,10,2,0.2,0.5,0.4958,0.1799,3
5,0.6,60,10,2,0.2,0.6,0.4958,0.1799,3
5,0.6,60,10,2,0.2,0.7,0.4958,0.1799,3
7,0.6,60,20,2,0.2,0.3,0.4958,0.1799,3
7,0.6,60,20,2,0.2,0.4,0.4958,0.1799,3
7,0.6,60,20,2,0.2,0.5,0.4958,0.1799,3
7,0.6,60,20,3,0.2,0.3,0.4958,0.1799,3
7,0.6,60,20,3,0.2,0.4,0.4958,0.1799,3
15,0.3,20,20,3,0.2,0.6,0.4958,0.1799,3
15,0.3,20,20,5,0.0,0.6,0.4958,0.1799,3
15,0.4,60,20,2,0.0,0.5,0.4958,0.1799,3
7,0.4,60,20,3,0.2,0.7,0.4958,0.1799,3
11,0.4,45,20,5,0.2,0.6,0.4958,0.1799,3
7,0.6,20,10,2,0.0,0.7,0.4958,0.1799,3
7,0.6,20,10,2,0.1,0.3,0.4958,0.1799,3
7,0.6,20,10,2,0.1,0.4,0.4958,0.1799,3
7,0.6,20,10,2,0.1,0.5,0.4958,0.1799,3
7,0.6,20,10,2,0.1,0.6,0.4958,0.1799,3
7,0.6,20,10,2,0.1,0.7,0.4958,0.1799,3
7,0.6,20,10,2,0.2,0.3,0.4958,0.1799,3
7,0.6,20,10,5,0.1,0.3,0.4958,0.1799,3
7,0.6,20,10,5,0.1,0.4,0.4958,0.1799,3
7,0.6,20,10,5,0.1,0.5,0.4958,0.1799,3
7,0.6,20,10,5,0.1,0.6,0.4958,0.1799,3
11,0.4,45,20,3,0.0,0.6,0.4958,0.1799,3
7,0.4,60,20,5,0.1,0.7,0.4958,0.1799,3
7,0.4,60,20,5,0.2,0.7,0.4958,0.1799,3
7,0.4,60,20,3,0.0,0.7,0.4958,0.1799,3
7,0.4,60,20,3,0.1,0.7,0.4958,0.1799,3
11,0.3,30,30,3,0.1,0.6,0.4958,0.1799,3
11,0.3,30,30,3,0.2,0.6,0.4958,0.1799,3
11,0.3,30,30,5,0.0,0.6,0.4958,0.1799,3
11,0.3,30,30,5,0.1,0.6,0.4958,0.1799,3
11,0.3,30,30,2,0.1,0.6,0.4958,0.1799,3
11,0.3,30,30,5,0.2,0.6,0.4958,0.1799,3
5,0.6,45,20,3,0.2,0.7,0.4958,0.1799,3
5,0.6,45,20,5,0.2,0.3,0.4958,0.1799,3
5,0.6,45,20,5,0.2,0.4,0.4958,0.1799,3
5,0.6,45,20,5,0.2,0.5,0.4958,0.1799,3
15,0.3,20,20,3,0.1,0.6,0.4958,0.1799,3
5,0.6,45,20,3,0.2,0.3,0.4958,0.1799,3
5,0.6,45,20,3,0.2,0.4,0.4958,0.1799,3
11,0.5,45,20,5,0.2,0.3,0.4958,0.1799,3
11,0.5,45,20,5,0.2,0.4,0.4958,0.1799,3
11,0.5,45,20,5,0.2,0.5,0.4958,0.1799,3
11,0.5,45,20,5,0.2,0.6,0.4958,0.1799,3
5,0.6,45,20,5,0.2,0.7,0.4958,0.1799,3
5,0.6,45,20,3,0.2,0.6,0.4958,0.1799,3
15,0.3,20,20,3,0.0,0.6,0.4958,0.1799,3
5,0.6,45,20,2,0.2,0.3,0.4958,0.1799,3
11,0.5,45,20,3,0.1,0.6,0.4958,0.1799,3
11,0.5,45,20,3,0.2,0.3,0.4958,0.1799,3
11,0.5,45,20,3,0.2,0.4,0.4958,0.1799,3
15,0.4,60,20,3,0.1,0.5,0.4958,0.1799,3
11,0.4,45,20,2,0.2,0.6,0.4958,0.1799,3
7,0.5,45,20,5,0.2,0.7,0.4958,0.1799,3
7,0.5,45,20,3,0.0,0.7,0.4958,0.1799,3
7,0.6,90,10,2,0.0,0.4,0.4958,0.1799,3
7,0.6,90,10,2,0.0,0.5,0.4958,0.1799,3
7,0.6,90,10,2,0.0,0.6,0.4958,0.1799,3
7,0.6,90,10,2,0.0,0.7,0.4958,0.1799,3
7,0.6,90,10,2,0.1,0.3,0.4958,0.1799,3
7,0.6,90,10,2,0.1,0.4,0.4958,0.1799,3
11,0.5,45,20,3,0.2,0.5,0.4958,0.1799,3
11,0.5,45,20,3,0.2,0.6,0.4958,0.1799,3
11,0.5,45,20,5,0.0,0.6,0.4958,0.1799,3
11,0.5,45,20,5,0.1,0.6,0.4958,0.1799,3
5,0.6,45,20,5,0.2,0.6,0.4958,0.1799,3
5,0.6,45,20,2,0.2,0.5,0.4958,0.1799,3
5,0.6,45,20,2,0.2,0.6,0.4958,0.1799,3
5,0.6,45,20,2,0.2,0.7,0.4958,0.1799,3
11,0.5,45,20,2,0.2,0.5,0.4958,0.1799,3
11,0.5,45,20,2,0.2,0.6,0.4958,0.1799,3
5,0.6,45,20,2,0.2,0.4,0.4958,0.1799,3
5,0.6,45,10,3,0.2,0.3,0.4958,0.1799,3
15,0.4,60,20,2,0.1,0.5,0.4958,0.1799,3
11,0.3,30,30,2,0.0,0.6,0.4958,0.1799,3
11,0.3,30,30,3,0.0,0.6,0.4958,0.1799,3
7,0.4,60,20,5,0.0,0.7,0.4958,0.1799,3
11,0.4,45,20,5,0.0,0.6,0.4958,0.1799,3
11,0.4,45,20,5,0.1,0.6,0.4958,0.1799,3
11,0.3,30,30,2,0.2,0.6,0.4958,0.1799,3
15,0.4,60,20,2,0.2,0.5,0.4958,0.1799,3
15,0.4,60,20,3,0.0,0.5,0.4958,0.1799,3
7,0.5,45,20,5,0.1,0.6,0.4958,0.1799,3
7,0.5,45,20,5,0.1,0.7,0.4958,0.1799,3
7,0.5,45,20,5,0.2,0.6,0.4958,0.1799,3
5,0.6,45,10,2,0.2,0.5,0.4958,0.1799,3
5,0.6,45,10,2,0.2,0.6,0.4958,0.1799,3
5,0.6,45,10,2,0.2,0.7,0.4958,0.1799,3
7,0.6,90,10,3,0.1,0.7,0.4958,0.1799,3
7,0.6,90,10,2,0.1,0.5,0.4958,0.1799,3
7,0.6,90,10,2,0.1,0.6,0.4958,0.1799,3
7,0.6,90,10,2,0.1,0.7,0.4958,0.1799,3
5,0.6,45,20,3,0.2,0.5,0.4958,0.1799,3
5,0.6,45,10,5,0.2,0.4,0.4958,0.1799,3
5,0.6,45,10,5,0.2,0.5,0.4958,0.1799,3
5,0.6,45,10,5,0.2,0.6,0.4958,0.1799,3
5,0.6,45,10,5,0.2,0.7,0.4958,0.1799,3
7,0.6,90,10,5,0.0,0.3,0.4958,0.1799,3
11,0.5,45,20,2,0.1,0.6,0.4958,0.1799,3
11,0.5,45,20,2,0.2,0.3,0.4958,0.1799,3
11,0.5,45,20,2,0.2,0.4,0.4958,0.1799,3
7,0.6,90,20,3,0.0,0.5,0.4958,0.1799,3
7,0.6,90,10,5,0.0,0.4,0.4958,0.1799,3
7,0.6,90,10,5,0.0,0.5,0.4958,0.1799,3
7,0.6,90,10,5,0.0,0.6,0.4958,0.1799,3
5,0.6,45,10,3,0.2,0.4,0.4958,0.1799,3
5,0.6,45,10,3,0.2,0.5,0.4958,0.1799,3
5,0.6,45,10,3,0.2,0.6,0.4958,0.1799,3
5,0.6,45,10,3,0.2,0.7,0.4958,0.1799,3
11,0.5,45,20,3,0.0,0.6,0.4958,0.1799,3
7,0.6,90,10,2,0.0,0.3,0.4958,0.1799,3
7,0.6,90,10,3,0.1,0.4,0.4958,0.1799,3
7,0.6,90,10,3,0.1,0.5,0.4958,0.1799,3
7,0.6,90,10,3,0.1,0.6,0.4958,0.1799,3
5,0.6,45,10,5,0.2,0.3,0.4958,0.1799,3
5,0.6,45,10,2,0.2,0.3,0.4958,0.1799,3
5,0.6,45,10,2,0.2,0.4,0.4958,0.1799,3
15,0.3,20,30,3,0.0,0.6,0.4958,0.1799,3
15,0.3,20,30,3,0.1,0.6,0.4958,0.1799,3
15,0.3,20,30,3,0.2,0.6,0.4958,0.1799,3
7,0.4,60,10,3,0.2,0.7,0.4958,0.1799,3
15,0.4,30,20,5,0.0,0.5,0.4958,0.1799,3
15,0.4,30,20,5,0.0,0.6,0.4958,0.1799,3
15,0.4,30,20,2,0.0,0.5,0.4958,0.1799,3
15,0.4,30,20,2,0.0,0.6,0.4958,0.1799,3
15,0.4,30,20,2,0.1,0.5,0.4958,0.1799,3
15,0.4,30,20,2,0.1,0.6,0.4958,0.1799,3
7,0.6,90,10,3,0.1,0.3,0.4958,0.1799,3
7,0.6,90,10,5,0.1,0.7,0.4958,0.1799,3
7,0.5,45,20,3,0.1,0.6,0.4958,0.1799,3
7,0.5,45,20,3,0.1,0.7,0.4958,0.1799,3
7,0.5,45,20,3,0.2,0.6,0.4958,0.1799,3
7,0.5,45,20,3,0.2,0.7,0.4958,0.1799,3
7,0.5,45,20,5,0.0,0.6,0.4958,0.1799,3
7,0.5,45,20,5,0.0,0.7,0.4958,0.1799,3
7,0.5,45,20,2,0.0,0.6,0.4958,0.1799,3
7,0.6,90,20,2,0.0,0.3,0.4958,0.1799,3
7,0.6,90,20,2,0.0,0.4,0.4958,0.1799,3
7,0.6,90,10,3,0.0,0.3,0.4958,0.1799,3
7,0.6,90,10,3,0.0,0.4,0.4958,0.1799,3
7,0.6,90,10,3,0.0,0.5,0.4958,0.1799,3
7,0.6,90,10,3,0.0,0.6,0.4958,0.1799,3
7,0.6,90,10,3,0.0,0.7,0.4958,0.1799,3
7,0.5,45,20,2,0.0,0.7,0.4958,0.1799,3
11,0.4,90,20,5,0.2,0.6,0.4958,0.1799,3
7,0.6,90,20,3,0.0,0.6,0.4958,0.1799,3
7,0.6,90,20,3,0.0,0.7,0.4958,0.1799,3
7,0.6,90,20,3,0.1,0.3,0.4958,0.1799,3
7,0.6,90,20,5,0.0,0.6,0.4958,0.1799,3
7,0.6,90,20,2,0.0,0.5,0.4958,0.1799,3
11,0.5,90,10,2,0.2,0.6,0.4958,0.1799,3
5,0.6,60,20,5,0.2,0.3,0.4958,0.1799,3
5,0.6,60,20,5,0.2,0.4,0.4958,0.1799,3
5,0.6,60,20,5,0.2,0.5,0.4958,0.1799,3
7,0.6,90,10,5,0.0,0.7,0.4958,0.1799,3
7,0.6,90,10,5,0.1,0.3,0.4958,0.1799,3
7,0.6,90,10,5,0.1,0.4,0.4958,0.1799,3
7,0.6,90,10,5,0.1,0.5,0.4958,0.1799,3
7,0.6,90,10,5,0.1,0.6,0.4958,0.1799,3
7,0.6,90,20,5,0.1,0.3,0.4958,0.1799,3
7,0.6,90,20,5,0.1,0.4,0.4958,0.1799,3
7,0.6,90,20,5,0.1,0.5,0.4958,0.1799,3
7,0.6,90,20,5,0.1,0.6,0.4958,0.1799,3
7,0.6,90,20,5,0.1,0.7,0.4958,0.1799,3
5,0.6,60,20,5,0.2,0.6,0.4958,0.1799,3
5,0.6,60,20,5,0.2,0.7,0.4958,0.1799,3
7,0.6,90,20,2,0.0,0.6,0.4958,0.1799,3
7,0.6,90,20,2,0.0,0.7,0.4958,0.1799,3
7,0.6,90,20,2,0.1,0.3,0.4958,0.1799,3
7,0.6,90,20,2,0.1,0.4,0.4958,0.1799,3
7,0.6,90,20,2,0.1,0.5,0.4958,0.1799,3
7,0.6,90,20,2,0.1,0.6,0.4958,0.1799,3
7,0.6,90,20,2,0.1,0.7,0.4958,0.1799,3
7,0.6,90,20,3,0.0,0.3,0.4958,0.1799,3
7,0.6,90,20,3,0.0,0.4,0.4958,0.1799,3
11,0.5,90,20,5,0.1,0.6,0.4958,0.1799,3
11,0.5,90,10,5,0.2,0.6,0.4958,0.1799,3
11,0.5,90,20,2,0.0,0.6,0.4958,0.1799,3
11,0.5,90,20,2,0.1,0.6,0.4958,0.1799,3
11,0.5,90,20,3,0.0,0.6,0.4958,0.1799,3
11,0.5,90,10,3,0.2,0.6,0.4958,0.1799,3
7,0.6,90,20,3,0.1,0.4,0.4958,0.1799,3
7,0.6,90,20,3,0.1,0.5,0.4958,0.1799,3
7,0.6,90,20,3,0.1,0.6,0.4958,0.1799,3
7,0.6,90,20,3,0.1,0.7,0.4958,0.1799,3
7,0.6,90,20,5,0.0,0.3,0.4958,0.1799,3
7,0.6,90,20,5,0.0,0.4,0.4958,0.1799,3
7,0.6,90,20,5,0.0,0.5,0.4958,0.1799,3
15,0.3,20,20,2,0.1,0.6,0.4958,0.1799,3
11,0.5,45,20,2,0.0,0.6,0.4958,0.1799,3
7,0.6,90,20,5,0.0,0.7,0.4958,0.1799,3
5,0.6,60,20,2,0.2,0.5,0.4958,0.1799,3
5,0.6,60,20,2,0.2,0.6,0.4958,0.1799,3
5,0.6,60,20,2,0.2,0.7,0.4958,0.1799,3
11,0.5,60,20,2,0.0,0.6,0.4958,0.1799,3
11,0.5,60,20,2,0.1,0.6,0.4958,0.1799,3
11,0.5,60,20,2,0.2,0.3,0.4958,0.1799,3
11,0.5,60,20,2,0.2,0.4,0.4958,0.1799,3
11,0.5,60,20,2,0.2,0.5,0.4958,0.1799,3
11,0.5,60,20,2,0.2,0.6,0.4958,0.1799,3
11,0.5,60,20,3,0.0,0.6,0.4958,0.1799,3
11,0.5,60,20,5,0.2,0.5,0.4958,0.1799,3
11,0.5,60,20,5,0.2,0.6,0.4958,0.1799,3
15,0.3,20,30,5,0.2,0.6,0.4958,0.1799,3
15,0.3,30,20,3,0.2,0.6,0.4958,0.1799,3
11,0.5,90,20,3,0.1,0.6,0.4958,0.1799,3
11,0.5,90,20,5,0.0,0.6,0.4958,0.1799,3
15,0.3,20,20,2,0.0,0.6,0.4958,0.1799,3
15,0.4,60,20,3,0.2,0.5,0.4958,0.1799,3
11,0.4,45,20,2,0.1,0.6,0.4958,0.1799,3
7,0.5,45,20,2,0.2,0.7,0.4958,0.1799,3
7,0.5,45,20,3,0.0,0.6,0.4958,0.1799,3
7,0.5,45,10,5,0.0,0.6,0.4958,0.1799,3
11,0.4,90,20,3,0.2,0.6,0.4958,0.1799,3
5,0.6,20,20,5,0.2,0.6,0.4958,0.1799,3
5,0.6,20,20,5,0.2,0.7,0.4958,0.1799,3
15,0.3,20,20,2,0.2,0.6,0.4958,0.1799,3
7,0.5,45,20,2,0.1,0.6,0.4958,0.1799,3
7,0.5,45,20,2,0.1,0.7,0.4958,0.1799,3
7,0.5,45,20,2,0.2,0.6,0.4958,0.1799,3
15,0.3,30,30,2,0.1,0.6,0.4958,0.1799,3
5,0.6,60,20,2,0.2,0.3,0.4958,0.1799,3
5,0.6,60,20,2,0.2,0.4,0.4958,0.1799,3
7,0.6,20,10,3,0.2,0.5,0.4958,0.1799,3
7,0.6,20,10,3,0.2,0.6,0.4958,0.1799,3
7,0.4,60,10,2,0.0,0.7,0.4958,0.1799,3
7,0.4,60,10,2,0.1,0.7,0.4958,0.1799,3
15,0.4,30,20,3,0.1,0.5,0.4958,0.1799,3
15,0.4,30,20,3,0.1,0.6,0.4958,0.1799,3
15,0.4,30,20,3,0.2,0.5,0.4958,0.1799,3
15,0.4,30,20,3,0.2,0.6,0.4958,0.1799,3
15,0.4,30,20,5,0.1,0.5,0.4958,0.1799,3
15,0.4,30,20,5,0.1,0.6,0.4958,0.1799,3
15,0.4,30,20,5,0.2,0.5,0.4958,0.1799,3
11,0.4,45,20,3,0.1,0.6,0.4958,0.1799,3
11,0.4,45,20,2,0.0,0.6,0.4958,0.1799,3
5,0.6,20,20,5,0.2,0.5,0.4958,0.1799,3
11,0.4,90,20,5,0.0,0.6,0.4958,0.1799,3
11,0.4,90,20,5,0.1,0.6,0.4958,0.1799,3
7,0.5,45,10,5,0.0,0.7,0.4958,0.1799,3
15,0.4,60,20,5,0.0,0.5,0.4958,0.1799,3
15,0.4,60,20,5,0.1,0.5,0.4958,0.1799,3
15,0.3,30,30,3,0.1,0.6,0.4958,0.1799,3
15,0.3,30,30,3,0.2,0.6,0.4958,0.1799,3
15,0.3,30,20,5,0.2,0.6,0.4958,0.1799,3
15,0.3,30,30,2,0.0,0.6,0.4958,0.1799,3
15,0.3,30,20,2,0.2,0.6,0.4958,0.1799,3
15,0.3,30,30,5,0.1,0.6,0.4958,0.1799,3
15,0.3,30,30,5,0.2,0.6,0.4958,0.1799,3
7,0.6,20,20,2,0.2,0.4,0.4958,0.1799,3
7,0.6,20,20,2,0.2,0.5,0.4958,0.1799,3
7,0.6,20,20,2,0.2,0.6,0.4958,0.1799,3
5,0.6,20,20,3,0.2,0.5,0.4958,0.1799,3
5,0.6,20,20,3,0.2,0.6,0.4958,0.1799,3
5,0.6,20,20,3,0.2,0.7,0.4958,0.1799,3
5,0.6,20,20,3,0.2,0.4,0.4958,0.1799,3
5,0.6,20,20,5,0.0,0.3,0.4958,0.1799,3
5,0.6,20,20,5,0.0,0.4,0.4958,0.1799,3
5,0.6,20,20,5,0.0,0.5,0.4958,0.1799,3
5,0.6,20,20,5,0.0,0.6,0.4958,0.1799,3
5,0.6,20,20,5,0.0,0.7,0.4958,0.1799,3
5,0.6,20,20,5,0.1,0.3,0.4958,0.1799,3
5,0.6,20,20,5,0.1,0.4,0.4958,0.1799,3
5,0.6,20,20,5,0.1,0.5,0.4958,0.1799,3
5,0.6,20,20,5,0.1,0.6,0.4958,0.1799,3
5,0.6,20,20,5,0.1,0.7,0.4958,0.1799,3
5,0.6,20,20,5,0.2,0.3,0.4958,0.1799,3
5,0.6,20,20,5,0.2,0.4,0.4958,0.1799,3
11,0.4,90,20,2,0.0,0.6,0.4958,0.1799,3
11,0.4,90,20,2,0.1,0.6,0.4958,0.1799,3
7,0.6,20,20,3,0.2,0.5,0.4958,0.1799,3
7,0.5,45,10,3,0.1,0.6,0.4958,0.1799,3
5,0.6,20,20,2,0.2,0.4,0.4958,0.1799,3
5,0.6,20,20,2,0.2,0.5,0.4958,0.1799,3
5,0.6,20,20,2,0.2,0.6,0.4958,0.1799,3
5,0.6,20,20,2,0.2,0.7,0.4958,0.1799,3
5,0.6,20,20,3,0.0,0.3,0.4958,0.1799,3
5,0.6,20,20,3,0.0,0.4,0.4958,0.1799,3
5,0.6,20,20,3,0.0,0.5,0.4958,0.1799,3
5,0.6,20,20,3,0.0,0.6,0.4958,0.1799,3
5,0.6,20,20,3,0.0,0.7,0.4958,0.1799,3
5,0.6,20,20,3,0.1,0.3,0.4958,0.1799,3
5,0.6,20,20,3,0.1,0.4,0.4958,0.1799,3
5,0.6,20,20,3,0.1,0.5,0.4958,0.1799,3
5,0.6,20,20,3,0.1,0.6,0.4958,0.1799,3
5,0.6,20,20,3,0.1,0.7,0.4958,0.1799,3
5,0.6,20,20,3,0.2,0.3,0.4958,0.1799,3
7,0.6,20,20,5,0.0,0.7,0.4958,0.1799,3
7,0.5,45,10,5,0.1,0.6,0.4958,0.1799,3
7,0.5,45,10,5,0.1,0.7,0.4958,0.1799,3
7,0.5,45,10,5,0.2,0.6,0.4958,0.1799,3
7,0.5,45,10,5,0.2,0.7,0.4958,0.1799,3
5,0.6,20,20,2,0.0,0.5,0.4958,0.1799,3
5,0.6,20,20,2,0.0,0.6,0.4958,0.1799,3
5,0.6,20,20,2,0.0,0.7,0.4958,0.1799,3
5,0.6,20,20,2,0.1,0.3,0.4958,0.1799,3
5,0.6,20,20,2,0.1,0.4,0.4958,0.1799,3
5,0.6,20,20,2,0.1,0.5,0.4958,0.1799,3
5,0.6,20,20,2,0.1,0.6,0.4958,0.1799,3
5,0.6,20,20,2,0.1,0.7,0.4958,0.1799,3
5,0.6,20,20,2,0.2,0.3,0.4958,0.1799,3
7,0.5,45,10,3,0.0,0.6,0.4958,0.1799,3
7,0.5,45,10,3,0.0,0.7,0.4958,0.1799,3
7,0.5,45,10,2,0.1,0.6,0.4958,0.1799,3
7,0.5,45,10,2,0.1,0.7,0.4958,0.1799,3
15,0.4,90,20,3,0.1,0.5,0.4958,0.1799,3
7,0.5,45,10,3,0.1,0.7,0.4958,0.1799,3
7,0.5,45,10,3,0.2,0.6,0.4958,0.1799,3
7,0.5,45,10,3,0.2,0.7,0.4958,0.1799,3
15,0.4,90,20,5,0.1,0.5,0.4958,0.1799,3
7,0.6,20,20,5,0.2,0.7,0.4958,0.1799,3
7,0.6,20,20,2,0.2,0.7,0.4958,0.1799,3
7,0.6,20,20,3,0.0,0.3,0.4958,0.1799,3
7,0.6,20,20,3,0.0,0.4,0.4958,0.1799,3
7,0.6,20,20,3,0.0,0.5,0.4958,0.1799,3
7,0.6,20,20,5,0.0,0.3,0.4958,0.1799,3
7,0.6,20,20,5,0.0,0.4,0.4958,0.1799,3
7,0.6,20,20,5,0.0,0.5,0.4958,0.1799,3
7,0.6,20,20,5,0.0,0.6,0.4958,0.1799,3
7,0.5,45,10,2,0.2,0.6,0.4958,0.1799,3
7,0.5,45,10,2,0.2,0.7,0.4958,0.1799,3
15,0.4,90,20,3,0.0,0.5,0.4958,0.1799,3
7,0.6,20,20,5,0.1,0.3,0.4958,0.1799,3
7,0.6,20,20,5,0.1,0.4,0.4958,0.1799,3
7,0.6,20,20,5,0.1,0.5,0.4958,0.1799,3
7,0.6,20,20,5,0.1,0.6,0.4958,0.1799,3
7,0.6,60,10,3,0.2,0.7,0.4958,0.1799,3
7,0.6,60,10,2,0.2,0.3,0.4958,0.1799,3
5,0.6,20,20,2,0.0,0.3,0.4958,0.1799,3
5,0.6,20,20,2,0.0,0.4,0.4958,0.1799,3
15,0.4,90,20,5,0.0,0.5,0.4958,0.1799,3
15,0.4,90,20,5,0.2,0.5,0.4958,0.1799,3
15,0.4,90,20,3,0.2,0.5,0.4958,0.1799,3
7,0.5,45,10,2,0.0,0.6,0.4958,0.1799,3
7,0.5,45,10,2,0.0,0.7,0.4958,0.1799,3
7,0.6,20,20,3,0.1,0.6,0.4958,0.1799,3
7,0.6,20,20,3,0.1,0.7,0.4958,0.1799,3
7,0.6,20,20,3,0.2,0.3,0.4958,0.1799,3
7,0.6,20,20,3,0.2,0.4,0.4958,0.1799,3
15,0.3,30,20,2,0.0,0.6,0.4958,0.1799,3
7,0.6,20,10,5,0.0,0.6,0.4958,0.1799,3
7,0.6,20,10,5,0.0,0.7,0.4958,0.1799,3
7,0.6,20,20,2,0.1,0.3,0.4958,0.1799,3
7,0.6,20,20,2,0.1,0.4,0.4958,0.1799,3
7,0.6,20,20,2,0.1,0.5,0.4958,0.1799,3
7,0.6,20,20,2,0.1,0.6,0.4958,0.1799,3
7,0.6,20,20,2,0.1,0.7,0.4958,0.1799,3
7,0.6,20,20,2,0.2,0.3,0.4958,0.1799,3
15,0.3,30,30,5,0.0,0.6,0.4958,0.1799,3
15,0.3,30,20,3,0.0,0.6,0.4958,0.1799,3
15,0.3,30,20,3,0.1,0.6,0.4958,0.1799,3
7,0.6,20,20,5,0.1,0.7,0.4958,0.1799,3
7,0.6,20,20,5,0.2,0.3,0.4958,0.1799,3
7,0.6,20,20,5,0.2,0.4,0.4958,0.1799,3
7,0.6,20,20,5,0.2,0.5,0.4958,0.1799,3
7,0.6,20,20,5,0.2,0.6,0.4958,0.1799,3
11,0.4,90,20,3,0.1,0.6,0.4958,0.1799,3
15,0.4,60,20,5,0.2,0.5,0.4958,0.1799,3
11,0.4,90,20,2,0.2,0.6,0.4958,0.1799,3
11,0.4,90,20,3,0.0,0.6,0.4958,0.1799,3
15,0.4,90,20,2,0.2,0.5,0.4958,0.1799,3
15,0.4,90,20,2,0.0,0.5,0.4958,0.1799,3
15,0.4,90,20,2,0.1,0.5,0.4958,0.1799,3
7,0.6,20,20,3,0.0,0.7,0.4958,0.1799,3
7,0.6,20,20,3,0.1,0.3,0.4958,0.1799,3
7,0.6,20,20,3,0.1,0.4,0.4958,0.1799,3
7,0.6,20,20,3,0.1,0.5,0.4958,0.1799,3
7,0.6,20,20,2,0.0,0.4,0.4958,0.1799,3
7,0.6,20,20,2,0.0,0.5,0.4958,0.1799,3
7,0.6,20,20,2,0.0,0.6,0.4958,0.1799,3
7,0.6,20,20,2,0.0,0.7,0.4958,0.1799,3
15,0.3,20,30,5,0.1,0.6,0.4958,0.1799,3
7,0.4,60,10,5,0.0,0.7,0.4958,0.1799,3
7,0.4,60,10,5,0.1,0.7,0.4958,0.1799,3
15,0.4,30,20,5,0.2,0.6,0.4958,0.1799,3
15,0.3,30,20,2,0.1,0.6,0.4958,0.1799,3
7,0.6,20,20,3,0.0,0.6,0.4958,0.1799,3
7,0.6,20,10,3,0.2,0.7,0.4958,0.1799,3
7,0.6,20,10,5,0.0,0.3,0.4958,0.1799,3
7,0.6,20,10,5,0.0,0.4,0.4958,0.1799,3
7,0.6,20,10,5,0.0,0.5,0.4958,0.1799,3
7,0.6,20,10,3,0.1,0.4,0.4958,0.1799,3
7,0.6,20,10,3,0.1,0.5,0.4958,0.1799,3
11,0.5,60,20,3,0.2,0.4,0.4958,0.1799,3
11,0.5,60,20,3,0.2,0.5,0.4958,0.1799,3
11,0.5,60,20,3,0.2,0.6,0.4958,0.1799,3
5,0.6,60,20,3,0.2,0.4,0.4958,0.1799,3
5,0.6,60,20,3,0.2,0.5,0.4958,0.1799,3
5,0.6,60,20,3,0.2,0.6,0.4958,0.1799,3
5,0.6,60,20,3,0.2,0.7,0.4958,0.1799,3
11,0.5,60,20,5,0.0,0.6,0.4958,0.1799,3
11,0.5,60,20,5,0.1,0.6,0.4958,0.1799,3
11,0.5,60,20,5,0.2,0.3,0.4958,0.1799,3
11,0.5,60,20,5,0.2,0.4,0.4958,0.1799,3
7,0.6,20,20,3,0.2,0.6,0.4958,0.1799,3
7,0.6,20,20,3,0.2,0.7,0.4958,0.1799,3
7,0.6,20,10,5,0.2,0.6,0.4958,0.1799,3
7,0.6,20,10,5,0.2,0.7,0.4958,0.1799,3
7,0.6,20,20,2,0.0,0.3,0.4958,0.1799,3
7,0.4,60,10,3,0.1,0.7,0.4958,0.1799,3
7,0.6,20,10,3,0.0,0.7,0.4958,0.1799,3
7,0.6,20,10,3,0.1,0.3,0.4958,0.1799,3
7,0.4,60,10,2,0.2,0.7,0.4958,0.1799,3
7,0.4,60,10,3,0.0,0.7,0.4958,0.1799,3
5,0.6,60,20,3,0.2,0.3,0.4958,0.1799,3
7,0.6,20,10,5,0.2,0.3,0.4958,0.1799,3
7,0.6,20,10,5,0.2,0.4,0.4958,0.1799,3
7,0.6,20,10,5,0.2,0.5,0.4958,0.1799,3
15,0.4,30,20,3,0.0,0.5,0.4958,0.1799,3
15,0.4,30,20,3,0.0,0.6,0.4958,0.1799,3
15,0.3,20,30,5,0.0,0.6,0.4958,0.1799,3
7,0.6,20,10,3,0.1,0.6,0.4958,0.1799,3
15,0.3,30,20,5,0.0,0.6,0.4958,0.1799,3
11,0.5,60,20,3,0.1,0.6,0.4958,0.1799,3
11,0.5,60,20,3,0.2,0.3,0.4958,0.1799,3
7,0.3,90,10,5,0.1,0.7,0.4956,0.1799,3
7,0.3,90,10,3,0.1,0.7,0.4956,0.1799,3
7,0.3,60,10,3,0.0,0.7,0.4956,0.1799,3
7,0.3,90,10,5,0.0,0.7,0.4956,0.1799,3
7,0.3,90,10,2,0.1,0.7,0.4956,0.1799,3
7,0.3,90,10,3,0.0,0.7,0.4956,0.1799,3
7,0.3,90,10,2,0.0,0.7,0.4956,0.1799,3
7,0.3,60,10,5,0.0,0.7,0.4956,0.1799,3
7,0.3,60,10,5,0.1,0.7,0.4956,0.1799,3
7,0.3,60,10,5,0.2,0.7,0.4956,0.1799,3
7,0.3,60,10,3,0.2,0.7,0.4956,0.1799,3
7,0.3,60,10,2,0.0,0.7,0.4956,0.1799,3
7,0.3,60,10,2,0.1,0.7,0.4956,0.1799,3
7,0.3,60,10,2,0.2,0.7,0.4956,0.1799,3
7,0.3,60,10,3,0.1,0.7,0.4956,0.1799,3
7,0.3,30,30,5,0.0,0.4,0.4955,0.1777,3
7,0.3,30,30,5,0.0,0.5,0.4955,0.1777,3
15,0.3,20,30,5,0.0,0.4,0.4955,0.1777,3
7,0.3,30,30,2,0.1,0.5,0.4955,0.1777,3
15,0.3,30,30,2,0.1,0.4,0.4955,0.1777,3
15,0.3,30,30,2,0.2,0.4,0.4955,0.1777,3
11,0.4,60,20,2,0.1,0.4,0.4955,0.1777,3
11,0.4,60,20,3,0.0,0.4,0.4955,0.1777,3
11,0.4,60,20,2,0.0,0.3,0.4955,0.1777,3
11,0.4,60,20,3,0.0,0.3,0.4955,0.1777,3
11,0.4,60,20,2,0.1,0.3,0.4955,0.1777,3
7,0.3,30,30,2,0.0,0.5,0.4955,0.1777,3
5,0.5,60,10,5,0.2,0.3,0.4955,0.1777,3
5,0.5,60,10,5,0.2,0.4,0.4955,0.1777,3
5,0.5,60,10,5,0.2,0.5,0.4955,0.1777,3
5,0.5,60,10,5,0.2,0.6,0.4955,0.1777,3
5,0.5,60,10,3,0.2,0.3,0.4955,0.1777,3
5,0.5,60,10,3,0.2,0.4,0.4955,0.1777,3
5,0.5,60,10,3,0.2,0.5,0.4955,0.1777,3
5,0.5,60,10,3,0.2,0.6,0.4955,0.1777,3
5,0.5,60,10,5,0.0,0.3,0.4955,0.1777,3
5,0.5,60,10,5,0.0,0.4,0.4955,0.1777,3
5,0.5,60,10,5,0.0,0.5,0.4955,0.1777,3
5,0.5,60,10,5,0.0,0.6,0.4955,0.1777,3
5,0.5,60,10,5,0.1,0.3,0.4955,0.1777,3
5,0.5,60,10,5,0.1,0.4,0.4955,0.1777,3
5,0.5,60,10,2,0.1,0.3,0.4955,0.1777,3
5,0.5,60,10,2,0.1,0.4,0.4955,0.1777,3
5,0.5,60,10,2,0.1,0.5,0.4955,0.1777,3
5,0.5,60,10,2,0.1,0.6,0.4955,0.1777,3
5,0.5,60,10,2,0.2,0.3,0.4955,0.1777,3
5,0.5,60,10,2,0.2,0.4,0.4955,0.1777,3
5,0.5,60,10,2,0.2,0.5,0.4955,0.1777,3
5,0.5,60,10,2,0.2,0.6,0.4955,0.1777,3
5,0.5,60,10,3,0.0,0.3,0.4955,0.1777,3
5,0.5,60,10,3,0.0,0.4,0.4955,0.1777,3
5,0.5,60,10,3,0.0,0.5,0.4955,0.1777,3
5,0.5,60,10,3,0.0,0.6,0.4955,0.1777,3
5,0.5,60,10,3,0.1,0.3,0.4955,0.1777,3
5,0.5,60,10,3,0.1,0.4,0.4955,0.1777,3
5,0.5,60,10,3,0.1,0.5,0.4955,0.1777,3
5,0.5,60,10,3,0.1,0.6,0.4955,0.1777,3
5,0.5,60,10,2,0.0,0.3,0.4955,0.1777,3
5,0.5,60,10,2,0.0,0.4,0.4955,0.1777,3
5,0.5,60,10,2,0.0,0.5,0.4955,0.1777,3
7,0.5,30,20,5,0.2,0.5,0.4955,0.1777,3
7,0.5,30,20,3,0.2,0.4,0.4955,0.1777,3
7,0.5,30,20,3,0.2,0.5,0.4955,0.1777,3
7,0.5,30,20,5,0.0,0.3,0.4955,0.1777,3
7,0.5,30,20,5,0.0,0.4,0.4955,0.1777,3
7,0.5,30,20,5,0.0,0.5,0.4955,0.1777,3
7,0.5,30,20,5,0.1,0.3,0.4955,0.1777,3
7,0.5,30,20,5,0.1,0.4,0.4955,0.1777,3
7,0.5,30,20,5,0.1,0.5,0.4955,0.1777,3
7,0.5,30,20,5,0.2,0.3,0.4955,0.1777,3
7,0.5,30,20,5,0.2,0.4,0.4955,0.1777,3
7,0.5,30,20,2,0.2,0.3,0.4955,0.1777,3
7,0.5,30,20,2,0.2,0.4,0.4955,0.1777,3
15,0.3,30,30,3,0.2,0.4,0.4955,0.1777,3
15,0.3,30,30,2,0.0,0.4,0.4955,0.1777,3
15,0.3,30,30,5,0.1,0.4,0.4955,0.1777,3
15,0.3,30,30,5,0.2,0.4,0.4955,0.1777,3
11,0.4,30,20,5,0.2,0.4,0.4955,0.1777,3
11,0.4,30,20,5,0.2,0.5,0.4955,0.1777,3
11,0.4,30,20,3,0.0,0.5,0.4955,0.1777,3
11,0.4,30,20,3,0.1,0.5,0.4955,0.1777,3
11,0.4,30,20,3,0.2,0.3,0.4955,0.1777,3
11,0.4,30,20,3,0.2,0.4,0.4955,0.1777,3
11,0.4,30,20,3,0.2,0.5,0.4955,0.1777,3
11,0.4,30,20,5,0.0,0.5,0.4955,0.1777,3
11,0.4,30,20,2,0.0,0.5,0.4955,0.1777,3
11,0.4,30,20,2,0.1,0.5,0.4955,0.1777,3
11,0.4,30,20,2,0.2,0.3,0.4955,0.1777,3
11,0.4,30,20,2,0.2,0.4,0.4955,0.1777,3
11,0.4,30,20,2,0.2,0.5,0.4955,0.1777,3
5,0.5,60,10,2,0.0,0.6,0.4955,0.1777,3
5,0.5,45,10,3,0.2,0.6,0.4955,0.1777,3
5,0.5,45,10,3,0.2,0.4,0.4955,0.1777,3
5,0.5,45,10,3,0.2,0.5,0.4955,0.1777,3
5,0.5,45,10,5,0.2,0.3,0.4955,0.1777,3
5,0.5,45,10,5,0.2,0.4,0.4955,0.1777,3
5,0.5,45,10,5,0.2,0.5,0.4955,0.1777,3
5,0.5,45,10,5,0.2,0.6,0.4955,0.1777,3
5,0.5,45,10,2,0.2,0.5,0.4955,0.1777,3
5,0.5,45,10,2,0.2,0.6,0.4955,0.1777,3
5,0.5,45,10,3,0.2,0.3,0.4955,0.1777,3
5,0.5,45,10,2,0.2,0.4,0.4955,0.1777,3
5,0.5,30,20,5,0.2,0.4,0.4955,0.1777,3
5,0.5,30,20,5,0.2,0.5,0.4955,0.1777,3
5,0.5,30,20,5,0.2,0.6,0.4955,0.1777,3
5,0.5,30,20,5,0.1,0.6,0.4955,0.1777,3
5,0.5,30,20,5,0.2,0.3,0.4955,0.1777,3
5,0.5,30,20,3,0.2,0.4,0.4955,0.1777,3
5,0.5,30,20,3,0.2,0.5,0.4955,0.1777,3
5,0.5,30,20,3,0.2,0.6,0.4955,0.1777,3
5,0.5,30,20,5,0.0,0.3,0.4955,0.1777,3
5,0.5,30,20,5,0.0,0.4,0.4955,0.1777,3
5,0.5,30,20,5,0.0,0.5,0.4955,0.1777,3
5,0.5,30,20,5,0.0,0.6,0.4955,0.1777,3
5,0.5,30,20,5,0.1,0.3,0.4955,0.1777,3
5,0.5,30,20,5,0.1,0.4,0.4955,0.1777,3
5,0.5,30,20,5,0.1,0.5,0.4955,0.1777,3
11,0.4,45,20,3,0.1,0.4,0.4955,0.1777,3
11,0.4,45,20,2,0.0,0.3,0.4955,0.1777,3
11,0.4,45,20,2,0.0,0.4,0.4955,0.1777,3
5,0.5,30,20,3,0.0,0.4,0.4955,0.1777,3
5,0.5,30,20,3,0.0,0.5,0.4955,0.1777,3
5,0.5,30,20,3,0.0,0.6,0.4955,0.1777,3
5,0.5,30,20,3,0.1,0.3,0.4955,0.1777,3
15,0.3,60,30,2,0.2,0.3,0.4955,0.1777,3
15,0.3,60,30,3,0.0,0.3,0.4955,0.1777,3
15,0.3,60,30,3,0.1,0.3,0.4955,0.1777,3
15,0.3,60,30,3,0.2,0.3,0.4955,0.1777,3
15,0.3,60,30,5,0.0,0.3,0.4955,0.1777,3
15,0.3,60,30,5,0.1,0.3,0.4955,0.1777,3
15,0.3,60,30,5,0.2,0.3,0.4955,0.1777,3
5,0.5,45,10,2,0.2,0.3,0.4955,0.1777,3
5,0.5,30,20,3,0.1,0.5,0.4955,0.1777,3
5,0.5,30,20,3,0.1,0.6,0.4955,0.1777,3
5,0.5,30,20,3,0.2,0.3,0.4955,0.1777,3
11,0.4,45,20,2,0.1,0.3,0.4955,0.1777,3
11,0.4,45,20,2,0.1,0.4,0.4955,0.1777,3
5,0.5,30,20,2,0.0,0.3,0.4955,0.1777,3
5,0.5,30,20,2,0.0,0.4,0.4955,0.1777,3
5,0.5,30,20,2,0.0,0.5,0.4955,0.1777,3
5,0.5,30,20,2,0.0,0.6,0.4955,0.1777,3
5,0.5,30,20,2,0.1,0.3,0.4955,0.1777,3
5,0.5,30,20,2,0.1,0.4,0.4955,0.1777,3
5,0.5,30,20,2,0.1,0.5,0.4955,0.1777,3
5,0.5,30,20,2,0.1,0.6,0.4955,0.1777,3
15,0.3,60,30,2,0.0,0.3,0.4955,0.1777,3
15,0.3,60,30,2,0.1,0.3,0.4955,0.1777,3
7,0.5,60,20,5,0.0,0.3,0.4955,0.1777,3
5,0.5,60,10,5,0.1,0.6,0.4955,0.1777,3
7,0.3,30,30,3,0.1,0.4,0.4955,0.1777,3
15,0.3,20,30,5,0.2,0.4,0.4955,0.1777,3
15,0.3,45,30,2,0.0,0.3,0.4955,0.1777,3
7,0.5,30,20,2,0.0,0.5,0.4955,0.1777,3
5,0.5,30,20,2,0.2,0.3,0.4955,0.1777,3
5,0.5,30,20,2,0.2,0.4,0.4955,0.1777,3
5,0.5,30,20,2,0.2,0.5,0.4955,0.1777,3
5,0.5,30,20,2,0.2,0.6,0.4955,0.1777,3
5,0.5,30,20,3,0.0,0.3,0.4955,0.1777,3
11,0.4,45,20,5,0.1,0.3,0.4955,0.1777,3
11,0.4,45,20,5,0.1,0.4,0.4955,0.1777,3
7,0.5,60,10,2,0.1,0.4,0.4955,0.1777,3
7,0.5,60,10,2,0.1,0.5,0.4955,0.1777,3
11,0.4,60,20,2,0.0,0.4,0.4955,0.1777,3
11,0.4,60,20,3,0.1,0.3,0.4955,0.1777,3
5,0.5,30,20,3,0.1,0.4,0.4955,0.1777,3
11,0.4,60,20,3,0.1,0.4,0.4955,0.1777,3
7,0.5,30,20,2,0.0,0.3,0.4955,0.1777,3
7,0.5,60,10,3,0.1,0.5,0.4955,0.1777,3
7,0.5,60,10,2,0.0,0.3,0.4955,0.1777,3
7,0.5,60,10,2,0.0,0.4,0.4955,0.1777,3
7,0.5,60,10,2,0.0,0.5,0.4955,0.1777,3
7,0.5,60,10,2,0.1,0.3,0.4955,0.1777,3
7,0.3,30,30,3,0.1,0.5,0.4955,0.1777,3
7,0.3,30,30,3,0.2,0.4,0.4955,0.1777,3
7,0.3,30,30,3,0.2,0.5,0.4955,0.1777,3
11,0.4,45,20,3,0.0,0.3,0.4955,0.1777,3
11,0.4,45,20,3,0.0,0.4,0.4955,0.1777,3
11,0.4,45,20,3,0.1,0.3,0.4955,0.1777,3
7,0.3,45,30,3,0.2,0.5,0.4955,0.1777,3
7,0.5,60,10,3,0.0,0.3,0.4955,0.1777,3
7,0.5,60,10,3,0.0,0.4,0.4955,0.1777,3
7,0.5,60,10,3,0.0,0.5,0.4955,0.1777,3
7,0.5,60,10,3,0.1,0.3,0.4955,0.1777,3
7,0.5,60,10,3,0.1,0.4,0.4955,0.1777,3
7,0.3,45,30,5,0.0,0.5,0.4955,0.1777,3
7,0.3,45,30,5,0.1,0.5,0.4955,0.1777,3
7,0.3,45,30,5,0.2,0.5,0.4955,0.1777,3
7,0.5,60,10,5,0.1,0.4,0.4955,0.1777,3
7,0.5,60,10,5,0.1,0.5,0.4955,0.1777,3
7,0.3,45,30,2,0.0,0.5,0.4955,0.1777,3
7,0.3,45,30,2,0.1,0.5,0.4955,0.1777,3
15,0.3,45,30,5,0.0,0.3,0.4955,0.1777,3
15,0.3,45,30,5,0.1,0.3,0.4955,0.1777,3
15,0.3,20,30,2,0.0,0.4,0.4955,0.1777,3
7,0.3,45,30,2,0.2,0.5,0.4955,0.1777,3
7,0.3,45,30,3,0.0,0.5,0.4955,0.1777,3
7,0.3,45,30,3,0.1,0.5,0.4955,0.1777,3
15,0.3,45,30,2,0.1,0.3,0.4955,0.1777,3
15,0.3,45,30,2,0.2,0.3,0.4955,0.1777,3
15,0.3,45,30,5,0.2,0.3,0.4955,0.1777,3
15,0.3,45,30,3,0.0,0.3,0.4955,0.1777,3
15,0.3,45,30,3,0.1,0.3,0.4955,0.1777,3
15,0.3,45,30,3,0.2,0.3,0.4955,0.1777,3
7,0.5,60,10,5,0.0,0.5,0.4955,0.1777,3
7,0.5,60,10,5,0.1,0.3,0.4955,0.1777,3
15,0.3,30,30,3,0.0,0.4,0.4955,0.1777,3
15,0.3,30,30,3,0.1,0.4,0.4955,0.1777,3
11,0.4,45,20,5,0.0,0.3,0.4955,0.1777,3
11,0.4,45,20,5,0.0,0.4,0.4955,0.1777,3
7,0.5,60,20,2,0.1,0.4,0.4955,0.1777,3
7,0.5,60,20,2,0.1,0.5,0.4955,0.1777,3
15,0.3,20,30,2,0.1,0.4,0.4955,0.1777,3
7,0.5,60,10,5,0.0,0.3,0.4955,0.1777,3
7,0.5,60,10,5,0.0,0.4,0.4955,0.1777,3
7,0.5,60,20,2,0.1,0.3,0.4955,0.1777,3
15,0.3,20,30,2,0.2,0.4,0.4955,0.1777,3
15,0.3,20,30,3,0.0,0.4,0.4955,0.1777,3
7,0.5,60,20,2,0.0,0.3,0.4955,0.1777,3
7,0.5,60,20,2,0.0,0.4,0.4955,0.1777,3
7,0.5,60,20,2,0.0,0.5,0.4955,0.1777,3
7,0.5,60,20,5,0.1,0.3,0.4955,0.1777,3
7,0.5,60,20,5,0.1,0.4,0.4955,0.1777,3
7,0.5,60,20,5,0.1,0.5,0.4955,0.1777,3
7,0.5,60,20,3,0.0,0.3,0.4955,0.1777,3
7,0.5,60,20,3,0.0,0.4,0.4955,0.1777,3
7,0.5,60,20,3,0.0,0.5,0.4955,0.1777,3
7,0.5,60,20,3,0.1,0.3,0.4955,0.1777,3
7,0.5,60,20,3,0.1,0.4,0.4955,0.1777,3
7,0.5,60,20,3,0.1,0.5,0.4955,0.1777,3
15,0.3,20,30,5,0.1,0.4,0.4955,0.1777,3
15,0.3,20,30,3,0.1,0.4,0.4955,0.1777,3
15,0.3,20,30,3,0.2,0.4,0.4955,0.1777,3
7,0.3,30,30,2,0.0,0.4,0.4955,0.1777,3
7,0.5,30,20,2,0.1,0.3,0.4955,0.1777,3
7,0.5,30,20,2,0.1,0.4,0.4955,0.1777,3
7,0.5,30,20,2,0.1,0.5,0.4955,0.1777,3
11,0.4,30,20,5,0.1,0.5,0.4955,0.1777,3
11,0.4,30,20,5,0.2,0.3,0.4955,0.1777,3
7,0.5,30,20,3,0.0,0.4,0.4955,0.1777,3
7,0.5,30,20,3,0.0,0.5,0.4955,0.1777,3
7,0.5,30,20,3,0.1,0.3,0.4955,0.1777,3
7,0.5,30,20,3,0.1,0.4,0.4955,0.1777,3
7,0.5,30,20,3,0.1,0.5,0.4955,0.1777,3
7,0.5,30,20,2,0.2,0.5,0.4955,0.1777,3
7,0.5,30,20,3,0.0,0.3,0.4955,0.1777,3
15,0.3,30,30,5,0.0,0.4,0.4955,0.1777,3
5,0.5,60,10,5,0.1,0.5,0.4955,0.1777,3
7,0.5,30,20,3,0.2,0.3,0.4955,0.1777,3
7,0.3,30,30,2,0.1,0.4,0.4955,0.1777,3
7,0.5,60,20,5,0.0,0.4,0.4955,0.1777,3
7,0.5,60,20,5,0.0,0.5,0.4955,0.1777,3
11,0.4,60,20,5,0.0,0.3,0.4955,0.1777,3
11,0.4,60,20,5,0.0,0.4,0.4955,0.1777,3
11,0.4,60,20,5,0.1,0.3,0.4955,0.1777,3
11,0.4,60,20,5,0.1,0.4,0.4955,0.1777,3
7,0.3,30,30,5,0.1,0.4,0.4955,0.1777,3
7,0.3,30,30,5,0.1,0.5,0.4955,0.1777,3
7,0.3,30,30,5,0.2,0.4,0.4955,0.1777,3
7,0.3,30,30,5,0.2,0.5,0.4955,0.1777,3
7,0.3,30,30,2,0.2,0.4,0.4955,0.1777,3
7,0.3,30,30,2,0.2,0.5,0.4955,0.1777,3
7,0.3,30,30,3,0.0,0.4,0.4955,0.1777,3
7,0.3,30,30,3,0.0,0.5,0.4955,0.1777,3
7,0.5,30,20,2,0.0,0.4,0.4955,0.1777,3
7,0.3,90,30,5,0.0,0.3,0.4944,0.1765,3
7,0.3,90,30,3,0.1,0.3,0.4944,0.1765,3
7,0.3,90,30,2,0.1,0.3,0.4944,0.1765,3
7,0.3,90,30,2,0.0,0.3,0.4944,0.1765,3
7,0.3,90,30,5,0.1,0.3,0.4944,0.1765,3
7,0.3,90,30,3,0.0,0.3,0.4944,0.1765,3
11,0.3,20,10,2,0.1,0.6,0.493,0.1378,3
11,0.3,20,10,5,0.1,0.6,0.493,0.1378,3
11,0.3,20,10,3,0.2,0.6,0.493,0.1378,3
11,0.3,20,10,5,0.0,0.6,0.493,0.1378,3
11,0.3,20,10,3,0.0,0.6,0.493,0.1378,3
11,0.4,20,10,2,0.0,0.6,0.493,0.1378,3
11,0.4,20,10,2,0.2,0.6,0.493,0.1378,3
11,0.3,20,10,5,0.2,0.6,0.493,0.1378,3
7,0.4,30,20,3,0.1,0.6,0.493,0.1378,3
7,0.4,30,20,5,0.2,0.6,0.493,0.1378,3
11,0.4,20,10,5,0.1,0.6,0.493,0.1378,3
11,0.4,20,10,5,0.2,0.6,0.493,0.1378,3
11,0.4,20,10,5,0.0,0.6,0.493,0.1378,3
11,0.4,20,10,3,0.1,0.6,0.493,0.1378,3
11,0.4,30,10,5,0.1,0.6,0.493,0.1378,3
11,0.3,20,10,3,0.1,0.6,0.493,0.1378,3
11,0.3,20,10,2,0.0,0.6,0.493,0.1378,3
11,0.4,30,10,3,0.2,0.6,0.493,0.1378,3
7,0.4,30,20,2,0.0,0.6,0.493,0.1378,3
11,0.3,20,10,2,0.2,0.6,0.493,0.1378,3
11,0.4,30,10,2,0.2,0.6,0.493,0.1378,3
11,0.4,30,10,2,0.1,0.6,0.493,0.1378,3
7,0.4,30,20,2,0.1,0.6,0.493,0.1378,3
11,0.4,30,10,5,0.2,0.6,0.493,0.1378,3
11,0.4,30,10,2,0.0,0.6,0.493,0.1378,3
7,0.3,20,20,3,0.0,0.6,0.493,0.1378,3
7,0.3,20,20,5,0.2,0.6,0.493,0.1378,3
7,0.3,20,20,2,0.2,0.6,0.493,0.1378,3
7,0.3,20,20,2,0.1,0.6,0.493,0.1378,3
7,0.3,20,20,5,0.1,0.6,0.493,0.1378,3
7,0.3,20,20,2,0.0,0.6,0.493,0.1378,3
7,0.3,20,20,3,0.2,0.6,0.493,0.1378,3
7,0.3,20,20,3,0.1,0.6,0.493,0.1378,3
11,0.4,30,10,3,0.1,0.6,0.493,0.1378,3
11,0.4,30,10,3,0.0,0.6,0.493,0.1378,3
7,0.4,30,20,3,0.2,0.6,0.493,0.1378,3
7,0.4,30,20,2,0.2,0.6,0.493,0.1378,3
7,0.4,30,20,3,0.0,0.6,0.493,0.1378,3
7,0.3,20,20,5,0.0,0.6,0.493,0.1378,3
7,0.4,30,20,5,0.0,0.6,0.493,0.1378,3
11,0.4,20,10,3,0.2,0.6,0.493,0.1378,3
11,0.4,20,10,2,0.1,0.6,0.493,0.1378,3
11,0.4,20,10,3,0.0,0.6,0.493,0.1378,3
7,0.4,30,20,5,0.1,0.6,0.493,0.1378,3
11,0.4,30,10,5,0.0,0.6,0.493,0.1378,3
7,0.5,20,10,5,0.2,0.4,0.4922,0.1665,3
7,0.5,20,10,3,0.0,0.5,0.4922,0.1665,3
7,0.5,20,10,5,0.2,0.5,0.4922,0.1665,3
7,0.5,20,10,3,0.0,0.3,0.4922,0.1665,3
7,0.5,20,10,3,0.1,0.4,0.4922,0.1665,3
7,0.5,20,10,3,0.1,0.5,0.4922,0.1665,3
7,0.5,20,10,5,0.0,0.5,0.4922,0.1665,3
7,0.5,20,10,5,0.1,0.5,0.4922,0.1665,3
7,0.5,20,10,5,0.1,0.4,0.4922,0.1665,3
7,0.5,20,10,5,0.1,0.3,0.4922,0.1665,3
7,0.5,20,10,3,0.1,0.3,0.4922,0.1665,3
7,0.5,20,10,3,0.0,0.4,0.4922,0.1665,3
11,0.4,20,20,5,0.1,0.3,0.4922,0.1665,3
11,0.4,20,20,5,0.1,0.4,0.4922,0.1665,3
11,0.4,20,20,2,0.0,0.3,0.4922,0.1665,3
7,0.5,20,10,3,0.2,0.5,0.4922,0.1665,3
11,0.4,20,20,2,0.1,0.3,0.4922,0.1665,3
11,0.4,20,20,2,0.0,0.4,0.4922,0.1665,3
7,0.5,20,10,3,0.2,0.4,0.4922,0.1665,3
11,0.4,20,20,2,0.1,0.4,0.4922,0.1665,3
7,0.5,20,10,2,0.0,0.3,0.4922,0.1665,3
7,0.5,20,10,2,0.2,0.4,0.4922,0.1665,3
7,0.5,20,10,3,0.2,0.3,0.4922,0.1665,3
11,0.4,20,20,5,0.0,0.4,0.4922,0.1665,3
11,0.4,20,20,5,0.0,0.3,0.4922,0.1665,3
11,0.4,20,20,3,0.0,0.4,0.4922,0.1665,3
11,0.4,20,20,3,0.0,0.3,0.4922,0.1665,3
11,0.4,20,20,3,0.1,0.3,0.4922,0.1665,3
11,0.4,20,20,3,0.1,0.4,0.4922,0.1665,3
7,0.5,20,10,2,0.2,0.5,0.4922,0.1665,3
7,0.5,20,10,2,0.2,0.3,0.4922,0.1665,3
7,0.5,20,10,2,0.1,0.4,0.4922,0.1665,3
7,0.5,20,10,5,0.2,0.3,0.4922,0.1665,3
7,0.5,20,10,2,0.1,0.5,0.4922,0.1665,3
7,0.5,20,10,5,0.0,0.3,0.4922,0.1665,3
7,0.5,20,10,2,0.0,0.4,0.4922,0.1665,3
7,0.5,20,10,2,0.0,0.5,0.4922,0.1665,3
7,0.5,20,10,5,0.0,0.4,0.4922,0.1665,3
7,0.5,20,10,2,0.1,0.3,0.4922,0.1665,3
7,0.3,60,10,2,0.1,0.6,0.492,0.137,3
7,0.3,60,10,5,0.1,0.6,0.492,0.137,3
7,0.3,60,10,2,0.2,0.6,0.492,0.137,3
7,0.3,60,10,3,0.1,0.6,0.492,0.137,3
15,0.3,60,10,2,0.0,0.5,0.492,0.137,3
7,0.3,60,10,3,0.0,0.6,0.492,0.137,3
15,0.3,60,10,3,0.1,0.5,0.492,0.137,3
7,0.3,60,10,5,0.2,0.6,0.492,0.137,3
15,0.3,60,10,2,0.2,0.5,0.492,0.137,3
15,0.3,45,10,5,0.0,0.5,0.492,0.137,3
15,0.3,45,10,5,0.2,0.5,0.492,0.137,3
15,0.3,45,10,5,0.1,0.5,0.492,0.137,3
7,0.3,60,10,5,0.0,0.6,0.492,0.137,3
15,0.3,45,10,3,0.0,0.5,0.492,0.137,3
15,0.3,45,10,3,0.1,0.5,0.492,0.137,3
15,0.3,45,10,3,0.2,0.5,0.492,0.137,3
15,0.3,60,10,2,0.1,0.5,0.492,0.137,3
15,0.3,60,10,3,0.0,0.5,0.492,0.137,3
7,0.3,60,10,3,0.2,0.6,0.492,0.137,3
15,0.3,60,10,5,0.0,0.5,0.492,0.137,3
15,0.3,60,10,5,0.1,0.5,0.492,0.137,3
15,0.3,60,10,3,0.2,0.5,0.492,0.137,3
15,0.3,45,10,2,0.1,0.5,0.492,0.137,3
15,0.3,60,10,5,0.2,0.5,0.492,0.137,3
7,0.3,90,10,3,0.0,0.6,0.492,0.137,3
15,0.3,45,10,2,0.0,0.5,0.492,0.137,3
7,0.3,90,10,3,0.1,0.6,0.492,0.137,3
7,0.3,90,10,2,0.0,0.6,0.492,0.137,3
7,0.3,90,10,5,0.1,0.6,0.492,0.137,3
7,0.3,90,10,2,0.1,0.6,0.492,0.137,3
7,0.3,90,10,5,0.0,0.6,0.492,0.137,3
15,0.3,45,10,2,0.2,0.5,0.492,0.137,3
7,0.3,60,10,2,0.0,0.6,0.492,0.137,3
15,0.3,45,10,2,0.2,0.3,0.4914,0.1355,3
15,0.3,60,10,5,0.2,0.3,0.4914,0.1355,3
15,0.3,60,10,5,0.1,0.3,0.4914,0.1355,3
15,0.3,60,10,2,0.1,0.3,0.4914,0.1355,3
15,0.3,45,10,5,0.0,0.3,0.4914,0.1355,3
15,0.3,45,10,5,0.1,0.3,0.4914,0.1355,3
15,0.3,45,10,3,0.0,0.3,0.4914,0.1355,3
15,0.3,45,10,5,0.2,0.3,0.4914,0.1355,3
15,0.3,60,10,3,0.0,0.3,0.4914,0.1355,3
15,0.3,45,10,3,0.2,0.3,0.4914,0.1355,3
15,0.3,45,10,2,0.0,0.3,0.4914,0.1355,3
15,0.3,45,10,3,0.1,0.3,0.4914,0.1355,3
15,0.3,60,10,5,0.0,0.3,0.4914,0.1355,3
15,0.3,45,10,2,0.1,0.3,0.4914,0.1355,3
15,0.3,60,10,3,0.2,0.3,0.4914,0.1355,3
15,0.3,60,10,2,0.0,0.3,0.4914,0.1355,3
15,0.3,60,10,2,0.2,0.3,0.4914,0.1355,3
15,0.3,60,10,3,0.1,0.3,0.4914,0.1355,3
7,0.4,20,10,3,0.0,0.3,0.4901,0.1268,3
7,0.4,20,10,3,0.1,0.4,0.4901,0.1268,3
7,0.4,20,10,2,0.2,0.3,0.4901,0.1268,3
7,0.4,20,10,3,0.1,0.3,0.4901,0.1268,3
7,0.4,20,10,3,0.0,0.4,0.4901,0.1268,3
7,0.4,20,10,5,0.0,0.3,0.4901,0.1268,3
7,0.4,20,10,2,0.0,0.4,0.4901,0.1268,3
7,0.4,20,10,2,0.1,0.3,0.4901,0.1268,3
7,0.4,20,10,2,0.1,0.4,0.4901,0.1268,3
7,0.4,20,10,5,0.0,0.4,0.4901,0.1268,3
7,0.4,20,10,3,0.2,0.3,0.4901,0.1268,3
7,0.4,20,10,3,0.2,0.4,0.4901,0.1268,3
7,0.4,20,10,2,0.2,0.4,0.4901,0.1268,3
7,0.4,30,10,2,0.2,0.4,0.4901,0.1268,3
7,0.4,20,10,2,0.0,0.3,0.4901,0.1268,3
7,0.4,30,10,5,0.2,0.3,0.4901,0.1268,3
7,0.4,30,10,5,0.1,0.5,0.4901,0.1268,3
7,0.4,30,10,5,0.0,0.5,0.4901,0.1268,3
7,0.4,30,10,3,0.2,0.3,0.4901,0.1268,3
7,0.4,30,10,2,0.0,0.3,0.4901,0.1268,3
7,0.4,30,10,5,0.0,0.4,0.4901,0.1268,3
7,0.4,30,10,3,0.1,0.5,0.4901,0.1268,3
7,0.4,30,10,5,0.1,0.3,0.4901,0.1268,3
7,0.4,30,10,5,0.1,0.4,0.4901,0.1268,3
7,0.4,30,10,3,0.1,0.4,0.4901,0.1268,3
7,0.4,30,10,3,0.0,0.3,0.4901,0.1268,3
7,0.4,30,10,3,0.1,0.3,0.4901,0.1268,3
7,0.4,30,10,3,0.0,0.5,0.4901,0.1268,3
7,0.4,30,10,3,0.0,0.4,0.4901,0.1268,3
7,0.4,30,10,2,0.0,0.4,0.4901,0.1268,3
7,0.4,30,10,5,0.2,0.5,0.4901,0.1268,3
7,0.4,30,10,2,0.2,0.5,0.4901,0.1268,3
7,0.4,30,10,2,0.0,0.5,0.4901,0.1268,3
7,0.4,30,10,2,0.2,0.3,0.4901,0.1268,3
7,0.4,30,10,2,0.1,0.3,0.4901,0.1268,3
7,0.4,30,10,2,0.1,0.4,0.4901,0.1268,3
7,0.4,30,10,5,0.2,0.4,0.4901,0.1268,3
7,0.4,30,10,5,0.0,0.3,0.4901,0.1268,3
7,0.4,30,10,3,0.2,0.5,0.4901,0.1268,3
7,0.4,30,10,3,0.2,0.4,0.4901,0.1268,3
7,0.4,20,10,5,0.1,0.3,0.4901,0.1268,3
7,0.4,20,10,5,0.1,0.4,0.4901,0.1268,3
7,0.4,20,10,5,0.2,0.3,0.4901,0.1268,3
7,0.4,20,10,5,0.2,0.4,0.4901,0.1268,3
7,0.4,30,10,2,0.1,0.5,0.4901,0.1268,3
11,0.5,60,20,3,0.0,0.5,0.4895,0.1844,3
11,0.5,60,20,3,0.0,0.3,0.4895,0.1844,3
11,0.5,60,20,2,0.1,0.5,0.4895,0.1844,3
11,0.5,60,20,5,0.0,0.4,0.4895,0.1844,3
11,0.5,60,20,5,0.0,0.3,0.4895,0.1844,3
11,0.5,60,20,5,0.0,0.5,0.4895,0.1844,3
11,0.5,60,20,3,0.0,0.4,0.4895,0.1844,3
5,0.6,90,10,2,0.1,0.5,0.4895,0.1844,3
5,0.6,90,10,2,0.1,0.4,0.4895,0.1844,3
5,0.6,90,10,2,0.1,0.3,0.4895,0.1844,3
5,0.6,90,10,2,0.0,0.7,0.4895,0.1844,3
5,0.6,90,10,3,0.1,0.3,0.4895,0.1844,3
5,0.6,90,10,3,0.0,0.7,0.4895,0.1844,3
5,0.6,90,10,3,0.0,0.6,0.4895,0.1844,3
5,0.6,90,10,3,0.0,0.5,0.4895,0.1844,3
5,0.6,90,10,3,0.0,0.4,0.4895,0.1844,3
11,0.5,45,20,2,0.0,0.4,0.4895,0.1844,3
11,0.5,45,20,2,0.1,0.3,0.4895,0.1844,3
11,0.5,45,20,2,0.0,0.5,0.4895,0.1844,3
11,0.5,60,20,2,0.1,0.4,0.4895,0.1844,3
11,0.5,60,20,2,0.1,0.3,0.4895,0.1844,3
11,0.5,60,20,2,0.0,0.5,0.4895,0.1844,3
11,0.5,60,20,2,0.0,0.4,0.4895,0.1844,3
11,0.5,60,20,2,0.0,0.3,0.4895,0.1844,3
11,0.5,60,20,3,0.1,0.3,0.4895,0.1844,3
5,0.6,45,20,3,0.0,0.7,0.4895,0.1844,3
11,0.5,45,20,5,0.1,0.5,0.4895,0.1844,3
5,0.6,45,20,3,0.1,0.6,0.4895,0.1844,3
5,0.6,45,20,3,0.1,0.5,0.4895,0.1844,3
5,0.6,45,20,3,0.1,0.4,0.4895,0.1844,3
5,0.6,45,20,3,0.1,0.3,0.4895,0.1844,3
5,0.6,45,20,5,0.1,0.3,0.4895,0.1844,3
5,0.6,45,20,5,0.0,0.7,0.4895,0.1844,3
11,0.5,45,20,5,0.0,0.4,0.4895,0.1844,3
11,0.5,45,20,5,0.0,0.3,0.4895,0.1844,3
5,0.6,45,20,2,0.1,0.7,0.4895,0.1844,3
5,0.6,45,20,2,0.1,0.6,0.4895,0.1844,3
5,0.6,45,20,2,0.1,0.5,0.4895,0.1844,3
5,0.5,45,20,5,0.1,0.7,0.4895,0.1844,3
5,0.5,45,20,2,0.0,0.7,0.4895,0.1844,3
5,0.5,45,20,3,0.2,0.7,0.4895,0.1844,3
5,0.5,45,20,3,0.1,0.7,0.4895,0.1844,3
5,0.5,45,20,2,0.2,0.7,0.4895,0.1844,3
5,0.5,45,20,2,0.1,0.7,0.4895,0.1844,3
5,0.6,45,20,5,0.1,0.7,0.4895,0.1844,3
5,0.6,45,20,5,0.1,0.6,0.4895,0.1844,3
5,0.6,45,20,5,0.1,0.5,0.4895,0.1844,3
5,0.6,45,20,5,0.1,0.4,0.4895,0.1844,3
5,0.6,45,20,2,0.1,0.4,0.4895,0.1844,3
5,0.6,45,20,2,0.1,0.3,0.4895,0.1844,3
5,0.6,45,20,2,0.0,0.7,0.4895,0.1844,3
11,0.5,45,20,3,0.1,0.5,0.4895,0.1844,3
5,0.6,45,20,3,0.1,0.7,0.4895,0.1844,3
11,0.5,45,20,3,0.1,0.3,0.4895,0.1844,3
5,0.6,45,10,5,0.1,0.7,0.4895,0.1844,3
5,0.6,45,10,5,0.1,0.6,0.4895,0.1844,3
5,0.6,45,10,5,0.1,0.5,0.4895,0.1844,3
5,0.6,45,10,5,0.1,0.4,0.4895,0.1844,3
5,0.6,45,10,5,0.1,0.3,0.4895,0.1844,3
5,0.6,45,10,5,0.0,0.7,0.4895,0.1844,3
5,0.5,45,20,5,0.0,0.7,0.4895,0.1844,3
5,0.5,45,20,3,0.0,0.7,0.4895,0.1844,3
5,0.5,45,20,5,0.2,0.7,0.4895,0.1844,3
5,0.6,90,20,5,0.1,0.7,0.4895,0.1844,3
5,0.6,90,20,5,0.1,0.6,0.4895,0.1844,3
5,0.6,90,20,5,0.1,0.5,0.4895,0.1844,3
11,0.5,45,20,3,0.0,0.5,0.4895,0.1844,3
11,0.5,45,20,3,0.0,0.4,0.4895,0.1844,3
11,0.5,45,20,3,0.0,0.3,0.4895,0.1844,3
11,0.5,45,20,2,0.1,0.5,0.4895,0.1844,3
11,0.5,45,20,5,0.1,0.4,0.4895,0.1844,3
11,0.5,45,20,5,0.1,0.3,0.4895,0.1844,3
11,0.5,45,20,5,0.0,0.5,0.4895,0.1844,3
5,0.6,90,20,5,0.0,0.3,0.4895,0.1844,3
5,0.6,90,20,3,0.1,0.7,0.4895,0.1844,3
5,0.6,90,20,3,0.1,0.6,0.4895,0.1844,3
5,0.6,90,20,3,0.1,0.5,0.4895,0.1844,3
5,0.6,90,20,3,0.1,0.4,0.4895,0.1844,3
5,0.6,90,20,3,0.1,0.3,0.4895,0.1844,3
5,0.6,90,20,3,0.0,0.7,0.4895,0.1844,3
5,0.6,90,20,3,0.0,0.6,0.4895,0.1844,3
5,0.6,90,20,3,0.0,0.5,0.4895,0.1844,3
11,0.5,45,20,2,0.0,0.3,0.4895,0.1844,3
5,0.6,90,20,2,0.1,0.7,0.4895,0.1844,3
5,0.6,90,20,2,0.1,0.6,0.4895,0.1844,3
5,0.6,90,20,2,0.1,0.5,0.4895,0.1844,3
5,0.6,90,20,2,0.1,0.4,0.4895,0.1844,3
5,0.6,90,20,2,0.1,0.3,0.4895,0.1844,3
5,0.6,90,20,2,0.0,0.7,0.4895,0.1844,3
5,0.6,90,20,2,0.0,0.6,0.4895,0.1844,3
5,0.6,90,20,2,0.0,0.5,0.4895,0.1844,3
5,0.6,90,20,2,0.0,0.4,0.4895,0.1844,3
5,0.6,90,20,2,0.0,0.3,0.4895,0.1844,3
11,0.5,90,20,5,0.1,0.5,0.4895,0.1844,3
5,0.6,90,20,5,0.1,0.4,0.4895,0.1844,3
5,0.6,90,20,5,0.1,0.3,0.4895,0.1844,3
5,0.6,90,20,5,0.0,0.5,0.4895,0.1844,3
5,0.6,90,20,5,0.0,0.4,0.4895,0.1844,3
5,0.6,45,10,3,0.1,0.4,0.4895,0.1844,3
5,0.6,45,10,3,0.1,0.3,0.4895,0.1844,3
5,0.6,45,10,3,0.0,0.7,0.4895,0.1844,3
5,0.6,45,10,2,0.1,0.7,0.4895,0.1844,3
5,0.6,45,10,2,0.1,0.6,0.4895,0.1844,3
5,0.6,45,10,2,0.1,0.5,0.4895,0.1844,3
11,0.5,90,20,2,0.1,0.3,0.4895,0.1844,3
11,0.5,90,20,2,0.0,0.5,0.4895,0.1844,3
11,0.5,90,20,5,0.0,0.4,0.4895,0.1844,3
11,0.5,90,20,5,0.0,0.3,0.4895,0.1844,3
5,0.6,90,10,5,0.1,0.7,0.4895,0.1844,3
5,0.6,90,10,5,0.1,0.6,0.4895,0.1844,3
5,0.6,90,10,5,0.1,0.5,0.4895,0.1844,3
5,0.6,90,10,5,0.1,0.4,0.4895,0.1844,3
5,0.6,90,10,5,0.1,0.3,0.4895,0.1844,3
5,0.6,90,10,5,0.0,0.7,0.4895,0.1844,3
5,0.6,90,10,5,0.0,0.6,0.4895,0.1844,3
5,0.6,90,20,3,0.0,0.4,0.4895,0.1844,3
5,0.6,90,20,3,0.0,0.3,0.4895,0.1844,3
5,0.6,45,10,2,0.1,0.4,0.4895,0.1844,3
11,0.5,45,20,3,0.1,0.4,0.4895,0.1844,3
11,0.5,90,20,2,0.0,0.4,0.4895,0.1844,3
11,0.5,90,20,2,0.0,0.3,0.4895,0.1844,3
5,0.6,90,10,5,0.0,0.5,0.4895,0.1844,3
5,0.6,90,10,5,0.0,0.4,0.4895,0.1844,3
5,0.6,90,10,5,0.0,0.3,0.4895,0.1844,3
11,0.5,90,20,3,0.1,0.5,0.4895,0.1844,3
11,0.5,90,20,3,0.1,0.4,0.4895,0.1844,3
11,0.5,90,20,3,0.1,0.3,0.4895,0.1844,3
11,0.5,90,20,3,0.0,0.5,0.4895,0.1844,3
11,0.5,90,20,3,0.0,0.4,0.4895,0.1844,3
11,0.5,90,20,3,0.0,0.3,0.4895,0.1844,3
11,0.5,90,20,5,0.1,0.4,0.4895,0.1844,3
11,0.5,90,20,5,0.1,0.3,0.4895,0.1844,3
11,0.5,90,20,5,0.0,0.5,0.4895,0.1844,3
5,0.6,90,20,5,0.0,0.7,0.4895,0.1844,3
5,0.6,90,20,5,0.0,0.6,0.4895,0.1844,3
5,0.6,45,10,3,0.1,0.5,0.4895,0.1844,3
5,0.6,45,10,3,0.1,0.6,0.4895,0.1844,3
11,0.5,60,20,5,0.1,0.5,0.4895,0.1844,3
11,0.5,60,20,5,0.1,0.4,0.4895,0.1844,3
11,0.5,60,20,5,0.1,0.3,0.4895,0.1844,3
5,0.6,90,10,2,0.1,0.7,0.4895,0.1844,3
5,0.6,90,10,2,0.1,0.6,0.4895,0.1844,3
5,0.6,90,10,2,0.0,0.6,0.4895,0.1844,3
5,0.6,90,10,2,0.0,0.5,0.4895,0.1844,3
5,0.6,90,10,2,0.0,0.4,0.4895,0.1844,3
5,0.6,90,10,2,0.0,0.3,0.4895,0.1844,3
5,0.6,90,10,3,0.1,0.7,0.4895,0.1844,3
5,0.6,90,10,3,0.1,0.6,0.4895,0.1844,3
5,0.6,90,10,3,0.1,0.5,0.4895,0.1844,3
5,0.6,90,10,3,0.1,0.4,0.4895,0.1844,3
5,0.6,90,10,3,0.0,0.3,0.4895,0.1844,3
11,0.5,90,20,2,0.1,0.5,0.4895,0.1844,3
11,0.5,90,20,2,0.1,0.4,0.4895,0.1844,3
5,0.6,45,10,2,0.1,0.3,0.4895,0.1844,3
5,0.6,45,10,2,0.0,0.7,0.4895,0.1844,3
5,0.6,45,10,3,0.1,0.7,0.4895,0.1844,3
11,0.5,45,20,2,0.1,0.4,0.4895,0.1844,3
11,0.5,60,20,3,0.1,0.4,0.4895,0.1844,3
11,0.5,60,20,3,0.1,0.5,0.4895,0.1844,3
5,0.3,60,20,3,0.2,0.7,0.4893,0.1843,3
5,0.3,60,20,5,0.0,0.7,0.4893,0.1843,3
5,0.3,60,20,3,0.0,0.7,0.4893,0.1843,3
5,0.3,60,20,2,0.2,0.7,0.4893,0.1843,3
5,0.3,90,10,3,0.2,0.7,0.4893,0.1843,3
5,0.3,60,20,3,0.1,0.7,0.4893,0.1843,3
5,0.3,60,10,5,0.2,0.7,0.4893,0.1843,3
5,0.3,90,20,2,0.2,0.7,0.4893,0.1843,3
5,0.3,90,20,2,0.1,0.7,0.4893,0.1843,3
5,0.3,90,20,5,0.0,0.7,0.4893,0.1843,3
5,0.3,90,10,3,0.0,0.7,0.4893,0.1843,3
5,0.3,60,10,2,0.1,0.7,0.4893,0.1843,3
5,0.3,60,10,3,0.1,0.7,0.4893,0.1843,3
5,0.3,60,10,3,0.0,0.7,0.4893,0.1843,3
5,0.4,90,10,3,0.0,0.7,0.4893,0.1843,3
5,0.4,90,10,3,0.1,0.7,0.4893,0.1843,3
5,0.4,90,10,3,0.2,0.7,0.4893,0.1843,3
5,0.3,60,10,3,0.2,0.7,0.4893,0.1843,3
5,0.3,60,10,5,0.0,0.7,0.4893,0.1843,3
5,0.3,60,10,2,0.2,0.7,0.4893,0.1843,3
5,0.4,90,10,2,0.1,0.7,0.4893,0.1843,3
5,0.4,90,10,2,0.2,0.7,0.4893,0.1843,3
5,0.4,60,10,2,0.2,0.7,0.4893,0.1843,3
5,0.4,60,10,2,0.1,0.7,0.4893,0.1843,3
5,0.4,60,10,5,0.1,0.7,0.4893,0.1843,3
5,0.4,60,10,2,0.0,0.7,0.4893,0.1843,3
5,0.4,90,10,5,0.0,0.7,0.4893,0.1843,3
5,0.4,60,10,3,0.0,0.7,0.4893,0.1843,3
5,0.3,60,20,5,0.1,0.7,0.4893,0.1843,3
5,0.3,90,10,5,0.0,0.7,0.4893,0.1843,3
5,0.4,60,10,5,0.2,0.7,0.4893,0.1843,3
5,0.4,60,10,5,0.0,0.7,0.4893,0.1843,3
5,0.4,60,10,3,0.2,0.7,0.4893,0.1843,3
5,0.4,60,10,3,0.1,0.7,0.4893,0.1843,3
5,0.3,60,20,5,0.2,0.7,0.4893,0.1843,3
5,0.4,90,10,5,0.2,0.7,0.4893,0.1843,3
5,0.4,90,10,2,0.0,0.7,0.4893,0.1843,3
5,0.4,90,10,5,0.1,0.7,0.4893,0.1843,3
5,0.3,90,10,2,0.0,0.7,0.4893,0.1843,3
5,0.3,90,20,2,0.0,0.7,0.4893,0.1843,3
5,0.3,90,10,2,0.1,0.7,0.4893,0.1843,3
5,0.3,90,20,3,0.0,0.7,0.4893,0.1843,3
5,0.3,60,20,2,0.1,0.7,0.4893,0.1843,3
5,0.3,90,10,2,0.2,0.7,0.4893,0.1843,3
5,0.3,60,10,5,0.1,0.7,0.4893,0.1843,3
5,0.3,90,10,3,0.1,0.7,0.4893,0.1843,3
5,0.3,90,20,5,0.2,0.7,0.4893,0.1843,3
5,0.3,90,10,5,0.2,0.7,0.4893,0.1843,3
5,0.3,90,10,5,0.1,0.7,0.4893,0.1843,3
5,0.3,90,20,3,0.1,0.7,0.4893,0.1843,3
5,0.3,90,20,3,0.2,0.7,0.4893,0.1843,3
5,0.3,60,20,2,0.0,0.7,0.4893,0.1843,3
5,0.3,90,20,5,0.1,0.7,0.4893,0.1843,3
5,0.3,60,10,2,0.0,0.7,0.4893,0.1843,3
15,0.3,30,10,3,0.2,0.4,0.489,0.1258,3
7,0.3,30,10,2,0.0,0.4,0.489,0.1258,3
7,0.3,30,10,2,0.1,0.4,0.489,0.1258,3
7,0.3,30,10,2,0.2,0.4,0.489,0.1258,3
15,0.3,30,10,5,0.2,0.4,0.489,0.1258,3
7,0.3,30,10,3,0.0,0.4,0.489,0.1258,3
7,0.3,30,10,3,0.1,0.4,0.489,0.1258,3
15,0.3,30,10,3,0.1,0.4,0.489,0.1258,3
15,0.3,30,10,5,0.0,0.4,0.489,0.1258,3
5,0.3,45,10,2,0.0,0.5,0.489,0.1258,3
5,0.3,45,10,3,0.0,0.5,0.489,0.1258,3
5,0.3,45,10,2,0.2,0.5,0.489,0.1258,3
5,0.3,45,10,2,0.1,0.5,0.489,0.1258,3
15,0.3,30,10,5,0.1,0.4,0.489,0.1258,3
7,0.3,30,10,3,0.2,0.4,0.489,0.1258,3
15,0.3,30,10,3,0.0,0.4,0.489,0.1258,3
7,0.3,45,10,5,0.2,0.4,0.489,0.1258,3
7,0.3,45,10,3,0.2,0.4,0.489,0.1258,3
7,0.3,45,10,5,0.0,0.4,0.489,0.1258,3
7,0.3,45,10,5,0.1,0.4,0.489,0.1258,3
7,0.3,45,10,3,0.1,0.4,0.489,0.1258,3
7,0.3,45,10,2,0.1,0.4,0.489,0.1258,3
15,0.3,30,10,2,0.1,0.4,0.489,0.1258,3
7,0.3,45,10,2,0.2,0.4,0.489,0.1258,3
7,0.3,45,10,3,0.0,0.4,0.489,0.1258,3
7,0.3,30,10,5,0.2,0.4,0.489,0.1258,3
7,0.3,30,10,5,0.1,0.4,0.489,0.1258,3
7,0.3,30,10,5,0.0,0.4,0.489,0.1258,3
15,0.3,30,10,2,0.0,0.4,0.489,0.1258,3
7,0.3,45,10,2,0.0,0.4,0.489,0.1258,3
15,0.3,30,10,2,0.2,0.4,0.489,0.1258,3
5,0.3,45,10,3,0.2,0.5,0.489,0.1258,3
5,0.3,45,10,3,0.1,0.5,0.489,0.1258,3
5,0.3,45,10,5,0.1,0.5,0.489,0.1258,3
5,0.3,45,10,5,0.0,0.5,0.489,0.1258,3
5,0.3,45,10,5,0.2,0.5,0.489,0.1258,3
5,0.4,45,10,3,0.0,0.4,0.489,0.1258,3
5,0.4,45,10,2,0.0,0.4,0.489,0.1258,3
5,0.4,45,10,5,0.0,0.4,0.489,0.1258,3
5,0.4,45,10,5,0.1,0.3,0.489,0.1258,3
5,0.4,45,10,5,0.1,0.4,0.489,0.1258,3
5,0.4,45,10,3,0.1,0.3,0.489,0.1258,3
5,0.4,45,10,3,0.1,0.4,0.489,0.1258,3
5,0.4,45,10,5,0.0,0.3,0.489,0.1258,3
5,0.4,45,10,2,0.0,0.3,0.489,0.1258,3
5,0.4,45,10,2,0.1,0.4,0.489,0.1258,3
5,0.4,45,10,2,0.1,0.3,0.489,0.1258,3
5,0.4,45,10,3,0.0,0.3,0.489,0.1258,3
11,0.3,45,10,3,0.2,0.3,0.4889,0.1257,3
11,0.3,45,10,5,0.2,0.3,0.4889,0.1257,3
11,0.3,45,10,2,0.2,0.3,0.4889,0.1257,3
5,0.5,45,10,5,0.1,0.4,0.486,0.1706,3
5,0.5,45,10,5,0.1,0.3,0.486,0.1706,3
5,0.5,45,10,3,0.0,0.6,0.486,0.1706,3
5,0.5,45,10,3,0.0,0.5,0.486,0.1706,3
15,0.3,20,30,5,0.2,0.3,0.486,0.1706,3
7,0.5,30,10,5,0.0,0.4,0.486,0.1706,3
7,0.5,30,10,5,0.0,0.3,0.486,0.1706,3
7,0.3,20,30,3,0.0,0.5,0.486,0.1706,3
15,0.3,20,30,5,0.1,0.3,0.486,0.1706,3
5,0.5,45,10,3,0.1,0.6,0.486,0.1706,3
5,0.5,45,10,2,0.1,0.4,0.486,0.1706,3
5,0.5,45,10,2,0.1,0.3,0.486,0.1706,3
5,0.5,45,10,2,0.0,0.6,0.486,0.1706,3
5,0.5,45,10,2,0.0,0.5,0.486,0.1706,3
15,0.3,20,30,2,0.2,0.3,0.486,0.1706,3
7,0.5,30,10,3,0.0,0.5,0.486,0.1706,3
7,0.5,30,10,3,0.0,0.4,0.486,0.1706,3
7,0.5,30,10,3,0.0,0.3,0.486,0.1706,3
7,0.5,30,10,2,0.2,0.5,0.486,0.1706,3
7,0.5,30,10,2,0.2,0.4,0.486,0.1706,3
7,0.3,45,30,5,0.2,0.4,0.486,0.1706,3
5,0.5,45,10,2,0.0,0.4,0.486,0.1706,3
15,0.3,20,30,2,0.1,0.3,0.486,0.1706,3
5,0.5,45,10,2,0.0,0.3,0.486,0.1706,3
5,0.5,45,10,3,0.1,0.5,0.486,0.1706,3
5,0.5,45,10,3,0.1,0.4,0.486,0.1706,3
15,0.3,20,30,3,0.2,0.3,0.486,0.1706,3
5,0.5,45,10,3,0.1,0.3,0.486,0.1706,3
15,0.3,20,30,3,0.1,0.3,0.486,0.1706,3
7,0.3,20,30,3,0.1,0.5,0.486,0.1706,3
7,0.5,30,10,2,0.1,0.5,0.486,0.1706,3
7,0.5,30,10,5,0.1,0.5,0.486,0.1706,3
7,0.5,30,10,5,0.1,0.4,0.486,0.1706,3
7,0.3,20,30,3,0.1,0.4,0.486,0.1706,3
5,0.5,45,10,2,0.1,0.6,0.486,0.1706,3
5,0.5,45,10,2,0.1,0.5,0.486,0.1706,3
7,0.5,30,10,3,0.2,0.5,0.486,0.1706,3
7,0.5,30,10,3,0.2,0.4,0.486,0.1706,3
5,0.5,45,10,3,0.0,0.4,0.486,0.1706,3
5,0.5,45,10,3,0.0,0.3,0.486,0.1706,3
5,0.5,45,10,5,0.1,0.6,0.486,0.1706,3
5,0.5,45,10,5,0.1,0.5,0.486,0.1706,3
5,0.5,45,10,5,0.0,0.4,0.486,0.1706,3
7,0.5,30,10,2,0.0,0.4,0.486,0.1706,3
7,0.5,30,10,3,0.2,0.3,0.486,0.1706,3
7,0.5,30,10,2,0.0,0.3,0.486,0.1706,3
7,0.5,30,10,3,0.1,0.5,0.486,0.1706,3
7,0.5,30,10,3,0.1,0.4,0.486,0.1706,3
7,0.5,30,10,3,0.1,0.3,0.486,0.1706,3
7,0.5,30,10,5,0.2,0.5,0.486,0.1706,3
7,0.5,30,10,5,0.2,0.4,0.486,0.1706,3
7,0.5,30,10,5,0.2,0.3,0.486,0.1706,3
15,0.3,20,30,3,0.0,0.3,0.486,0.1706,3
7,0.5,30,10,2,0.1,0.3,0.486,0.1706,3
7,0.5,30,10,5,0.1,0.3,0.486,0.1706,3
7,0.5,30,10,5,0.0,0.5,0.486,0.1706,3
7,0.3,20,30,3,0.2,0.4,0.486,0.1706,3
7,0.5,30,10,2,0.2,0.3,0.486,0.1706,3
7,0.3,45,30,2,0.2,0.4,0.486,0.1706,3
7,0.3,45,30,2,0.1,0.4,0.486,0.1706,3
7,0.3,45,30,2,0.0,0.4,0.486,0.1706,3
7,0.3,45,30,5,0.1,0.4,0.486,0.1706,3
7,0.3,45,30,5,0.0,0.4,0.486,0.1706,3
5,0.5,45,10,5,0.0,0.3,0.486,0.1706,3
15,0.3,20,30,5,0.0,0.3,0.486,0.1706,3
7,0.5,30,10,2,0.1,0.4,0.486,0.1706,3
7,0.3,45,30,3,0.2,0.4,0.486,0.1706,3
7,0.3,45,30,3,0.1,0.4,0.486,0.1706,3
7,0.3,45,30,3,0.0,0.4,0.486,0.1706,3
15,0.3,20,30,2,0.0,0.3,0.486,0.1706,3
7,0.5,30,10,2,0.0,0.5,0.486,0.1706,3
5,0.5,45,10,5,0.0,0.6,0.486,0.1706,3
5,0.5,45,10,5,0.0,0.5,0.486,0.1706,3
7,0.3,20,30,5,0.2,0.4,0.486,0.1706,3
7,0.3,20,30,5,0.1,0.5,0.486,0.1706,3
7,0.3,20,30,5,0.2,0.5,0.486,0.1706,3
7,0.3,20,30,5,0.1,0.4,0.486,0.1706,3
7,0.3,20,30,5,0.0,0.5,0.486,0.1706,3
7,0.3,20,30,5,0.0,0.4,0.486,0.1706,3
7,0.3,20,30,3,0.2,0.5,0.486,0.1706,3
7,0.3,20,30,3,0.0,0.4,0.486,0.1706,3
7,0.3,20,30,2,0.2,0.5,0.486,0.1706,3
7,0.3,20,30,2,0.2,0.4,0.486,0.1706,3
7,0.3,20,30,2,0.1,0.5,0.486,0.1706,3
7,0.3,20,30,2,0.1,0.4,0.486,0.1706,3
7,0.3,20,30,2,0.0,0.5,0.486,0.1706,3
7,0.3,20,30,2,0.0,0.4,0.486,0.1706,3
15,0.3,30,30,2,0.0,0.3,0.486,0.1706,3
15,0.3,30,30,3,0.2,0.3,0.486,0.1706,3
15,0.3,30,30,3,0.1,0.3,0.486,0.1706,3
11,0.4,30,20,2,0.0,0.3,0.486,0.1706,3
11,0.4,30,20,5,0.0,0.3,0.486,0.1706,3
11,0.4,30,20,3,0.0,0.3,0.486,0.1706,3
15,0.3,30,30,2,0.2,0.3,0.486,0.1706,3
15,0.3,30,30,2,0.1,0.3,0.486,0.1706,3
15,0.3,30,30,5,0.2,0.3,0.486,0.1706,3
15,0.3,30,30,5,0.1,0.3,0.486,0.1706,3
15,0.3,30,30,5,0.0,0.3,0.486,0.1706,3
11,0.4,30,20,3,0.0,0.4,0.486,0.1706,3
11,0.4,30,20,2,0.1,0.4,0.486,0.1706,3
11,0.4,30,20,2,0.1,0.3,0.486,0.1706,3
11,0.4,30,20,2,0.0,0.4,0.486,0.1706,3
11,0.4,30,20,5,0.0,0.4,0.486,0.1706,3
11,0.4,30,20,3,0.1,0.4,0.486,0.1706,3
11,0.4,30,20,3,0.1,0.3,0.486,0.1706,3
11,0.4,30,20,5,0.1,0.4,0.486,0.1706,3
11,0.4,30,20,5,0.1,0.3,0.486,0.1706,3
15,0.3,30,30,3,0.0,0.3,0.486,0.1706,3
15,0.5,90,10,3,0.0,0.6,0.4852,0.1716,3
15,0.5,90,10,3,0.0,0.5,0.4852,0.1716,3
7,0.5,30,20,3,0.0,0.6,0.4852,0.1716,3
7,0.5,30,20,2,0.2,0.7,0.4852,0.1716,3
7,0.5,30,20,2,0.2,0.6,0.4852,0.1716,3
7,0.5,30,20,5,0.1,0.7,0.4852,0.1716,3
7,0.4,20,20,3,0.0,0.7,0.4852,0.1716,3
7,0.5,30,20,2,0.1,0.7,0.4852,0.1716,3
7,0.5,30,20,2,0.1,0.6,0.4852,0.1716,3
7,0.5,30,20,2,0.0,0.7,0.4852,0.1716,3
7,0.5,30,20,2,0.0,0.6,0.4852,0.1716,3
7,0.5,30,20,3,0.1,0.7,0.4852,0.1716,3
7,0.5,30,20,3,0.1,0.6,0.4852,0.1716,3
15,0.5,20,10,2,0.1,0.5,0.4852,0.1716,3
15,0.5,20,10,2,0.2,0.4,0.4852,0.1716,3
15,0.5,20,10,2,0.2,0.3,0.4852,0.1716,3
15,0.5,20,10,2,0.1,0.6,0.4852,0.1716,3
15,0.5,20,10,2,0.0,0.3,0.4852,0.1716,3
15,0.5,20,10,3,0.1,0.3,0.4852,0.1716,3
15,0.5,20,10,3,0.0,0.6,0.4852,0.1716,3
15,0.5,20,10,3,0.0,0.5,0.4852,0.1716,3
7,0.5,30,20,5,0.1,0.6,0.4852,0.1716,3
7,0.5,30,20,5,0.0,0.7,0.4852,0.1716,3
7,0.5,30,20,5,0.0,0.6,0.4852,0.1716,3
7,0.5,30,20,3,0.2,0.7,0.4852,0.1716,3
7,0.5,30,20,3,0.2,0.6,0.4852,0.1716,3
15,0.3,20,10,3,0.1,0.6,0.4852,0.1716,3
15,0.3,20,10,3,0.0,0.6,0.4852,0.1716,3
15,0.3,20,10,2,0.2,0.6,0.4852,0.1716,3
7,0.4,20,20,3,0.2,0.7,0.4852,0.1716,3
7,0.5,20,20,5,0.2,0.6,0.4852,0.1716,3
7,0.5,20,20,5,0.1,0.7,0.4852,0.1716,3
7,0.5,20,20,5,0.1,0.6,0.4852,0.1716,3
15,0.3,20,10,2,0.1,0.6,0.4852,0.1716,3
15,0.3,20,10,2,0.0,0.6,0.4852,0.1716,3
5,0.6,30,20,5,0.1,0.7,0.4852,0.1716,3
5,0.6,30,20,5,0.1,0.6,0.4852,0.1716,3
5,0.6,30,20,5,0.1,0.5,0.4852,0.1716,3
5,0.6,30,20,5,0.1,0.4,0.4852,0.1716,3
5,0.6,30,20,5,0.1,0.3,0.4852,0.1716,3
5,0.6,30,20,2,0.1,0.6,0.4852,0.1716,3
5,0.6,30,20,2,0.1,0.5,0.4852,0.1716,3
15,0.5,20,10,3,0.0,0.4,0.4852,0.1716,3
15,0.5,20,10,3,0.0,0.3,0.4852,0.1716,3
15,0.5,20,10,2,0.2,0.6,0.4852,0.1716,3
15,0.5,20,10,2,0.2,0.5,0.4852,0.1716,3
7,0.4,20,20,5,0.1,0.7,0.4852,0.1716,3
5,0.6,30,20,3,0.0,0.7,0.4852,0.1716,3
5,0.6,30,20,5,0.2,0.7,0.4852,0.1716,3
5,0.6,30,20,5,0.2,0.6,0.4852,0.1716,3
5,0.6,30,20,5,0.2,0.5,0.4852,0.1716,3
5,0.6,30,20,5,0.2,0.4,0.4852,0.1716,3
5,0.6,30,20,5,0.2,0.3,0.4852,0.1716,3
5,0.6,30,20,2,0.2,0.5,0.4852,0.1716,3
5,0.6,30,20,2,0.2,0.4,0.4852,0.1716,3
5,0.6,30,20,2,0.2,0.3,0.4852,0.1716,3
5,0.6,30,20,2,0.1,0.7,0.4852,0.1716,3
11,0.3,45,30,5,0.2,0.6,0.4852,0.1716,3
11,0.3,45,30,5,0.1,0.6,0.4852,0.1716,3
5,0.6,30,20,2,0.1,0.4,0.4852,0.1716,3
5,0.6,30,20,2,0.1,0.3,0.4852,0.1716,3
7,0.5,30,20,5,0.2,0.7,0.4852,0.1716,3
7,0.5,30,20,5,0.2,0.6,0.4852,0.1716,3
7,0.5,30,20,3,0.0,0.7,0.4852,0.1716,3
7,0.4,20,20,2,0.2,0.7,0.4852,0.1716,3
7,0.4,20,20,2,0.1,0.7,0.4852,0.1716,3
7,0.4,20,20,2,0.0,0.7,0.4852,0.1716,3
7,0.4,20,20,5,0.0,0.7,0.4852,0.1716,3
5,0.6,30,20,3,0.1,0.5,0.4852,0.1716,3
5,0.6,30,20,3,0.1,0.4,0.4852,0.1716,3
7,0.5,20,20,2,0.1,0.7,0.4852,0.1716,3
7,0.5,20,20,2,0.1,0.6,0.4852,0.1716,3
7,0.5,20,20,2,0.0,0.7,0.4852,0.1716,3
7,0.5,20,20,2,0.0,0.6,0.4852,0.1716,3
7,0.5,20,20,3,0.2,0.7,0.4852,0.1716,3
11,0.5,45,10,3,0.1,0.6,0.4852,0.1716,3
7,0.5,20,20,2,0.2,0.7,0.4852,0.1716,3
7,0.5,20,20,2,0.2,0.6,0.4852,0.1716,3
11,0.3,45,30,3,0.1,0.6,0.4852,0.1716,3
11,0.3,45,30,3,0.0,0.6,0.4852,0.1716,3
11,0.3,45,30,2,0.1,0.6,0.4852,0.1716,3
11,0.3,45,30,5,0.0,0.6,0.4852,0.1716,3
15,0.5,30,10,2,0.1,0.3,0.4852,0.1716,3
15,0.5,30,10,2,0.0,0.6,0.4852,0.1716,3
15,0.5,30,10,2,0.0,0.5,0.4852,0.1716,3
15,0.5,30,10,2,0.0,0.4,0.4852,0.1716,3
15,0.5,30,10,2,0.0,0.3,0.4852,0.1716,3
5,0.6,30,20,3,0.1,0.7,0.4852,0.1716,3
5,0.6,30,20,3,0.1,0.6,0.4852,0.1716,3
15,0.5,20,10,3,0.1,0.4,0.4852,0.1716,3
15,0.5,20,10,3,0.2,0.6,0.4852,0.1716,3
15,0.5,20,10,3,0.2,0.5,0.4852,0.1716,3
15,0.5,20,10,3,0.2,0.4,0.4852,0.1716,3
15,0.5,20,10,3,0.2,0.3,0.4852,0.1716,3
15,0.5,20,10,3,0.1,0.6,0.4852,0.1716,3
15,0.5,20,10,3,0.1,0.5,0.4852,0.1716,3
11,0.5,45,10,5,0.1,0.6,0.4852,0.1716,3
11,0.5,45,10,5,0.0,0.6,0.4852,0.1716,3
11,0.5,45,10,3,0.2,0.6,0.4852,0.1716,3
15,0.5,30,10,2,0.1,0.5,0.4852,0.1716,3
15,0.5,30,10,2,0.1,0.4,0.4852,0.1716,3
15,0.5,30,10,3,0.1,0.4,0.4852,0.1716,3
5,0.6,20,10,5,0.2,0.7,0.4852,0.1716,3
5,0.6,20,10,5,0.2,0.6,0.4852,0.1716,3
5,0.6,20,10,5,0.2,0.5,0.4852,0.1716,3
5,0.6,20,10,5,0.2,0.4,0.4852,0.1716,3
5,0.6,20,10,5,0.2,0.3,0.4852,0.1716,3
5,0.6,20,10,5,0.1,0.7,0.4852,0.1716,3
5,0.6,20,10,5,0.1,0.6,0.4852,0.1716,3
5,0.6,20,10,5,0.1,0.5,0.4852,0.1716,3
15,0.3,20,10,5,0.0,0.6,0.4852,0.1716,3
11,0.3,45,30,2,0.2,0.6,0.4852,0.1716,3
15,0.5,20,10,5,0.2,0.5,0.4852,0.1716,3
15,0.5,20,10,5,0.2,0.4,0.4852,0.1716,3
15,0.5,20,10,5,0.2,0.3,0.4852,0.1716,3
15,0.5,20,10,5,0.1,0.6,0.4852,0.1716,3
15,0.5,20,10,5,0.1,0.5,0.4852,0.1716,3
15,0.5,20,10,5,0.1,0.4,0.4852,0.1716,3
15,0.5,20,10,5,0.1,0.3,0.4852,0.1716,3
15,0.5,20,10,5,0.0,0.6,0.4852,0.1716,3
11,0.3,45,30,3,0.2,0.6,0.4852,0.1716,3
15,0.3,20,10,3,0.2,0.6,0.4852,0.1716,3
5,0.6,20,10,5,0.1,0.4,0.4852,0.1716,3
5,0.6,20,10,5,0.1,0.3,0.4852,0.1716,3
11,0.5,45,10,5,0.2,0.6,0.4852,0.1716,3
11,0.4,20,20,2,0.0,0.6,0.4852,0.1716,3
15,0.3,20,10,5,0.2,0.6,0.4852,0.1716,3
15,0.3,20,10,5,0.1,0.6,0.4852,0.1716,3
15,0.5,30,10,3,0.2,0.3,0.4852,0.1716,3
15,0.5,30,10,3,0.1,0.6,0.4852,0.1716,3
15,0.5,30,10,3,0.1,0.5,0.4852,0.1716,3
15,0.5,30,10,5,0.1,0.3,0.4852,0.1716,3
15,0.5,30,10,5,0.0,0.6,0.4852,0.1716,3
15,0.5,30,10,5,0.0,0.5,0.4852,0.1716,3
15,0.5,30,10,3,0.1,0.3,0.4852,0.1716,3
15,0.5,30,10,3,0.0,0.6,0.4852,0.1716,3
15,0.5,30,10,3,0.0,0.5,0.4852,0.1716,3
15,0.4,30,10,5,0.2,0.6,0.4852,0.1716,3
11,0.3,45,30,2,0.0,0.6,0.4852,0.1716,3
15,0.5,30,10,3,0.2,0.4,0.4852,0.1716,3
11,0.4,20,20,3,0.1,0.6,0.4852,0.1716,3
15,0.4,30,10,5,0.0,0.6,0.4852,0.1716,3
15,0.4,30,10,3,0.2,0.6,0.4852,0.1716,3
15,0.4,30,10,5,0.1,0.6,0.4852,0.1716,3
11,0.5,60,10,2,0.2,0.6,0.4852,0.1716,3
11,0.5,60,10,2,0.1,0.6,0.4852,0.1716,3
11,0.5,60,10,2,0.0,0.6,0.4852,0.1716,3
15,0.5,30,10,3,0.0,0.4,0.4852,0.1716,3
15,0.5,30,10,3,0.0,0.3,0.4852,0.1716,3
15,0.5,30,10,2,0.2,0.6,0.4852,0.1716,3
15,0.5,30,10,2,0.2,0.5,0.4852,0.1716,3
15,0.5,30,10,2,0.2,0.4,0.4852,0.1716,3
15,0.5,30,10,2,0.2,0.3,0.4852,0.1716,3
15,0.5,30,10,2,0.1,0.6,0.4852,0.1716,3
11,0.4,20,20,5,0.1,0.6,0.4852,0.1716,3
11,0.4,20,20,5,0.0,0.6,0.4852,0.1716,3
11,0.4,20,20,3,0.2,0.6,0.4852,0.1716,3
11,0.4,20,20,5,0.2,0.6,0.4852,0.1716,3
11,0.5,20,10,5,0.2,0.6,0.4852,0.1716,3
15,0.5,30,10,5,0.2,0.6,0.4852,0.1716,3
15,0.5,30,10,5,0.2,0.5,0.4852,0.1716,3
15,0.5,30,10,5,0.2,0.4,0.4852,0.1716,3
15,0.5,30,10,5,0.2,0.3,0.4852,0.1716,3
15,0.5,30,10,5,0.1,0.6,0.4852,0.1716,3
15,0.5,30,10,5,0.1,0.5,0.4852,0.1716,3
15,0.5,30,10,5,0.1,0.4,0.4852,0.1716,3
11,0.5,20,10,2,0.0,0.6,0.4852,0.1716,3
15,0.5,30,10,5,0.0,0.4,0.4852,0.1716,3
15,0.5,30,10,5,0.0,0.3,0.4852,0.1716,3
15,0.5,30,10,3,0.2,0.6,0.4852,0.1716,3
15,0.5,30,10,3,0.2,0.5,0.4852,0.1716,3
7,0.5,60,10,3,0.0,0.7,0.4852,0.1716,3
7,0.5,60,10,2,0.1,0.6,0.4852,0.1716,3
15,0.4,30,10,3,0.1,0.6,0.4852,0.1716,3
15,0.4,30,10,3,0.0,0.6,0.4852,0.1716,3
11,0.5,20,10,5,0.1,0.6,0.4852,0.1716,3
11,0.5,20,10,5,0.0,0.6,0.4852,0.1716,3
11,0.5,20,10,3,0.2,0.6,0.4852,0.1716,3
11,0.5,20,10,3,0.1,0.6,0.4852,0.1716,3
11,0.5,20,10,3,0.0,0.6,0.4852,0.1716,3
11,0.5,20,10,2,0.2,0.6,0.4852,0.1716,3
11,0.5,20,10,2,0.1,0.6,0.4852,0.1716,3
11,0.4,20,20,3,0.0,0.6,0.4852,0.1716,3
11,0.4,20,20,2,0.2,0.6,0.4852,0.1716,3
11,0.4,20,20,2,0.1,0.6,0.4852,0.1716,3
7,0.3,45,20,5,0.2,0.7,0.4852,0.1716,3
7,0.5,60,10,5,0.0,0.7,0.4852,0.1716,3
7,0.5,60,10,3,0.1,0.7,0.4852,0.1716,3
7,0.5,60,10,3,0.1,0.6,0.4852,0.1716,3
7,0.6,60,20,5,0.0,0.3,0.4852,0.1716,3
15,0.3,45,30,3,0.2,0.5,0.4852,0.1716,3
15,0.3,45,30,3,0.1,0.5,0.4852,0.1716,3
7,0.6,60,20,5,0.0,0.4,0.4852,0.1716,3
15,0.5,45,10,5,0.1,0.6,0.4852,0.1716,3
15,0.5,45,10,5,0.1,0.5,0.4852,0.1716,3
15,0.5,45,10,2,0.1,0.5,0.4852,0.1716,3
15,0.5,45,10,2,0.1,0.4,0.4852,0.1716,3
15,0.5,45,10,2,0.1,0.3,0.4852,0.1716,3
15,0.5,45,10,2,0.0,0.6,0.4852,0.1716,3
15,0.5,45,10,2,0.0,0.5,0.4852,0.1716,3
15,0.3,45,30,5,0.1,0.5,0.4852,0.1716,3
15,0.3,45,30,5,0.0,0.5,0.4852,0.1716,3
11,0.5,60,10,3,0.2,0.6,0.4852,0.1716,3
11,0.5,60,10,3,0.1,0.6,0.4852,0.1716,3
11,0.5,60,10,3,0.0,0.6,0.4852,0.1716,3
7,0.6,60,20,2,0.1,0.7,0.4852,0.1716,3
15,0.3,20,30,2,0.0,0.5,0.4852,0.1716,3
7,0.3,45,20,3,0.1,0.7,0.4852,0.1716,3
7,0.3,45,20,3,0.0,0.7,0.4852,0.1716,3
7,0.5,60,20,2,0.1,0.6,0.4852,0.1716,3
7,0.5,60,20,2,0.0,0.7,0.4852,0.1716,3
7,0.5,60,10,2,0.0,0.7,0.4852,0.1716,3
7,0.5,60,10,2,0.0,0.6,0.4852,0.1716,3
7,0.5,60,10,2,0.1,0.7,0.4852,0.1716,3
7,0.5,60,10,5,0.1,0.7,0.4852,0.1716,3
7,0.5,60,10,5,0.1,0.6,0.4852,0.1716,3
7,0.3,45,20,3,0.2,0.7,0.4852,0.1716,3
7,0.5,60,20,3,0.1,0.6,0.4852,0.1716,3
7,0.5,60,20,3,0.0,0.7,0.4852,0.1716,3
7,0.5,60,20,3,0.0,0.6,0.4852,0.1716,3
7,0.5,60,20,2,0.2,0.7,0.4852,0.1716,3
7,0.5,60,20,2,0.2,0.6,0.4852,0.1716,3
15,0.3,45,30,3,0.0,0.5,0.4852,0.1716,3
15,0.3,45,30,2,0.2,0.5,0.4852,0.1716,3
15,0.3,45,30,5,0.2,0.5,0.4852,0.1716,3
7,0.5,60,20,2,0.1,0.7,0.4852,0.1716,3
7,0.3,45,20,2,0.2,0.7,0.4852,0.1716,3
7,0.3,45,20,2,0.1,0.7,0.4852,0.1716,3
7,0.3,45,20,5,0.1,0.7,0.4852,0.1716,3
7,0.3,45,20,5,0.0,0.7,0.4852,0.1716,3
15,0.3,20,30,2,0.1,0.5,0.4852,0.1716,3
7,0.5,60,20,5,0.1,0.7,0.4852,0.1716,3
7,0.5,60,20,5,0.1,0.6,0.4852,0.1716,3
7,0.5,60,20,5,0.0,0.7,0.4852,0.1716,3
7,0.5,60,20,5,0.0,0.6,0.4852,0.1716,3
7,0.5,60,20,3,0.2,0.7,0.4852,0.1716,3
7,0.5,60,10,3,0.0,0.6,0.4852,0.1716,3
7,0.5,60,10,2,0.2,0.7,0.4852,0.1716,3
7,0.5,60,10,2,0.2,0.6,0.4852,0.1716,3
7,0.5,60,20,2,0.0,0.6,0.4852,0.1716,3
7,0.5,60,10,5,0.2,0.7,0.4852,0.1716,3
7,0.5,60,10,5,0.2,0.6,0.4852,0.1716,3
7,0.3,45,20,2,0.0,0.7,0.4852,0.1716,3
15,0.3,20,30,3,0.0,0.5,0.4852,0.1716,3
15,0.3,20,30,2,0.2,0.5,0.4852,0.1716,3
7,0.5,60,20,3,0.1,0.7,0.4852,0.1716,3
15,0.4,30,10,2,0.0,0.6,0.4852,0.1716,3
11,0.5,30,10,2,0.1,0.6,0.4852,0.1716,3
11,0.5,30,10,2,0.0,0.6,0.4852,0.1716,3
7,0.5,60,10,5,0.0,0.6,0.4852,0.1716,3
7,0.5,60,10,3,0.2,0.7,0.4852,0.1716,3
7,0.5,60,10,3,0.2,0.6,0.4852,0.1716,3
5,0.6,30,20,2,0.0,0.6,0.4852,0.1716,3
5,0.6,30,20,5,0.0,0.7,0.4852,0.1716,3
5,0.6,30,20,5,0.0,0.6,0.4852,0.1716,3
5,0.6,30,20,5,0.0,0.5,0.4852,0.1716,3
5,0.6,30,20,5,0.0,0.4,0.4852,0.1716,3
5,0.6,30,20,5,0.0,0.3,0.4852,0.1716,3
5,0.6,30,20,3,0.2,0.7,0.4852,0.1716,3
5,0.6,30,20,3,0.2,0.6,0.4852,0.1716,3
5,0.6,30,20,3,0.2,0.5,0.4852,0.1716,3
5,0.6,30,20,3,0.2,0.4,0.4852,0.1716,3
5,0.6,30,20,3,0.2,0.3,0.4852,0.1716,3
7,0.6,60,20,5,0.1,0.6,0.4852,0.1716,3
7,0.6,60,20,5,0.1,0.5,0.4852,0.1716,3
7,0.6,60,20,5,0.1,0.4,0.4852,0.1716,3
7,0.5,60,20,3,0.2,0.6,0.4852,0.1716,3
7,0.5,60,20,5,0.2,0.7,0.4852,0.1716,3
15,0.4,20,10,5,0.2,0.6,0.4852,0.1716,3
7,0.6,60,20,2,0.0,0.5,0.4852,0.1716,3
7,0.6,60,20,2,0.0,0.4,0.4852,0.1716,3
7,0.5,60,20,5,0.2,0.6,0.4852,0.1716,3
11,0.5,30,10,3,0.1,0.6,0.4852,0.1716,3
11,0.5,30,10,3,0.0,0.6,0.4852,0.1716,3
11,0.5,30,10,2,0.2,0.6,0.4852,0.1716,3
15,0.4,30,10,2,0.2,0.6,0.4852,0.1716,3
15,0.4,30,10,2,0.1,0.6,0.4852,0.1716,3
15,0.3,45,30,2,0.1,0.5,0.4852,0.1716,3
7,0.6,60,20,5,0.1,0.7,0.4852,0.1716,3
15,0.5,20,10,5,0.0,0.5,0.4852,0.1716,3
15,0.5,20,10,5,0.0,0.4,0.4852,0.1716,3
15,0.5,20,10,5,0.0,0.3,0.4852,0.1716,3
5,0.6,30,20,2,0.0,0.7,0.4852,0.1716,3
15,0.4,20,10,3,0.2,0.6,0.4852,0.1716,3
7,0.6,60,20,5,0.1,0.3,0.4852,0.1716,3
7,0.6,60,20,5,0.0,0.7,0.4852,0.1716,3
7,0.6,60,20,5,0.0,0.6,0.4852,0.1716,3
7,0.6,60,20,5,0.0,0.5,0.4852,0.1716,3
7,0.6,60,20,2,0.0,0.6,0.4852,0.1716,3
15,0.4,20,10,5,0.1,0.6,0.4852,0.1716,3
15,0.4,20,10,5,0.0,0.6,0.4852,0.1716,3
15,0.3,20,30,3,0.1,0.5,0.4852,0.1716,3
7,0.6,60,20,2,0.0,0.3,0.4852,0.1716,3
7,0.6,60,10,5,0.1,0.7,0.4852,0.1716,3
7,0.6,60,10,5,0.1,0.6,0.4852,0.1716,3
7,0.6,60,20,3,0.1,0.7,0.4852,0.1716,3
7,0.6,60,20,3,0.1,0.6,0.4852,0.1716,3
7,0.6,60,20,3,0.1,0.5,0.4852,0.1716,3
7,0.6,60,20,3,0.1,0.4,0.4852,0.1716,3
7,0.6,60,20,3,0.1,0.3,0.4852,0.1716,3
7,0.6,60,20,3,0.0,0.7,0.4852,0.1716,3
7,0.6,60,20,3,0.0,0.6,0.4852,0.1716,3
7,0.6,60,20,3,0.0,0.5,0.4852,0.1716,3
7,0.6,60,20,3,0.0,0.4,0.4852,0.1716,3
7,0.6,60,20,3,0.0,0.3,0.4852,0.1716,3
15,0.3,20,30,5,0.1,0.5,0.4852,0.1716,3
11,0.5,30,10,5,0.0,0.6,0.4852,0.1716,3
11,0.5,30,10,3,0.2,0.6,0.4852,0.1716,3
15,0.3,30,10,2,0.1,0.6,0.4852,0.1716,3
15,0.3,30,10,2,0.0,0.6,0.4852,0.1716,3
15,0.3,20,30,3,0.2,0.5,0.4852,0.1716,3
7,0.5,20,20,3,0.0,0.7,0.4852,0.1716,3
7,0.5,20,20,3,0.0,0.6,0.4852,0.1716,3
7,0.5,20,20,5,0.2,0.7,0.4852,0.1716,3
7,0.5,20,20,5,0.0,0.7,0.4852,0.1716,3
7,0.3,30,20,2,0.0,0.7,0.4852,0.1716,3
7,0.3,30,20,3,0.2,0.7,0.4852,0.1716,3
7,0.3,30,20,3,0.1,0.7,0.4852,0.1716,3
15,0.3,30,10,3,0.2,0.6,0.4852,0.1716,3
11,0.3,20,30,5,0.0,0.6,0.4852,0.1716,3
11,0.5,30,10,5,0.1,0.6,0.4852,0.1716,3
7,0.3,30,20,2,0.2,0.7,0.4852,0.1716,3
7,0.3,30,20,2,0.1,0.7,0.4852,0.1716,3
15,0.3,30,10,5,0.1,0.6,0.4852,0.1716,3
15,0.3,20,30,5,0.2,0.5,0.4852,0.1716,3
15,0.3,20,30,5,0.0,0.5,0.4852,0.1716,3
15,0.3,30,10,2,0.2,0.6,0.4852,0.1716,3
7,0.3,30,20,3,0.0,0.7,0.4852,0.1716,3
7,0.3,30,20,5,0.2,0.7,0.4852,0.1716,3
7,0.3,30,20,5,0.1,0.7,0.4852,0.1716,3
5,0.6,30,20,3,0.1,0.3,0.4852,0.1716,3
15,0.5,20,10,5,0.2,0.6,0.4852,0.1716,3
7,0.5,20,20,3,0.2,0.6,0.4852,0.1716,3
7,0.5,20,20,3,0.1,0.7,0.4852,0.1716,3
7,0.5,20,20,3,0.1,0.6,0.4852,0.1716,3
7,0.3,20,20,5,0.1,0.7,0.4852,0.1716,3
11,0.5,30,10,5,0.2,0.6,0.4852,0.1716,3
7,0.3,30,20,5,0.0,0.7,0.4852,0.1716,3
15,0.3,30,10,3,0.0,0.6,0.4852,0.1716,3
15,0.4,20,10,3,0.0,0.6,0.4852,0.1716,3
15,0.4,20,10,2,0.2,0.6,0.4852,0.1716,3
15,0.3,30,10,5,0.0,0.6,0.4852,0.1716,3
15,0.3,30,10,5,0.2,0.6,0.4852,0.1716,3
7,0.6,60,20,2,0.1,0.6,0.4852,0.1716,3
7,0.6,45,20,5,0.2,0.4,0.4852,0.1716,3
15,0.5,90,10,5,0.0,0.4,0.4852,0.1716,3
15,0.3,30,10,3,0.1,0.6,0.4852,0.1716,3
15,0.5,90,10,5,0.0,0.6,0.4852,0.1716,3
11,0.4,60,20,3,0.0,0.6,0.4852,0.1716,3
11,0.4,60,20,2,0.2,0.6,0.4852,0.1716,3
7,0.6,60,10,2,0.1,0.7,0.4852,0.1716,3
7,0.6,60,10,2,0.1,0.6,0.4852,0.1716,3
7,0.6,60,10,2,0.1,0.5,0.4852,0.1716,3
7,0.6,60,10,2,0.1,0.4,0.4852,0.1716,3
7,0.6,60,20,2,0.1,0.5,0.4852,0.1716,3
7,0.6,60,20,2,0.1,0.4,0.4852,0.1716,3
7,0.6,60,20,2,0.1,0.3,0.4852,0.1716,3
7,0.6,60,20,2,0.0,0.7,0.4852,0.1716,3
7,0.6,60,10,3,0.0,0.3,0.4852,0.1716,3
15,0.5,90,10,5,0.2,0.5,0.4852,0.1716,3
15,0.5,90,10,5,0.2,0.6,0.4852,0.1716,3
11,0.4,60,20,3,0.1,0.6,0.4852,0.1716,3
11,0.4,60,20,3,0.2,0.6,0.4852,0.1716,3
15,0.4,20,10,2,0.0,0.6,0.4852,0.1716,3
15,0.5,90,10,2,0.1,0.3,0.4852,0.1716,3
11,0.5,45,10,3,0.0,0.6,0.4852,0.1716,3
15,0.5,90,10,3,0.1,0.6,0.4852,0.1716,3
15,0.5,45,10,2,0.0,0.4,0.4852,0.1716,3
15,0.5,45,10,2,0.0,0.3,0.4852,0.1716,3
15,0.5,45,10,3,0.0,0.6,0.4852,0.1716,3
15,0.5,45,10,3,0.0,0.5,0.4852,0.1716,3
15,0.5,45,10,3,0.0,0.4,0.4852,0.1716,3
15,0.5,45,10,3,0.1,0.6,0.4852,0.1716,3
15,0.5,45,10,3,0.1,0.5,0.4852,0.1716,3
15,0.5,45,10,3,0.1,0.4,0.4852,0.1716,3
15,0.5,45,10,3,0.0,0.3,0.4852,0.1716,3
15,0.5,45,10,2,0.2,0.6,0.4852,0.1716,3
15,0.5,45,10,2,0.2,0.5,0.4852,0.1716,3
15,0.5,45,10,2,0.2,0.4,0.4852,0.1716,3
7,0.6,60,10,5,0.0,0.6,0.4852,0.1716,3
7,0.6,60,10,5,0.0,0.5,0.4852,0.1716,3
7,0.6,60,10,5,0.0,0.4,0.4852,0.1716,3
7,0.6,60,10,5,0.0,0.3,0.4852,0.1716,3
7,0.6,60,10,3,0.1,0.7,0.4852,0.1716,3
7,0.6,60,10,3,0.1,0.6,0.4852,0.1716,3
7,0.6,60,10,3,0.1,0.5,0.4852,0.1716,3
11,0.3,20,30,2,0.0,0.6,0.4852,0.1716,3
11,0.3,20,30,3,0.2,0.6,0.4852,0.1716,3
11,0.3,20,30,3,0.1,0.6,0.4852,0.1716,3
11,0.3,20,30,3,0.0,0.6,0.4852,0.1716,3
7,0.6,60,10,3,0.1,0.4,0.4852,0.1716,3
11,0.3,20,30,5,0.2,0.6,0.4852,0.1716,3
11,0.3,20,30,5,0.1,0.6,0.4852,0.1716,3
15,0.4,20,10,3,0.1,0.6,0.4852,0.1716,3
15,0.4,20,10,2,0.1,0.6,0.4852,0.1716,3
7,0.6,60,10,3,0.0,0.7,0.4852,0.1716,3
7,0.6,60,10,3,0.0,0.6,0.4852,0.1716,3
7,0.6,60,10,3,0.0,0.5,0.4852,0.1716,3
7,0.6,60,10,3,0.0,0.4,0.4852,0.1716,3
7,0.3,20,20,2,0.0,0.7,0.4852,0.1716,3
7,0.3,20,20,3,0.2,0.7,0.4852,0.1716,3
7,0.3,20,20,3,0.1,0.7,0.4852,0.1716,3
15,0.5,90,10,3,0.1,0.5,0.4852,0.1716,3
15,0.5,90,10,3,0.1,0.4,0.4852,0.1716,3
7,0.4,45,20,3,0.0,0.7,0.4852,0.1716,3
7,0.4,45,10,3,0.2,0.7,0.4852,0.1716,3
7,0.3,20,20,5,0.2,0.7,0.4852,0.1716,3
7,0.6,60,10,5,0.1,0.5,0.4852,0.1716,3
7,0.6,60,10,5,0.1,0.4,0.4852,0.1716,3
7,0.6,60,10,5,0.1,0.3,0.4852,0.1716,3
7,0.6,60,10,5,0.0,0.7,0.4852,0.1716,3
5,0.6,20,10,2,0.1,0.4,0.4852,0.1716,3
5,0.6,20,10,2,0.1,0.3,0.4852,0.1716,3
5,0.6,20,10,2,0.0,0.7,0.4852,0.1716,3
5,0.6,20,10,2,0.0,0.5,0.4852,0.1716,3
5,0.6,20,10,2,0.0,0.4,0.4852,0.1716,3
5,0.6,20,10,2,0.0,0.3,0.4852,0.1716,3
11,0.3,20,30,2,0.2,0.6,0.4852,0.1716,3
11,0.3,20,30,2,0.1,0.6,0.4852,0.1716,3
15,0.3,30,30,2,0.0,0.5,0.4852,0.1716,3
7,0.4,45,10,3,0.1,0.7,0.4852,0.1716,3
15,0.3,30,30,3,0.2,0.5,0.4852,0.1716,3
7,0.4,45,10,3,0.0,0.7,0.4852,0.1716,3
15,0.3,30,30,3,0.1,0.5,0.4852,0.1716,3
11,0.4,60,20,5,0.1,0.6,0.4852,0.1716,3
7,0.3,20,20,2,0.1,0.7,0.4852,0.1716,3
7,0.6,60,10,3,0.1,0.3,0.4852,0.1716,3
5,0.6,30,20,3,0.0,0.5,0.4852,0.1716,3
5,0.6,30,20,3,0.0,0.4,0.4852,0.1716,3
5,0.6,30,20,3,0.0,0.3,0.4852,0.1716,3
5,0.6,30,20,2,0.2,0.7,0.4852,0.1716,3
5,0.6,30,20,2,0.2,0.6,0.4852,0.1716,3
15,0.5,90,10,5,0.2,0.4,0.4852,0.1716,3
15,0.5,90,10,5,0.2,0.3,0.4852,0.1716,3
15,0.5,90,10,5,0.1,0.6,0.4852,0.1716,3
15,0.5,90,10,5,0.1,0.5,0.4852,0.1716,3
15,0.5,90,10,5,0.1,0.4,0.4852,0.1716,3
15,0.5,90,10,5,0.1,0.3,0.4852,0.1716,3
15,0.5,90,10,5,0.0,0.3,0.4852,0.1716,3
5,0.6,20,10,2,0.2,0.3,0.4852,0.1716,3
5,0.6,20,10,2,0.1,0.7,0.4852,0.1716,3
5,0.6,20,10,2,0.1,0.6,0.4852,0.1716,3
5,0.6,20,10,2,0.1,0.5,0.4852,0.1716,3
5,0.6,20,10,2,0.2,0.6,0.4852,0.1716,3
5,0.6,20,10,2,0.2,0.5,0.4852,0.1716,3
5,0.6,20,10,2,0.2,0.4,0.4852,0.1716,3
15,0.5,45,10,2,0.2,0.3,0.4852,0.1716,3
15,0.5,45,10,2,0.1,0.6,0.4852,0.1716,3
15,0.3,60,30,3,0.1,0.5,0.4852,0.1716,3
15,0.3,60,30,3,0.0,0.5,0.4852,0.1716,3
11,0.4,30,20,3,0.2,0.6,0.4852,0.1716,3
11,0.4,30,20,3,0.1,0.6,0.4852,0.1716,3
15,0.5,45,10,5,0.1,0.4,0.4852,0.1716,3
15,0.5,45,10,5,0.1,0.3,0.4852,0.1716,3
15,0.5,45,10,5,0.0,0.6,0.4852,0.1716,3
7,0.5,20,20,5,0.0,0.6,0.4852,0.1716,3
5,0.6,30,20,2,0.0,0.5,0.4852,0.1716,3
5,0.6,30,20,2,0.0,0.4,0.4852,0.1716,3
5,0.6,30,20,3,0.0,0.6,0.4852,0.1716,3
15,0.3,60,30,2,0.2,0.5,0.4852,0.1716,3
5,0.6,20,10,2,0.0,0.6,0.4852,0.1716,3
15,0.3,30,30,2,0.2,0.5,0.4852,0.1716,3
15,0.3,60,30,5,0.2,0.5,0.4852,0.1716,3
15,0.3,30,30,2,0.1,0.5,0.4852,0.1716,3
15,0.3,60,30,5,0.1,0.5,0.4852,0.1716,3
15,0.3,30,30,5,0.2,0.5,0.4852,0.1716,3
15,0.3,60,30,5,0.0,0.5,0.4852,0.1716,3
15,0.3,30,30,5,0.1,0.5,0.4852,0.1716,3
7,0.6,45,20,5,0.0,0.5,0.4852,0.1716,3
15,0.3,30,30,5,0.0,0.5,0.4852,0.1716,3
15,0.5,20,10,2,0.1,0.4,0.4852,0.1716,3
7,0.3,20,20,5,0.0,0.7,0.4852,0.1716,3
7,0.3,20,20,3,0.0,0.7,0.4852,0.1716,3
7,0.3,20,20,2,0.2,0.7,0.4852,0.1716,3
5,0.6,20,10,2,0.2,0.7,0.4852,0.1716,3
5,0.6,20,10,3,0.0,0.6,0.4852,0.1716,3
5,0.6,20,10,3,0.0,0.5,0.4852,0.1716,3
5,0.6,20,10,3,0.0,0.4,0.4852,0.1716,3
5,0.6,20,10,3,0.0,0.3,0.4852,0.1716,3
15,0.5,45,10,5,0.0,0.5,0.4852,0.1716,3
15,0.5,45,10,5,0.0,0.4,0.4852,0.1716,3
15,0.5,45,10,5,0.0,0.3,0.4852,0.1716,3
15,0.5,45,10,3,0.2,0.6,0.4852,0.1716,3
15,0.5,45,10,3,0.2,0.5,0.4852,0.1716,3
15,0.5,45,10,3,0.2,0.4,0.4852,0.1716,3
15,0.5,45,10,3,0.2,0.3,0.4852,0.1716,3
15,0.5,60,10,2,0.2,0.4,0.4852,0.1716,3
15,0.5,60,10,2,0.2,0.3,0.4852,0.1716,3
15,0.5,60,10,2,0.1,0.6,0.4852,0.1716,3
15,0.5,45,10,3,0.1,0.3,0.4852,0.1716,3
15,0.5,20,10,2,0.1,0.3,0.4852,0.1716,3
11,0.4,30,20,2,0.2,0.6,0.4852,0.1716,3
11,0.4,30,20,2,0.1,0.6,0.4852,0.1716,3
15,0.5,20,10,2,0.0,0.6,0.4852,0.1716,3
15,0.5,20,10,2,0.0,0.5,0.4852,0.1716,3
11,0.4,30,20,2,0.0,0.6,0.4852,0.1716,3
15,0.5,20,10,2,0.0,0.4,0.4852,0.1716,3
7,0.4,20,20,3,0.1,0.7,0.4852,0.1716,3
15,0.5,60,10,3,0.0,0.3,0.4852,0.1716,3
15,0.5,60,10,2,0.2,0.6,0.4852,0.1716,3
15,0.5,60,10,2,0.2,0.5,0.4852,0.1716,3
7,0.4,20,20,5,0.2,0.7,0.4852,0.1716,3
15,0.3,60,30,2,0.1,0.5,0.4852,0.1716,3
15,0.5,45,10,5,0.2,0.6,0.4852,0.1716,3
15,0.5,45,10,5,0.2,0.5,0.4852,0.1716,3
15,0.5,45,10,5,0.2,0.4,0.4852,0.1716,3
15,0.5,45,10,5,0.2,0.3,0.4852,0.1716,3
11,0.4,30,20,5,0.1,0.6,0.4852,0.1716,3
15,0.3,60,30,2,0.0,0.5,0.4852,0.1716,3
15,0.3,60,30,3,0.2,0.5,0.4852,0.1716,3
11,0.4,30,20,5,0.0,0.6,0.4852,0.1716,3
15,0.5,60,10,2,0.0,0.3,0.4852,0.1716,3
15,0.5,60,10,5,0.2,0.5,0.4852,0.1716,3
7,0.4,45,20,2,0.0,0.7,0.4852,0.1716,3
7,0.4,45,10,2,0.2,0.7,0.4852,0.1716,3
15,0.5,60,10,2,0.1,0.5,0.4852,0.1716,3
15,0.5,60,10,2,0.1,0.4,0.4852,0.1716,3
15,0.5,60,10,2,0.1,0.3,0.4852,0.1716,3
15,0.5,60,10,2,0.0,0.6,0.4852,0.1716,3
15,0.5,60,10,2,0.0,0.5,0.4852,0.1716,3
15,0.5,60,10,2,0.0,0.4,0.4852,0.1716,3
15,0.3,30,30,3,0.0,0.5,0.4852,0.1716,3
15,0.5,90,10,3,0.1,0.3,0.4852,0.1716,3
15,0.5,60,10,3,0.1,0.4,0.4852,0.1716,3
15,0.5,60,10,3,0.1,0.3,0.4852,0.1716,3
15,0.5,60,10,3,0.0,0.6,0.4852,0.1716,3
15,0.5,60,10,3,0.0,0.5,0.4852,0.1716,3
15,0.5,60,10,3,0.0,0.4,0.4852,0.1716,3
7,0.4,45,20,5,0.2,0.7,0.4852,0.1716,3
7,0.4,45,20,2,0.2,0.7,0.4852,0.1716,3
7,0.4,45,20,2,0.1,0.7,0.4852,0.1716,3
7,0.4,45,10,5,0.2,0.7,0.4852,0.1716,3
7,0.4,45,10,5,0.1,0.7,0.4852,0.1716,3
15,0.5,60,10,5,0.1,0.4,0.4852,0.1716,3
15,0.5,60,10,5,0.1,0.3,0.4852,0.1716,3
15,0.5,60,10,5,0.0,0.6,0.4852,0.1716,3
15,0.5,60,10,5,0.0,0.5,0.4852,0.1716,3
11,0.4,30,20,3,0.0,0.6,0.4852,0.1716,3
11,0.4,30,20,5,0.2,0.6,0.4852,0.1716,3
7,0.6,30,10,3,0.2,0.4,0.4852,0.1716,3
7,0.6,30,10,3,0.2,0.3,0.4852,0.1716,3
7,0.6,30,10,3,0.1,0.7,0.4852,0.1716,3
7,0.6,30,10,3,0.1,0.6,0.4852,0.1716,3
11,0.5,90,10,5,0.1,0.6,0.4852,0.1716,3
7,0.6,30,10,3,0.0,0.7,0.4852,0.1716,3
7,0.6,30,10,3,0.0,0.6,0.4852,0.1716,3
7,0.6,30,10,2,0.2,0.5,0.4852,0.1716,3
7,0.6,30,10,2,0.2,0.4,0.4852,0.1716,3
7,0.6,30,10,2,0.2,0.3,0.4852,0.1716,3
7,0.6,30,10,2,0.1,0.7,0.4852,0.1716,3
7,0.6,30,10,2,0.1,0.6,0.4852,0.1716,3
7,0.6,30,10,2,0.1,0.5,0.4852,0.1716,3
7,0.6,30,10,2,0.0,0.6,0.4852,0.1716,3
15,0.5,60,10,3,0.1,0.6,0.4852,0.1716,3
15,0.5,60,10,3,0.1,0.5,0.4852,0.1716,3
7,0.6,30,10,5,0.2,0.7,0.4852,0.1716,3
7,0.6,30,10,5,0.2,0.6,0.4852,0.1716,3
7,0.6,30,10,5,0.2,0.5,0.4852,0.1716,3
7,0.6,30,10,5,0.2,0.4,0.4852,0.1716,3
7,0.6,30,10,5,0.2,0.3,0.4852,0.1716,3
7,0.6,30,10,5,0.1,0.7,0.4852,0.1716,3
7,0.6,30,10,2,0.1,0.4,0.4852,0.1716,3
7,0.6,30,10,2,0.1,0.3,0.4852,0.1716,3
7,0.6,30,10,2,0.0,0.7,0.4852,0.1716,3
7,0.6,30,10,5,0.1,0.3,0.4852,0.1716,3
7,0.6,30,10,5,0.0,0.7,0.4852,0.1716,3
7,0.6,30,10,2,0.0,0.5,0.4852,0.1716,3
7,0.6,30,10,2,0.0,0.4,0.4852,0.1716,3
7,0.6,30,10,2,0.0,0.3,0.4852,0.1716,3
7,0.6,30,10,3,0.2,0.6,0.4852,0.1716,3
7,0.6,30,10,3,0.2,0.5,0.4852,0.1716,3
7,0.6,30,20,3,0.0,0.3,0.4852,0.1716,3
7,0.6,30,20,2,0.2,0.7,0.4852,0.1716,3
7,0.6,30,20,2,0.2,0.6,0.4852,0.1716,3
7,0.6,30,20,2,0.2,0.5,0.4852,0.1716,3
7,0.6,30,20,2,0.2,0.4,0.4852,0.1716,3
7,0.6,30,20,2,0.2,0.3,0.4852,0.1716,3
7,0.6,30,10,3,0.1,0.5,0.4852,0.1716,3
7,0.6,30,10,3,0.1,0.4,0.4852,0.1716,3
7,0.6,30,10,3,0.1,0.3,0.4852,0.1716,3
7,0.6,30,20,2,0.1,0.4,0.4852,0.1716,3
7,0.6,30,20,2,0.1,0.3,0.4852,0.1716,3
7,0.6,30,10,3,0.0,0.5,0.4852,0.1716,3
7,0.6,30,10,3,0.0,0.4,0.4852,0.1716,3
7,0.6,30,10,3,0.0,0.3,0.4852,0.1716,3
7,0.6,30,10,2,0.2,0.7,0.4852,0.1716,3
7,0.6,30,10,2,0.2,0.6,0.4852,0.1716,3
7,0.6,30,20,5,0.0,0.4,0.4852,0.1716,3
7,0.6,30,20,5,0.0,0.3,0.4852,0.1716,3
7,0.6,30,20,3,0.2,0.7,0.4852,0.1716,3
7,0.6,30,20,3,0.2,0.6,0.4852,0.1716,3
7,0.6,30,20,3,0.2,0.5,0.4852,0.1716,3
7,0.6,30,20,3,0.2,0.4,0.4852,0.1716,3
7,0.6,30,10,5,0.1,0.6,0.4852,0.1716,3
7,0.6,30,10,5,0.1,0.5,0.4852,0.1716,3
7,0.6,30,10,5,0.1,0.4,0.4852,0.1716,3
7,0.6,30,20,3,0.1,0.5,0.4852,0.1716,3
7,0.6,30,20,3,0.1,0.4,0.4852,0.1716,3
7,0.6,30,10,5,0.0,0.6,0.4852,0.1716,3
7,0.6,30,10,5,0.0,0.5,0.4852,0.1716,3
7,0.6,30,10,5,0.0,0.4,0.4852,0.1716,3
7,0.6,30,10,5,0.0,0.3,0.4852,0.1716,3
7,0.6,30,10,3,0.2,0.7,0.4852,0.1716,3
15,0.5,90,10,2,0.2,0.5,0.4852,0.1716,3
15,0.5,90,10,2,0.2,0.4,0.4852,0.1716,3
15,0.5,90,10,2,0.2,0.3,0.4852,0.1716,3
15,0.5,90,10,2,0.1,0.6,0.4852,0.1716,3
7,0.6,30,20,5,0.2,0.6,0.4852,0.1716,3
7,0.6,30,20,5,0.2,0.5,0.4852,0.1716,3
7,0.6,30,20,2,0.1,0.7,0.4852,0.1716,3
7,0.6,30,20,2,0.1,0.6,0.4852,0.1716,3
7,0.6,30,20,2,0.1,0.5,0.4852,0.1716,3
7,0.6,30,20,5,0.1,0.6,0.4852,0.1716,3
7,0.6,30,20,5,0.1,0.5,0.4852,0.1716,3
7,0.6,30,20,2,0.0,0.7,0.4852,0.1716,3
7,0.6,30,20,2,0.0,0.6,0.4852,0.1716,3
7,0.6,30,20,2,0.0,0.5,0.4852,0.1716,3
7,0.6,30,20,2,0.0,0.4,0.4852,0.1716,3
7,0.6,30,20,2,0.0,0.3,0.4852,0.1716,3
7,0.6,30,20,3,0.0,0.4,0.4852,0.1716,3
7,0.6,30,20,3,0.1,0.7,0.4852,0.1716,3
7,0.6,30,20,3,0.1,0.6,0.4852,0.1716,3
7,0.6,30,20,5,0.2,0.7,0.4852,0.1716,3
15,0.5,60,10,5,0.0,0.4,0.4852,0.1716,3
15,0.5,60,10,5,0.0,0.3,0.4852,0.1716,3
15,0.5,60,10,3,0.2,0.6,0.4852,0.1716,3
15,0.5,60,10,3,0.2,0.5,0.4852,0.1716,3
15,0.5,60,10,3,0.2,0.4,0.4852,0.1716,3
15,0.5,60,10,3,0.2,0.3,0.4852,0.1716,3
15,0.5,60,10,5,0.2,0.6,0.4852,0.1716,3
15,0.5,60,10,5,0.2,0.4,0.4852,0.1716,3
15,0.5,60,10,5,0.2,0.3,0.4852,0.1716,3
15,0.5,60,10,5,0.1,0.6,0.4852,0.1716,3
15,0.5,60,10,5,0.1,0.5,0.4852,0.1716,3
15,0.5,90,10,2,0.2,0.6,0.4852,0.1716,3
7,0.6,30,20,5,0.2,0.4,0.4852,0.1716,3
7,0.6,30,20,5,0.2,0.3,0.4852,0.1716,3
7,0.6,30,20,5,0.1,0.7,0.4852,0.1716,3
11,0.5,90,10,5,0.0,0.6,0.4852,0.1716,3
7,0.6,30,20,5,0.1,0.4,0.4852,0.1716,3
7,0.6,30,20,5,0.1,0.3,0.4852,0.1716,3
7,0.6,30,20,5,0.0,0.7,0.4852,0.1716,3
7,0.6,30,20,5,0.0,0.6,0.4852,0.1716,3
7,0.6,30,20,5,0.0,0.5,0.4852,0.1716,3
11,0.5,90,10,3,0.1,0.6,0.4852,0.1716,3
11,0.5,90,10,3,0.0,0.6,0.4852,0.1716,3
7,0.6,30,20,3,0.2,0.3,0.4852,0.1716,3
7,0.6,30,20,3,0.1,0.3,0.4852,0.1716,3
7,0.6,30,20,3,0.0,0.7,0.4852,0.1716,3
7,0.6,30,20,3,0.0,0.6,0.4852,0.1716,3
7,0.6,30,20,3,0.0,0.5,0.4852,0.1716,3
7,0.4,45,20,5,0.1,0.7,0.4852,0.1716,3
15,0.5,90,10,2,0.0,0.4,0.4852,0.1716,3
15,0.5,90,10,2,0.0,0.3,0.4852,0.1716,3
15,0.5,90,10,3,0.2,0.6,0.4852,0.1716,3
15,0.5,90,10,3,0.2,0.5,0.4852,0.1716,3
15,0.5,90,10,3,0.2,0.4,0.4852,0.1716,3
15,0.5,90,10,3,0.2,0.3,0.4852,0.1716,3
5,0.6,20,10,3,0.1,0.5,0.4852,0.1716,3
5,0.6,20,10,3,0.1,0.4,0.4852,0.1716,3
5,0.6,20,10,3,0.1,0.3,0.4852,0.1716,3
5,0.6,20,10,3,0.0,0.7,0.4852,0.1716,3
11,0.5,90,10,2,0.1,0.6,0.4852,0.1716,3
7,0.6,60,10,2,0.0,0.6,0.4852,0.1716,3
7,0.6,60,10,2,0.0,0.5,0.4852,0.1716,3
15,0.3,45,30,2,0.0,0.5,0.4852,0.1716,3
11,0.5,90,10,2,0.0,0.6,0.4852,0.1716,3
7,0.6,45,10,3,0.2,0.5,0.4852,0.1716,3
5,0.6,20,10,5,0.0,0.7,0.4852,0.1716,3
5,0.6,20,10,3,0.2,0.5,0.4852,0.1716,3
5,0.6,20,10,3,0.2,0.4,0.4852,0.1716,3
5,0.6,20,10,3,0.2,0.3,0.4852,0.1716,3
5,0.6,20,10,3,0.1,0.7,0.4852,0.1716,3
5,0.6,20,10,3,0.1,0.6,0.4852,0.1716,3
15,0.5,90,10,2,0.1,0.5,0.4852,0.1716,3
7,0.4,45,10,2,0.1,0.7,0.4852,0.1716,3
7,0.4,45,10,2,0.0,0.7,0.4852,0.1716,3
7,0.4,45,10,5,0.0,0.7,0.4852,0.1716,3
7,0.4,45,20,5,0.0,0.7,0.4852,0.1716,3
7,0.4,45,20,3,0.2,0.7,0.4852,0.1716,3
7,0.4,45,20,3,0.1,0.7,0.4852,0.1716,3
15,0.5,90,10,2,0.0,0.6,0.4852,0.1716,3
15,0.5,90,10,2,0.0,0.5,0.4852,0.1716,3
7,0.6,45,10,2,0.2,0.6,0.4852,0.1716,3
7,0.6,45,10,5,0.2,0.7,0.4852,0.1716,3
7,0.6,45,10,5,0.2,0.6,0.4852,0.1716,3
7,0.6,60,10,2,0.0,0.4,0.4852,0.1716,3
7,0.6,60,10,2,0.0,0.3,0.4852,0.1716,3
11,0.5,60,10,5,0.2,0.6,0.4852,0.1716,3
11,0.5,60,10,5,0.1,0.6,0.4852,0.1716,3
11,0.5,60,10,5,0.0,0.6,0.4852,0.1716,3
7,0.6,45,10,2,0.1,0.4,0.4852,0.1716,3
7,0.6,45,10,2,0.1,0.3,0.4852,0.1716,3
7,0.6,45,10,2,0.0,0.7,0.4852,0.1716,3
7,0.6,45,10,2,0.0,0.6,0.4852,0.1716,3
7,0.6,45,10,2,0.0,0.5,0.4852,0.1716,3
7,0.6,45,10,2,0.0,0.4,0.4852,0.1716,3
7,0.6,45,10,2,0.0,0.3,0.4852,0.1716,3
7,0.6,45,10,3,0.2,0.6,0.4852,0.1716,3
7,0.6,45,10,3,0.2,0.7,0.4852,0.1716,3
7,0.6,45,20,3,0.0,0.3,0.4852,0.1716,3
7,0.6,45,20,2,0.2,0.7,0.4852,0.1716,3
7,0.6,45,10,3,0.2,0.4,0.4852,0.1716,3
5,0.6,20,10,5,0.0,0.6,0.4852,0.1716,3
5,0.6,20,10,5,0.0,0.5,0.4852,0.1716,3
5,0.6,20,10,5,0.0,0.4,0.4852,0.1716,3
5,0.6,20,10,5,0.0,0.3,0.4852,0.1716,3
5,0.6,20,10,3,0.2,0.7,0.4852,0.1716,3
5,0.6,20,10,3,0.2,0.6,0.4852,0.1716,3
7,0.6,45,10,3,0.0,0.7,0.4852,0.1716,3
7,0.6,45,10,3,0.0,0.6,0.4852,0.1716,3
7,0.6,45,10,3,0.0,0.5,0.4852,0.1716,3
7,0.6,45,10,3,0.0,0.4,0.4852,0.1716,3
7,0.6,45,10,3,0.0,0.3,0.4852,0.1716,3
7,0.6,45,10,2,0.2,0.7,0.4852,0.1716,3
7,0.6,45,20,2,0.0,0.3,0.4852,0.1716,3
7,0.6,45,20,5,0.0,0.4,0.4852,0.1716,3
7,0.6,45,20,5,0.0,0.3,0.4852,0.1716,3
7,0.6,45,10,5,0.2,0.5,0.4852,0.1716,3
7,0.6,45,10,2,0.2,0.5,0.4852,0.1716,3
7,0.6,45,10,2,0.2,0.4,0.4852,0.1716,3
7,0.6,45,10,2,0.2,0.3,0.4852,0.1716,3
7,0.6,45,10,2,0.1,0.7,0.4852,0.1716,3
7,0.6,45,10,2,0.1,0.6,0.4852,0.1716,3
7,0.6,45,10,2,0.1,0.5,0.4852,0.1716,3
7,0.6,45,10,5,0.1,0.3,0.4852,0.1716,3
7,0.6,45,10,5,0.0,0.7,0.4852,0.1716,3
7,0.6,45,10,5,0.0,0.6,0.4852,0.1716,3
7,0.6,45,10,5,0.0,0.5,0.4852,0.1716,3
7,0.6,45,10,5,0.0,0.4,0.4852,0.1716,3
7,0.6,45,10,5,0.0,0.3,0.4852,0.1716,3
7,0.6,45,20,3,0.0,0.4,0.4852,0.1716,3
7,0.6,45,20,5,0.2,0.7,0.4852,0.1716,3
7,0.6,45,20,5,0.2,0.6,0.4852,0.1716,3
7,0.6,45,20,2,0.2,0.6,0.4852,0.1716,3
7,0.6,45,10,3,0.2,0.3,0.4852,0.1716,3
7,0.6,45,10,3,0.1,0.7,0.4852,0.1716,3
7,0.6,45,10,3,0.1,0.6,0.4852,0.1716,3
7,0.6,45,10,3,0.1,0.5,0.4852,0.1716,3
7,0.6,45,10,3,0.1,0.4,0.4852,0.1716,3
7,0.6,45,10,3,0.1,0.3,0.4852,0.1716,3
7,0.6,45,20,2,0.1,0.4,0.4852,0.1716,3
7,0.6,45,20,2,0.1,0.3,0.4852,0.1716,3
7,0.6,45,20,2,0.0,0.7,0.4852,0.1716,3
7,0.6,45,20,2,0.0,0.6,0.4852,0.1716,3
7,0.6,45,20,2,0.0,0.5,0.4852,0.1716,3
7,0.6,45,20,2,0.0,0.4,0.4852,0.1716,3
7,0.6,45,20,3,0.2,0.7,0.4852,0.1716,3
7,0.6,45,20,3,0.2,0.6,0.4852,0.1716,3
7,0.6,45,20,3,0.2,0.5,0.4852,0.1716,3
7,0.6,45,20,3,0.2,0.4,0.4852,0.1716,3
7,0.6,45,10,5,0.2,0.4,0.4852,0.1716,3
7,0.6,45,10,5,0.2,0.3,0.4852,0.1716,3
7,0.6,45,10,5,0.1,0.7,0.4852,0.1716,3
7,0.6,45,10,5,0.1,0.6,0.4852,0.1716,3
7,0.6,45,10,5,0.1,0.5,0.4852,0.1716,3
7,0.6,45,10,5,0.1,0.4,0.4852,0.1716,3
7,0.6,45,20,3,0.1,0.5,0.4852,0.1716,3
7,0.6,45,20,3,0.1,0.4,0.4852,0.1716,3
7,0.6,45,20,3,0.1,0.3,0.4852,0.1716,3
7,0.6,45,20,3,0.0,0.7,0.4852,0.1716,3
7,0.6,45,20,3,0.0,0.6,0.4852,0.1716,3
7,0.6,45,20,3,0.0,0.5,0.4852,0.1716,3
15,0.5,90,10,2,0.1,0.4,0.4852,0.1716,3
15,0.5,90,10,3,0.0,0.3,0.4852,0.1716,3
11,0.4,60,20,5,0.2,0.6,0.4852,0.1716,3
11,0.4,60,20,2,0.0,0.6,0.4852,0.1716,3
11,0.5,45,10,2,0.0,0.6,0.4852,0.1716,3
11,0.4,60,20,5,0.0,0.6,0.4852,0.1716,3
7,0.6,45,20,3,0.2,0.3,0.4852,0.1716,3
7,0.6,45,20,3,0.1,0.7,0.4852,0.1716,3
7,0.6,45,20,3,0.1,0.6,0.4852,0.1716,3
7,0.6,45,20,5,0.2,0.5,0.4852,0.1716,3
7,0.6,60,10,2,0.1,0.3,0.4852,0.1716,3
7,0.6,60,10,2,0.0,0.7,0.4852,0.1716,3
15,0.5,90,10,5,0.0,0.5,0.4852,0.1716,3
11,0.4,60,20,2,0.1,0.6,0.4852,0.1716,3
11,0.5,45,10,2,0.2,0.6,0.4852,0.1716,3
5,0.6,30,20,2,0.0,0.3,0.4852,0.1716,3
15,0.5,90,10,3,0.0,0.4,0.4852,0.1716,3
7,0.6,45,20,5,0.2,0.3,0.4852,0.1716,3
7,0.6,45,20,5,0.1,0.7,0.4852,0.1716,3
7,0.6,45,20,5,0.1,0.6,0.4852,0.1716,3
7,0.6,45,20,5,0.1,0.5,0.4852,0.1716,3
7,0.6,45,20,5,0.1,0.4,0.4852,0.1716,3
7,0.6,45,20,2,0.2,0.5,0.4852,0.1716,3
7,0.6,45,20,2,0.2,0.4,0.4852,0.1716,3
7,0.6,45,20,2,0.2,0.3,0.4852,0.1716,3
7,0.6,45,20,2,0.1,0.7,0.4852,0.1716,3
7,0.6,45,20,2,0.1,0.6,0.4852,0.1716,3
7,0.6,45,20,2,0.1,0.5,0.4852,0.1716,3
7,0.6,45,20,5,0.1,0.3,0.4852,0.1716,3
7,0.6,45,20,5,0.0,0.7,0.4852,0.1716,3
7,0.6,45,20,5,0.0,0.6,0.4852,0.1716,3
11,0.5,45,10,2,0.1,0.6,0.4852,0.1716,3
7,0.3,60,30,2,0.0,0.3,0.4846,0.1692,3
7,0.3,60,30,5,0.1,0.3,0.4846,0.1692,3
7,0.3,60,30,2,0.1,0.3,0.4846,0.1692,3
7,0.3,60,30,5,0.2,0.3,0.4846,0.1692,3
7,0.3,60,30,3,0.2,0.3,0.4846,0.1692,3
7,0.3,60,30,3,0.1,0.3,0.4846,0.1692,3
7,0.3,60,30,5,0.0,0.3,0.4846,0.1692,3
7,0.3,60,30,3,0.0,0.3,0.4846,0.1692,3
7,0.3,60,30,2,0.2,0.3,0.4846,0.1692,3
5,0.5,20,10,2,0.1,0.5,0.4831,0.1601,3
5,0.5,20,10,2,0.0,0.5,0.4831,0.1601,3
5,0.5,20,10,2,0.0,0.3,0.4831,0.1601,3
5,0.5,20,10,3,0.2,0.3,0.4831,0.1601,3
5,0.5,20,10,3,0.1,0.6,0.4831,0.1601,3
5,0.5,20,10,2,0.0,0.4,0.4831,0.1601,3
5,0.5,20,10,3,0.1,0.5,0.4831,0.1601,3
5,0.5,20,10,2,0.1,0.6,0.4831,0.1601,3
5,0.5,20,10,2,0.0,0.6,0.4831,0.1601,3
5,0.5,20,10,5,0.2,0.5,0.4831,0.1601,3
5,0.5,20,10,5,0.2,0.6,0.4831,0.1601,3
5,0.5,20,10,5,0.2,0.4,0.4831,0.1601,3
5,0.5,20,10,5,0.2,0.3,0.4831,0.1601,3
5,0.5,20,10,5,0.1,0.6,0.4831,0.1601,3
5,0.5,20,10,5,0.1,0.5,0.4831,0.1601,3
5,0.5,20,10,5,0.0,0.5,0.4831,0.1601,3
5,0.5,20,10,5,0.0,0.6,0.4831,0.1601,3
5,0.5,20,10,5,0.1,0.3,0.4831,0.1601,3
5,0.5,20,10,5,0.1,0.4,0.4831,0.1601,3
5,0.5,20,10,5,0.0,0.3,0.4831,0.1601,3
5,0.5,20,10,3,0.2,0.6,0.4831,0.1601,3
5,0.5,20,10,3,0.2,0.5,0.4831,0.1601,3
5,0.5,20,10,3,0.2,0.4,0.4831,0.1601,3
5,0.5,20,10,2,0.2,0.4,0.4831,0.1601,3
5,0.5,20,10,2,0.2,0.5,0.4831,0.1601,3
5,0.5,20,10,2,0.2,0.6,0.4831,0.1601,3
5,0.5,20,10,2,0.2,0.3,0.4831,0.1601,3
5,0.5,20,10,3,0.0,0.3,0.4831,0.1601,3
5,0.5,20,10,3,0.0,0.4,0.4831,0.1601,3
5,0.5,20,10,3,0.0,0.6,0.4831,0.1601,3
5,0.5,20,10,3,0.0,0.5,0.4831,0.1601,3
5,0.5,20,10,3,0.1,0.3,0.4831,0.1601,3
5,0.5,20,10,3,0.1,0.4,0.4831,0.1601,3
5,0.5,20,10,2,0.1,0.4,0.4831,0.1601,3
5,0.5,20,10,2,0.1,0.3,0.4831,0.1601,3
5,0.5,20,10,5,0.0,0.4,0.4831,0.1601,3
15,0.4,20,10,2,0.2,0.5,0.483,0.1308,3
15,0.4,20,10,3,0.0,0.5,0.483,0.1308,3
15,0.4,20,10,5,0.2,0.5,0.483,0.1308,3
15,0.4,20,10,3,0.2,0.5,0.483,0.1308,3
15,0.4,30,10,2,0.0,0.5,0.483,0.1308,3
15,0.4,30,10,2,0.1,0.5,0.483,0.1308,3
15,0.4,20,10,5,0.0,0.5,0.483,0.1308,3
7,0.4,45,10,3,0.2,0.6,0.483,0.1308,3
7,0.4,45,10,3,0.1,0.6,0.483,0.1308,3
15,0.4,20,10,3,0.1,0.5,0.483,0.1308,3
7,0.4,45,10,2,0.0,0.6,0.483,0.1308,3
7,0.4,45,10,5,0.0,0.6,0.483,0.1308,3
15,0.4,30,10,2,0.2,0.5,0.483,0.1308,3
15,0.4,30,10,3,0.0,0.5,0.483,0.1308,3
15,0.4,20,10,5,0.1,0.5,0.483,0.1308,3
7,0.4,45,10,5,0.1,0.6,0.483,0.1308,3
7,0.4,45,10,5,0.2,0.6,0.483,0.1308,3
7,0.4,45,10,3,0.0,0.6,0.483,0.1308,3
15,0.4,30,10,5,0.1,0.5,0.483,0.1308,3
15,0.4,30,10,3,0.1,0.5,0.483,0.1308,3
15,0.4,30,10,3,0.2,0.5,0.483,0.1308,3
15,0.4,30,10,5,0.0,0.5,0.483,0.1308,3
7,0.4,45,10,2,0.2,0.6,0.483,0.1308,3
15,0.4,20,10,2,0.1,0.5,0.483,0.1308,3
15,0.4,30,10,5,0.2,0.5,0.483,0.1308,3
7,0.4,45,10,2,0.1,0.6,0.483,0.1308,3
15,0.4,20,10,2,0.0,0.5,0.483,0.1308,3
5,0.3,20,20,3,0.2,0.5,0.4824,0.122,3
5,0.3,20,20,3,0.0,0.5,0.4824,0.122,3
5,0.3,20,20,3,0.1,0.5,0.4824,0.122,3
5,0.3,20,20,5,0.0,0.5,0.4824,0.122,3
5,0.3,20,20,2,0.2,0.5,0.4824,0.122,3
5,0.3,20,20,5,0.2,0.5,0.4824,0.122,3
5,0.3,20,20,2,0.0,0.5,0.4824,0.122,3
5,0.3,20,20,5,0.1,0.5,0.4824,0.122,3
5,0.3,20,20,2,0.1,0.5,0.4824,0.122,3
5,0.4,30,10,3,0.2,0.5,0.4816,0.1212,3
5,0.4,30,10,5,0.1,0.5,0.4816,0.1212,3
5,0.4,30,10,5,0.0,0.5,0.4816,0.1212,3
5,0.4,30,10,2,0.2,0.5,0.4816,0.1212,3
5,0.4,30,10,3,0.0,0.5,0.4816,0.1212,3
5,0.4,30,10,3,0.1,0.5,0.4816,0.1212,3
7,0.3,60,10,5,0.1,0.3,0.4816,0.1212,3
5,0.4,20,10,2,0.0,0.5,0.4816,0.1212,3
5,0.4,30,10,2,0.1,0.5,0.4816,0.1212,3
5,0.4,30,10,2,0.0,0.5,0.4816,0.1212,3
5,0.4,20,10,5,0.1,0.5,0.4816,0.1212,3
5,0.4,20,10,2,0.2,0.5,0.4816,0.1212,3
5,0.4,20,10,5,0.2,0.5,0.4816,0.1212,3
5,0.4,20,10,2,0.1,0.5,0.4816,0.1212,3
5,0.4,30,10,5,0.2,0.5,0.4816,0.1212,3
5,0.4,20,10,5,0.0,0.5,0.4816,0.1212,3
5,0.4,20,10,3,0.2,0.5,0.4816,0.1212,3
5,0.4,20,10,3,0.1,0.5,0.4816,0.1212,3
5,0.4,20,10,3,0.0,0.5,0.4816,0.1212,3
7,0.3,60,10,2,0.2,0.3,0.4816,0.1212,3
7,0.3,60,10,2,0.0,0.3,0.4816,0.1212,3
7,0.3,60,10,5,0.0,0.3,0.4816,0.1212,3
7,0.3,60,10,3,0.2,0.3,0.4816,0.1212,3
7,0.3,60,10,2,0.1,0.3,0.4816,0.1212,3
7,0.3,60,10,5,0.2,0.3,0.4816,0.1212,3
7,0.3,60,10,3,0.1,0.3,0.4816,0.1212,3
7,0.3,60,10,3,0.0,0.3,0.4816,0.1212,3
11,0.3,20,10,5,0.0,0.5,0.4811,0.1207,3
11,0.3,20,10,5,0.1,0.5,0.4811,0.1207,3
11,0.3,20,10,2,0.2,0.5,0.4811,0.1207,3
11,0.3,20,10,2,0.0,0.5,0.4811,0.1207,3
11,0.3,20,10,3,0.1,0.5,0.4811,0.1207,3
11,0.3,20,10,3,0.0,0.5,0.4811,0.1207,3
15,0.3,20,10,5,0.1,0.4,0.4811,0.1207,3
15,0.3,20,10,5,0.0,0.4,0.4811,0.1207,3
15,0.3,20,10,5,0.2,0.4,0.4811,0.1207,3
5,0.3,60,10,5,0.1,0.3,0.4811,0.1207,3
5,0.3,60,10,5,0.0,0.4,0.4811,0.1207,3
5,0.3,60,10,5,0.0,0.3,0.4811,0.1207,3
11,0.3,20,10,5,0.2,0.5,0.4811,0.1207,3
5,0.3,60,10,2,0.2,0.3,0.4811,0.1207,3
5,0.3,60,10,2,0.1,0.4,0.4811,0.1207,3
5,0.3,60,10,2,0.1,0.3,0.4811,0.1207,3
5,0.3,60,10,2,0.2,0.4,0.4811,0.1207,3
5,0.3,60,10,3,0.2,0.3,0.4811,0.1207,3
5,0.3,60,10,3,0.1,0.4,0.4811,0.1207,3
5,0.3,60,10,3,0.1,0.3,0.4811,0.1207,3
5,0.3,60,10,3,0.2,0.4,0.4811,0.1207,3
5,0.3,60,10,3,0.0,0.4,0.4811,0.1207,3
5,0.3,60,20,5,0.0,0.4,0.4811,0.1207,3
5,0.3,60,20,5,0.0,0.3,0.4811,0.1207,3
5,0.3,60,20,3,0.2,0.4,0.4811,0.1207,3
15,0.3,20,10,3,0.0,0.4,0.4811,0.1207,3
5,0.3,60,20,5,0.1,0.3,0.4811,0.1207,3
15,0.3,20,10,3,0.2,0.4,0.4811,0.1207,3
15,0.3,20,10,3,0.1,0.4,0.4811,0.1207,3
5,0.3,60,20,5,0.1,0.4,0.4811,0.1207,3
15,0.3,20,10,2,0.0,0.4,0.4811,0.1207,3
5,0.3,60,20,5,0.2,0.4,0.4811,0.1207,3
5,0.3,60,20,5,0.2,0.3,0.4811,0.1207,3
5,0.3,60,20,3,0.0,0.4,0.4811,0.1207,3
5,0.3,60,20,3,0.1,0.3,0.4811,0.1207,3
5,0.3,60,20,3,0.1,0.4,0.4811,0.1207,3
5,0.3,60,20,3,0.0,0.3,0.4811,0.1207,3
5,0.3,60,20,3,0.2,0.3,0.4811,0.1207,3
5,0.3,60,10,2,0.0,0.3,0.4811,0.1207,3
5,0.3,60,10,2,0.0,0.4,0.4811,0.1207,3
11,0.3,20,10,3,0.2,0.5,0.4811,0.1207,3
5,0.3,60,20,2,0.2,0.3,0.4811,0.1207,3
5,0.3,60,20,2,0.2,0.4,0.4811,0.1207,3
11,0.3,20,10,2,0.1,0.5,0.4811,0.1207,3
5,0.3,60,10,5,0.2,0.4,0.4811,0.1207,3
5,0.3,60,20,2,0.0,0.3,0.4811,0.1207,3
5,0.3,60,20,2,0.0,0.4,0.4811,0.1207,3
5,0.3,60,20,2,0.1,0.3,0.4811,0.1207,3
5,0.3,60,20,2,0.1,0.4,0.4811,0.1207,3
5,0.3,60,10,5,0.2,0.3,0.4811,0.1207,3
15,0.3,20,10,2,0.1,0.4,0.4811,0.1207,3
15,0.3,20,10,2,0.2,0.4,0.4811,0.1207,3
5,0.3,60,10,5,0.1,0.4,0.4811,0.1207,3
5,0.3,60,10,3,0.0,0.3,0.4811,0.1207,3
11,0.3,45,10,5,0.0,0.3,0.4808,0.1205,3
11,0.3,45,10,3,0.1,0.3,0.4808,0.1205,3
11,0.3,30,10,3,0.2,0.3,0.4808,0.1205,3
11,0.3,45,10,5,0.1,0.3,0.4808,0.1205,3
11,0.3,45,10,3,0.0,0.3,0.4808,0.1205,3
11,0.3,30,10,2,0.2,0.3,0.4808,0.1205,3
11,0.3,30,10,5,0.2,0.3,0.4808,0.1205,3
11,0.3,45,10,2,0.1,0.3,0.4808,0.1205,3
11,0.3,45,10,2,0.0,0.3,0.4808,0.1205,3
5,0.6,60,20,5,0.1,0.4,0.4791,0.1759,3
5,0.6,60,20,5,0.1,0.3,0.4791,0.1759,3
5,0.6,60,10,5,0.1,0.5,0.4791,0.1759,3
5,0.6,60,10,5,0.1,0.4,0.4791,0.1759,3
5,0.6,60,20,2,0.1,0.4,0.4791,0.1759,3
5,0.6,60,20,2,0.1,0.3,0.4791,0.1759,3
5,0.6,60,20,5,0.0,0.5,0.4791,0.1759,3
5,0.6,60,20,5,0.0,0.6,0.4791,0.1759,3
5,0.6,60,20,2,0.1,0.5,0.4791,0.1759,3
5,0.6,60,10,5,0.1,0.6,0.4791,0.1759,3
5,0.6,45,20,5,0.0,0.4,0.4791,0.1759,3
5,0.6,45,20,5,0.0,0.3,0.4791,0.1759,3
5,0.6,45,20,3,0.0,0.6,0.4791,0.1759,3
5,0.6,45,20,3,0.0,0.5,0.4791,0.1759,3
5,0.6,45,20,3,0.0,0.4,0.4791,0.1759,3
5,0.6,45,20,3,0.0,0.3,0.4791,0.1759,3
5,0.5,45,10,5,0.0,0.7,0.4791,0.1759,3
5,0.5,45,10,5,0.2,0.7,0.4791,0.1759,3
5,0.6,60,10,2,0.0,0.5,0.4791,0.1759,3
5,0.6,60,10,2,0.1,0.3,0.4791,0.1759,3
5,0.6,60,10,2,0.0,0.7,0.4791,0.1759,3
5,0.6,60,10,2,0.0,0.6,0.4791,0.1759,3
5,0.6,60,10,5,0.0,0.5,0.4791,0.1759,3
5,0.6,60,10,5,0.0,0.6,0.4791,0.1759,3
5,0.6,60,10,5,0.0,0.4,0.4791,0.1759,3
5,0.6,60,10,5,0.0,0.3,0.4791,0.1759,3
5,0.5,45,10,2,0.1,0.7,0.4791,0.1759,3
5,0.6,60,10,3,0.1,0.7,0.4791,0.1759,3
5,0.6,60,10,3,0.1,0.6,0.4791,0.1759,3
5,0.6,45,20,5,0.0,0.6,0.4791,0.1759,3
5,0.6,45,20,5,0.0,0.5,0.4791,0.1759,3
5,0.5,30,20,5,0.2,0.7,0.4791,0.1759,3
5,0.5,30,20,5,0.1,0.7,0.4791,0.1759,3
5,0.5,30,20,5,0.0,0.7,0.4791,0.1759,3
5,0.5,45,10,5,0.1,0.7,0.4791,0.1759,3
5,0.6,60,10,2,0.1,0.4,0.4791,0.1759,3
5,0.5,45,10,3,0.1,0.7,0.4791,0.1759,3
5,0.5,45,10,3,0.0,0.7,0.4791,0.1759,3
5,0.5,45,10,3,0.2,0.7,0.4791,0.1759,3
5,0.5,45,10,2,0.2,0.7,0.4791,0.1759,3
5,0.6,60,10,2,0.0,0.3,0.4791,0.1759,3
5,0.6,60,10,2,0.0,0.4,0.4791,0.1759,3
5,0.6,60,20,5,0.0,0.3,0.4791,0.1759,3
5,0.6,60,20,5,0.0,0.4,0.4791,0.1759,3
5,0.5,30,20,3,0.2,0.7,0.4791,0.1759,3
5,0.5,30,20,2,0.0,0.7,0.4791,0.1759,3
5,0.5,30,20,2,0.1,0.7,0.4791,0.1759,3
5,0.5,30,20,2,0.2,0.7,0.4791,0.1759,3
5,0.5,30,20,3,0.0,0.7,0.4791,0.1759,3
5,0.5,30,20,3,0.1,0.7,0.4791,0.1759,3
5,0.6,60,10,3,0.0,0.5,0.4791,0.1759,3
5,0.6,60,20,5,0.0,0.7,0.4791,0.1759,3
5,0.5,45,10,2,0.0,0.7,0.4791,0.1759,3
5,0.6,60,10,2,0.1,0.5,0.4791,0.1759,3
5,0.6,60,10,2,0.1,0.6,0.4791,0.1759,3
5,0.6,60,10,2,0.1,0.7,0.4791,0.1759,3
5,0.6,60,10,3,0.0,0.3,0.4791,0.1759,3
5,0.6,60,10,3,0.0,0.4,0.4791,0.1759,3
5,0.6,60,10,3,0.1,0.4,0.4791,0.1759,3
5,0.5,60,20,5,0.2,0.7,0.4791,0.1759,3
5,0.5,60,20,5,0.1,0.7,0.4791,0.1759,3
5,0.6,45,20,2,0.0,0.3,0.4791,0.1759,3
5,0.6,45,10,5,0.0,0.3,0.4791,0.1759,3
5,0.6,45,20,2,0.0,0.4,0.4791,0.1759,3
5,0.6,45,20,2,0.0,0.5,0.4791,0.1759,3
5,0.6,45,20,2,0.0,0.6,0.4791,0.1759,3
5,0.5,60,20,2,0.2,0.7,0.4791,0.1759,3
5,0.5,60,20,3,0.0,0.7,0.4791,0.1759,3
5,0.5,60,20,3,0.1,0.7,0.4791,0.1759,3
5,0.5,60,20,3,0.2,0.7,0.4791,0.1759,3
5,0.5,60,20,5,0.0,0.7,0.4791,0.1759,3
5,0.6,45,10,5,0.0,0.4,0.4791,0.1759,3
5,0.6,45,10,5,0.0,0.5,0.4791,0.1759,3
5,0.6,45,10,5,0.0,0.6,0.4791,0.1759,3
5,0.4,20,20,3,0.2,0.7,0.4791,0.1759,3
5,0.4,20,20,3,0.1,0.7,0.4791,0.1759,3
5,0.4,20,20,3,0.0,0.7,0.4791,0.1759,3
5,0.4,20,20,2,0.2,0.7,0.4791,0.1759,3
5,0.4,20,20,2,0.1,0.7,0.4791,0.1759,3
5,0.4,20,20,2,0.0,0.7,0.4791,0.1759,3
5,0.6,45,10,2,0.0,0.6,0.4791,0.1759,3
5,0.6,45,10,2,0.0,0.5,0.4791,0.1759,3
5,0.6,45,10,2,0.0,0.4,0.4791,0.1759,3
5,0.6,45,10,2,0.0,0.3,0.4791,0.1759,3
5,0.4,45,20,2,0.2,0.7,0.4791,0.1759,3
5,0.4,45,20,2,0.1,0.7,0.4791,0.1759,3
5,0.4,45,20,3,0.0,0.7,0.4791,0.1759,3
5,0.4,45,20,5,0.2,0.7,0.4791,0.1759,3
5,0.5,60,20,2,0.1,0.7,0.4791,0.1759,3
5,0.5,60,20,2,0.0,0.7,0.4791,0.1759,3
5,0.5,60,10,5,0.2,0.7,0.4791,0.1759,3
5,0.5,60,10,5,0.1,0.7,0.4791,0.1759,3
5,0.5,60,10,5,0.0,0.7,0.4791,0.1759,3
5,0.6,60,10,3,0.1,0.3,0.4791,0.1759,3
5,0.6,60,10,3,0.0,0.7,0.4791,0.1759,3
5,0.6,60,10,3,0.0,0.6,0.4791,0.1759,3
5,0.6,60,20,2,0.0,0.7,0.4791,0.1759,3
5,0.6,60,20,2,0.0,0.6,0.4791,0.1759,3
5,0.6,60,20,2,0.0,0.5,0.4791,0.1759,3
5,0.6,60,20,2,0.0,0.4,0.4791,0.1759,3
5,0.6,60,20,2,0.0,0.3,0.4791,0.1759,3
5,0.6,60,10,5,0.1,0.7,0.4791,0.1759,3
5,0.6,60,10,5,0.1,0.3,0.4791,0.1759,3
5,0.6,60,20,5,0.1,0.5,0.4791,0.1759,3
5,0.4,45,20,5,0.1,0.7,0.4791,0.1759,3
5,0.4,45,20,5,0.0,0.7,0.4791,0.1759,3
5,0.4,45,20,2,0.0,0.7,0.4791,0.1759,3
5,0.4,45,20,3,0.2,0.7,0.4791,0.1759,3
5,0.4,45,20,3,0.1,0.7,0.4791,0.1759,3
5,0.6,45,10,3,0.0,0.6,0.4791,0.1759,3
5,0.6,45,10,3,0.0,0.5,0.4791,0.1759,3
5,0.6,45,10,3,0.0,0.4,0.4791,0.1759,3
5,0.6,45,10,3,0.0,0.3,0.4791,0.1759,3
5,0.5,60,10,3,0.1,0.7,0.4791,0.1759,3
5,0.5,60,10,2,0.1,0.7,0.4791,0.1759,3
5,0.5,60,10,3,0.2,0.7,0.4791,0.1759,3
5,0.5,60,10,2,0.2,0.7,0.4791,0.1759,3
5,0.5,60,10,3,0.0,0.7,0.4791,0.1759,3
5,0.5,60,10,2,0.0,0.7,0.4791,0.1759,3
5,0.4,20,20,5,0.2,0.7,0.4791,0.1759,3
5,0.4,20,20,5,0.0,0.7,0.4791,0.1759,3
5,0.4,20,20,5,0.1,0.7,0.4791,0.1759,3
5,0.6,60,20,3,0.1,0.7,0.4791,0.1759,3
5,0.6,60,20,3,0.1,0.6,0.4791,0.1759,3
5,0.6,60,20,3,0.1,0.5,0.4791,0.1759,3
5,0.6,60,20,3,0.1,0.4,0.4791,0.1759,3
5,0.6,60,20,5,0.1,0.7,0.4791,0.1759,3
5,0.6,60,20,5,0.1,0.6,0.4791,0.1759,3
5,0.6,60,10,5,0.0,0.7,0.4791,0.1759,3
5,0.6,60,20,3,0.1,0.3,0.4791,0.1759,3
5,0.6,60,20,3,0.0,0.7,0.4791,0.1759,3
5,0.6,60,20,3,0.0,0.6,0.4791,0.1759,3
5,0.6,60,20,3,0.0,0.5,0.4791,0.1759,3
5,0.6,60,20,3,0.0,0.4,0.4791,0.1759,3
5,0.6,60,20,3,0.0,0.3,0.4791,0.1759,3
5,0.6,60,10,3,0.1,0.5,0.4791,0.1759,3
5,0.6,60,20,2,0.1,0.7,0.4791,0.1759,3
5,0.6,60,20,2,0.1,0.6,0.4791,0.1759,3
15,0.5,90,20,2,0.0,0.6,0.4787,0.1814,3
15,0.5,90,20,2,0.1,0.3,0.4787,0.1814,3
15,0.5,90,20,2,0.1,0.4,0.4787,0.1814,3
15,0.5,90,20,2,0.1,0.5,0.4787,0.1814,3
11,0.6,60,20,2,0.0,0.3,0.4787,0.1814,3
11,0.6,60,20,2,0.0,0.4,0.4787,0.1814,3
11,0.6,60,20,2,0.0,0.5,0.4787,0.1814,3
11,0.6,60,20,2,0.0,0.6,0.4787,0.1814,3
11,0.6,60,20,2,0.0,0.7,0.4787,0.1814,3
11,0.6,60,20,2,0.1,0.3,0.4787,0.1814,3
11,0.6,60,20,2,0.1,0.4,0.4787,0.1814,3
11,0.6,60,20,2,0.1,0.5,0.4787,0.1814,3
11,0.6,60,20,2,0.1,0.6,0.4787,0.1814,3
11,0.6,60,20,2,0.1,0.7,0.4787,0.1814,3
11,0.6,60,20,2,0.2,0.3,0.4787,0.1814,3
11,0.6,60,20,2,0.2,0.4,0.4787,0.1814,3
11,0.5,30,20,5,0.1,0.7,0.4787,0.1814,3
11,0.5,30,20,5,0.2,0.7,0.4787,0.1814,3
15,0.5,90,20,5,0.1,0.6,0.4787,0.1814,3
15,0.5,90,20,2,0.2,0.6,0.4787,0.1814,3
15,0.5,90,20,3,0.0,0.3,0.4787,0.1814,3
15,0.5,90,20,3,0.0,0.4,0.4787,0.1814,3
15,0.5,90,20,3,0.0,0.5,0.4787,0.1814,3
15,0.5,90,20,3,0.0,0.6,0.4787,0.1814,3
15,0.5,90,20,3,0.1,0.3,0.4787,0.1814,3
15,0.5,90,20,3,0.1,0.4,0.4787,0.1814,3
15,0.5,90,20,3,0.1,0.5,0.4787,0.1814,3
11,0.5,30,20,5,0.0,0.7,0.4787,0.1814,3
11,0.6,60,20,2,0.2,0.5,0.4787,0.1814,3
11,0.6,60,20,2,0.2,0.6,0.4787,0.1814,3
11,0.6,60,20,2,0.2,0.7,0.4787,0.1814,3
11,0.6,60,20,3,0.0,0.3,0.4787,0.1814,3
11,0.4,90,10,2,0.0,0.7,0.4787,0.1814,3
11,0.6,60,20,3,0.1,0.3,0.4787,0.1814,3
11,0.6,60,20,3,0.1,0.4,0.4787,0.1814,3
11,0.6,60,20,3,0.1,0.5,0.4787,0.1814,3
11,0.6,60,20,3,0.1,0.6,0.4787,0.1814,3
11,0.6,60,20,3,0.1,0.7,0.4787,0.1814,3
11,0.6,60,20,3,0.2,0.3,0.4787,0.1814,3
11,0.6,60,20,3,0.2,0.4,0.4787,0.1814,3
11,0.6,60,20,3,0.2,0.5,0.4787,0.1814,3
11,0.6,60,20,3,0.2,0.6,0.4787,0.1814,3
11,0.6,60,20,3,0.2,0.7,0.4787,0.1814,3
11,0.6,60,20,5,0.0,0.3,0.4787,0.1814,3
11,0.5,30,20,3,0.0,0.7,0.4787,0.1814,3
11,0.5,30,20,3,0.1,0.7,0.4787,0.1814,3
11,0.5,30,20,3,0.2,0.7,0.4787,0.1814,3
11,0.6,60,20,5,0.0,0.4,0.4787,0.1814,3
11,0.6,60,20,5,0.0,0.5,0.4787,0.1814,3
11,0.6,60,10,5,0.2,0.5,0.4787,0.1814,3
11,0.6,60,10,5,0.2,0.6,0.4787,0.1814,3
11,0.6,60,10,5,0.2,0.7,0.4787,0.1814,3
15,0.5,60,20,5,0.2,0.3,0.4787,0.1814,3
15,0.5,60,20,5,0.2,0.4,0.4787,0.1814,3
15,0.5,60,20,5,0.2,0.5,0.4787,0.1814,3
15,0.5,60,20,5,0.2,0.6,0.4787,0.1814,3
11,0.6,60,20,5,0.0,0.6,0.4787,0.1814,3
11,0.6,60,20,5,0.0,0.7,0.4787,0.1814,3
11,0.6,60,20,5,0.1,0.3,0.4787,0.1814,3
11,0.6,60,20,5,0.1,0.4,0.4787,0.1814,3
11,0.6,60,20,5,0.1,0.5,0.4787,0.1814,3
11,0.6,60,20,5,0.1,0.6,0.4787,0.1814,3
11,0.6,60,20,5,0.1,0.7,0.4787,0.1814,3
11,0.5,60,20,2,0.0,0.7,0.4787,0.1814,3
11,0.5,60,20,2,0.1,0.7,0.4787,0.1814,3
11,0.5,60,20,2,0.2,0.7,0.4787,0.1814,3
11,0.5,30,20,2,0.2,0.7,0.4787,0.1814,3
11,0.5,90,20,5,0.2,0.7,0.4787,0.1814,3
11,0.5,90,20,5,0.0,0.7,0.4787,0.1814,3
11,0.5,90,20,5,0.1,0.7,0.4787,0.1814,3
11,0.5,90,20,3,0.1,0.7,0.4787,0.1814,3
11,0.5,90,20,3,0.2,0.7,0.4787,0.1814,3
11,0.5,90,20,2,0.0,0.7,0.4787,0.1814,3
11,0.5,90,20,2,0.1,0.7,0.4787,0.1814,3
11,0.5,90,20,2,0.2,0.7,0.4787,0.1814,3
11,0.5,90,20,3,0.0,0.7,0.4787,0.1814,3
11,0.5,60,20,5,0.0,0.7,0.4787,0.1814,3
11,0.5,60,20,5,0.1,0.7,0.4787,0.1814,3
11,0.5,60,20,5,0.2,0.7,0.4787,0.1814,3
11,0.5,60,20,3,0.0,0.7,0.4787,0.1814,3
11,0.5,60,20,3,0.1,0.7,0.4787,0.1814,3
11,0.5,60,20,3,0.2,0.7,0.4787,0.1814,3
11,0.6,20,10,2,0.0,0.5,0.4787,0.1814,3
11,0.6,20,10,2,0.0,0.6,0.4787,0.1814,3
11,0.6,20,10,2,0.0,0.7,0.4787,0.1814,3
11,0.6,20,10,2,0.1,0.3,0.4787,0.1814,3
11,0.6,20,10,2,0.1,0.4,0.4787,0.1814,3
11,0.6,20,10,2,0.0,0.3,0.4787,0.1814,3
11,0.6,20,10,2,0.0,0.4,0.4787,0.1814,3
11,0.6,60,20,5,0.2,0.3,0.4787,0.1814,3
11,0.6,60,20,5,0.2,0.4,0.4787,0.1814,3
11,0.6,60,20,5,0.2,0.5,0.4787,0.1814,3
11,0.6,60,20,5,0.2,0.6,0.4787,0.1814,3
11,0.6,60,20,5,0.2,0.7,0.4787,0.1814,3
11,0.6,60,20,3,0.0,0.5,0.4787,0.1814,3
11,0.6,60,20,3,0.0,0.6,0.4787,0.1814,3
11,0.6,60,20,3,0.0,0.7,0.4787,0.1814,3
15,0.5,60,20,3,0.1,0.3,0.4787,0.1814,3
15,0.5,60,20,3,0.1,0.4,0.4787,0.1814,3
15,0.5,60,20,3,0.1,0.5,0.4787,0.1814,3
15,0.5,60,20,3,0.1,0.6,0.4787,0.1814,3
15,0.5,60,20,3,0.2,0.3,0.4787,0.1814,3
15,0.5,60,20,3,0.2,0.4,0.4787,0.1814,3
15,0.5,60,20,3,0.2,0.5,0.4787,0.1814,3
15,0.5,60,20,3,0.2,0.6,0.4787,0.1814,3
11,0.6,20,10,2,0.1,0.6,0.4787,0.1814,3
11,0.6,20,10,2,0.1,0.7,0.4787,0.1814,3
11,0.6,20,10,2,0.2,0.3,0.4787,0.1814,3
11,0.6,20,10,2,0.2,0.4,0.4787,0.1814,3
11,0.6,20,10,2,0.2,0.5,0.4787,0.1814,3
11,0.6,20,10,2,0.2,0.6,0.4787,0.1814,3
11,0.6,20,10,2,0.2,0.7,0.4787,0.1814,3
11,0.6,20,10,3,0.0,0.3,0.4787,0.1814,3
11,0.6,20,10,3,0.0,0.4,0.4787,0.1814,3
11,0.6,20,10,3,0.0,0.5,0.4787,0.1814,3
11,0.6,20,10,3,0.0,0.6,0.4787,0.1814,3
11,0.6,20,10,3,0.0,0.7,0.4787,0.1814,3
11,0.6,20,10,3,0.1,0.3,0.4787,0.1814,3
11,0.6,20,10,3,0.1,0.4,0.4787,0.1814,3
11,0.6,20,10,3,0.1,0.5,0.4787,0.1814,3
11,0.6,20,10,3,0.1,0.6,0.4787,0.1814,3
11,0.6,20,10,3,0.1,0.7,0.4787,0.1814,3
11,0.6,20,10,3,0.2,0.3,0.4787,0.1814,3
11,0.6,20,10,3,0.2,0.4,0.4787,0.1814,3
11,0.6,20,10,3,0.2,0.5,0.4787,0.1814,3
11,0.6,20,10,3,0.2,0.6,0.4787,0.1814,3
11,0.6,20,10,3,0.2,0.7,0.4787,0.1814,3
11,0.6,20,10,5,0.0,0.3,0.4787,0.1814,3
11,0.5,30,20,2,0.1,0.7,0.4787,0.1814,3
11,0.6,20,10,2,0.1,0.5,0.4787,0.1814,3
11,0.5,30,20,2,0.0,0.7,0.4787,0.1814,3
15,0.5,60,20,5,0.0,0.3,0.4787,0.1814,3
15,0.5,60,20,5,0.0,0.4,0.4787,0.1814,3
15,0.5,60,20,5,0.0,0.5,0.4787,0.1814,3
15,0.5,60,20,5,0.0,0.6,0.4787,0.1814,3
15,0.5,60,20,5,0.1,0.3,0.4787,0.1814,3
15,0.5,60,20,5,0.1,0.4,0.4787,0.1814,3
15,0.5,60,20,5,0.1,0.5,0.4787,0.1814,3
15,0.5,60,20,5,0.1,0.6,0.4787,0.1814,3
11,0.4,90,10,2,0.1,0.7,0.4787,0.1814,3
11,0.4,90,10,2,0.2,0.7,0.4787,0.1814,3
11,0.4,90,10,3,0.0,0.7,0.4787,0.1814,3
15,0.5,60,20,2,0.1,0.3,0.4787,0.1814,3
15,0.5,60,20,2,0.1,0.4,0.4787,0.1814,3
15,0.5,60,20,2,0.1,0.5,0.4787,0.1814,3
15,0.5,60,20,2,0.1,0.6,0.4787,0.1814,3
15,0.5,60,20,2,0.2,0.3,0.4787,0.1814,3
11,0.6,20,10,5,0.1,0.5,0.4787,0.1814,3
11,0.6,20,10,5,0.1,0.6,0.4787,0.1814,3
11,0.6,20,10,5,0.1,0.7,0.4787,0.1814,3
11,0.6,20,10,5,0.2,0.3,0.4787,0.1814,3
11,0.6,20,10,5,0.2,0.4,0.4787,0.1814,3
11,0.6,20,10,5,0.0,0.4,0.4787,0.1814,3
11,0.6,20,10,5,0.0,0.5,0.4787,0.1814,3
11,0.6,20,10,5,0.0,0.6,0.4787,0.1814,3
11,0.6,20,10,5,0.0,0.7,0.4787,0.1814,3
15,0.5,60,20,2,0.2,0.4,0.4787,0.1814,3
15,0.5,60,20,2,0.2,0.5,0.4787,0.1814,3
15,0.5,60,20,2,0.2,0.6,0.4787,0.1814,3
15,0.5,60,20,3,0.0,0.3,0.4787,0.1814,3
15,0.5,60,20,3,0.0,0.4,0.4787,0.1814,3
15,0.5,60,20,3,0.0,0.5,0.4787,0.1814,3
15,0.5,60,20,3,0.0,0.6,0.4787,0.1814,3
11,0.4,90,10,3,0.1,0.7,0.4787,0.1814,3
11,0.6,90,10,2,0.0,0.6,0.4787,0.1814,3
11,0.6,90,10,2,0.0,0.7,0.4787,0.1814,3
11,0.6,90,10,2,0.1,0.3,0.4787,0.1814,3
11,0.6,90,10,2,0.1,0.4,0.4787,0.1814,3
11,0.6,90,10,2,0.1,0.5,0.4787,0.1814,3
11,0.6,90,10,2,0.1,0.6,0.4787,0.1814,3
11,0.6,20,10,5,0.2,0.7,0.4787,0.1814,3
11,0.6,20,20,2,0.0,0.3,0.4787,0.1814,3
11,0.6,20,20,2,0.0,0.4,0.4787,0.1814,3
11,0.6,20,20,2,0.0,0.5,0.4787,0.1814,3
11,0.6,20,20,2,0.0,0.6,0.4787,0.1814,3
11,0.6,20,20,2,0.0,0.7,0.4787,0.1814,3
11,0.6,20,20,2,0.1,0.3,0.4787,0.1814,3
11,0.6,20,20,2,0.1,0.4,0.4787,0.1814,3
11,0.6,20,20,2,0.1,0.5,0.4787,0.1814,3
11,0.6,20,20,2,0.1,0.6,0.4787,0.1814,3
11,0.6,20,20,2,0.1,0.7,0.4787,0.1814,3
11,0.6,20,20,2,0.2,0.3,0.4787,0.1814,3
11,0.6,20,20,2,0.2,0.4,0.4787,0.1814,3
11,0.6,20,20,2,0.2,0.5,0.4787,0.1814,3
11,0.6,20,10,5,0.1,0.3,0.4787,0.1814,3
11,0.6,20,10,5,0.1,0.4,0.4787,0.1814,3
15,0.4,20,30,2,0.0,0.5,0.4787,0.1814,3
15,0.4,20,30,2,0.0,0.6,0.4787,0.1814,3
15,0.4,20,30,2,0.1,0.3,0.4787,0.1814,3
15,0.4,20,30,2,0.1,0.4,0.4787,0.1814,3
11,0.6,20,10,5,0.2,0.5,0.4787,0.1814,3
11,0.6,20,10,5,0.2,0.6,0.4787,0.1814,3
11,0.6,90,10,2,0.1,0.7,0.4787,0.1814,3
15,0.5,60,20,2,0.0,0.3,0.4787,0.1814,3
15,0.5,60,20,2,0.0,0.4,0.4787,0.1814,3
15,0.5,60,20,2,0.0,0.5,0.4787,0.1814,3
15,0.5,60,20,2,0.0,0.6,0.4787,0.1814,3
11,0.6,90,10,2,0.2,0.7,0.4787,0.1814,3
11,0.6,90,10,3,0.0,0.3,0.4787,0.1814,3
11,0.6,90,10,3,0.0,0.4,0.4787,0.1814,3
11,0.6,90,10,3,0.0,0.5,0.4787,0.1814,3
11,0.6,90,10,3,0.0,0.6,0.4787,0.1814,3
11,0.6,90,10,3,0.0,0.7,0.4787,0.1814,3
11,0.6,90,10,3,0.1,0.3,0.4787,0.1814,3
11,0.6,90,10,3,0.1,0.4,0.4787,0.1814,3
11,0.6,20,20,3,0.0,0.7,0.4787,0.1814,3
11,0.6,20,20,3,0.1,0.3,0.4787,0.1814,3
11,0.6,20,20,3,0.1,0.4,0.4787,0.1814,3
11,0.6,20,20,3,0.1,0.5,0.4787,0.1814,3
11,0.6,20,20,3,0.1,0.6,0.4787,0.1814,3
11,0.6,20,20,3,0.1,0.7,0.4787,0.1814,3
11,0.6,20,20,3,0.2,0.3,0.4787,0.1814,3
11,0.6,20,20,3,0.2,0.4,0.4787,0.1814,3
11,0.6,20,20,3,0.2,0.5,0.4787,0.1814,3
11,0.6,20,20,3,0.2,0.6,0.4787,0.1814,3
15,0.4,20,30,2,0.0,0.3,0.4787,0.1814,3
15,0.4,20,30,2,0.0,0.4,0.4787,0.1814,3
11,0.6,20,20,2,0.2,0.6,0.4787,0.1814,3
11,0.6,20,20,2,0.2,0.7,0.4787,0.1814,3
11,0.6,20,20,3,0.0,0.3,0.4787,0.1814,3
11,0.6,20,20,3,0.0,0.4,0.4787,0.1814,3
11,0.6,20,20,3,0.0,0.5,0.4787,0.1814,3
11,0.6,20,20,3,0.0,0.6,0.4787,0.1814,3
11,0.6,90,10,3,0.1,0.5,0.4787,0.1814,3
11,0.6,90,10,3,0.1,0.6,0.4787,0.1814,3
11,0.6,90,10,3,0.1,0.7,0.4787,0.1814,3
11,0.6,90,10,3,0.2,0.3,0.4787,0.1814,3
11,0.6,90,10,2,0.0,0.3,0.4787,0.1814,3
11,0.6,90,10,2,0.0,0.4,0.4787,0.1814,3
11,0.6,90,10,2,0.0,0.5,0.4787,0.1814,3
11,0.6,60,10,5,0.0,0.3,0.4787,0.1814,3
11,0.6,60,10,5,0.0,0.4,0.4787,0.1814,3
11,0.6,60,10,5,0.0,0.5,0.4787,0.1814,3
11,0.6,60,10,5,0.0,0.6,0.4787,0.1814,3
11,0.6,60,10,5,0.0,0.7,0.4787,0.1814,3
15,0.4,20,30,3,0.2,0.4,0.4787,0.1814,3
15,0.4,20,30,3,0.2,0.5,0.4787,0.1814,3
15,0.4,20,30,3,0.2,0.6,0.4787,0.1814,3
15,0.4,20,30,5,0.0,0.3,0.4787,0.1814,3
15,0.4,20,30,2,0.1,0.5,0.4787,0.1814,3
15,0.4,20,30,2,0.1,0.6,0.4787,0.1814,3
15,0.4,20,30,2,0.2,0.3,0.4787,0.1814,3
15,0.4,20,30,2,0.2,0.4,0.4787,0.1814,3
15,0.4,20,30,2,0.2,0.5,0.4787,0.1814,3
15,0.4,20,30,2,0.2,0.6,0.4787,0.1814,3
15,0.4,20,30,5,0.2,0.3,0.4787,0.1814,3
15,0.4,20,30,5,0.2,0.4,0.4787,0.1814,3
15,0.4,20,30,5,0.2,0.5,0.4787,0.1814,3
15,0.4,20,30,5,0.2,0.6,0.4787,0.1814,3
15,0.4,20,30,3,0.0,0.3,0.4787,0.1814,3
15,0.4,20,30,3,0.0,0.4,0.4787,0.1814,3
15,0.4,20,30,3,0.0,0.5,0.4787,0.1814,3
15,0.4,20,30,3,0.0,0.6,0.4787,0.1814,3
15,0.4,20,30,3,0.1,0.3,0.4787,0.1814,3
15,0.4,20,30,3,0.1,0.4,0.4787,0.1814,3
15,0.4,20,30,3,0.1,0.5,0.4787,0.1814,3
15,0.4,20,30,3,0.1,0.6,0.4787,0.1814,3
15,0.4,20,30,3,0.2,0.3,0.4787,0.1814,3
11,0.6,20,20,5,0.2,0.3,0.4787,0.1814,3
11,0.6,20,20,5,0.2,0.4,0.4787,0.1814,3
11,0.6,20,20,5,0.2,0.5,0.4787,0.1814,3
11,0.6,20,20,5,0.2,0.6,0.4787,0.1814,3
11,0.6,20,20,5,0.2,0.7,0.4787,0.1814,3
15,0.4,20,30,5,0.0,0.4,0.4787,0.1814,3
15,0.4,20,30,5,0.0,0.5,0.4787,0.1814,3
15,0.4,20,30,5,0.0,0.6,0.4787,0.1814,3
15,0.4,20,30,5,0.1,0.3,0.4787,0.1814,3
15,0.4,20,30,5,0.1,0.4,0.4787,0.1814,3
15,0.4,20,30,5,0.1,0.5,0.4787,0.1814,3
15,0.4,20,30,5,0.1,0.6,0.4787,0.1814,3
11,0.6,60,10,5,0.1,0.3,0.4787,0.1814,3
11,0.6,60,10,5,0.1,0.4,0.4787,0.1814,3
11,0.6,60,10,5,0.1,0.5,0.4787,0.1814,3
11,0.6,60,10,5,0.1,0.6,0.4787,0.1814,3
11,0.6,60,10,5,0.1,0.7,0.4787,0.1814,3
11,0.6,60,10,5,0.2,0.3,0.4787,0.1814,3
11,0.6,60,10,5,0.2,0.4,0.4787,0.1814,3
11,0.6,90,10,2,0.2,0.3,0.4787,0.1814,3
11,0.6,90,10,2,0.2,0.4,0.4787,0.1814,3
11,0.6,90,10,2,0.2,0.5,0.4787,0.1814,3
11,0.6,90,10,2,0.2,0.6,0.4787,0.1814,3
11,0.4,90,10,3,0.2,0.7,0.4787,0.1814,3
11,0.4,90,10,5,0.0,0.7,0.4787,0.1814,3
11,0.4,90,10,5,0.1,0.7,0.4787,0.1814,3
11,0.4,90,10,5,0.2,0.7,0.4787,0.1814,3
11,0.4,90,20,2,0.0,0.7,0.4787,0.1814,3
11,0.6,20,20,3,0.2,0.7,0.4787,0.1814,3
11,0.6,20,20,5,0.0,0.3,0.4787,0.1814,3
11,0.6,20,20,5,0.0,0.4,0.4787,0.1814,3
11,0.6,20,20,5,0.0,0.5,0.4787,0.1814,3
11,0.6,20,20,5,0.0,0.6,0.4787,0.1814,3
11,0.6,20,20,5,0.0,0.7,0.4787,0.1814,3
11,0.6,20,20,5,0.1,0.3,0.4787,0.1814,3
11,0.6,20,20,5,0.1,0.4,0.4787,0.1814,3
11,0.6,20,20,5,0.1,0.5,0.4787,0.1814,3
11,0.6,20,20,5,0.1,0.6,0.4787,0.1814,3
11,0.6,20,20,5,0.1,0.7,0.4787,0.1814,3
11,0.6,30,10,2,0.0,0.3,0.4787,0.1814,3
11,0.6,30,10,2,0.0,0.4,0.4787,0.1814,3
11,0.6,30,10,2,0.0,0.5,0.4787,0.1814,3
11,0.6,30,10,2,0.0,0.6,0.4787,0.1814,3
11,0.6,30,10,2,0.0,0.7,0.4787,0.1814,3
11,0.6,30,10,2,0.1,0.3,0.4787,0.1814,3
11,0.6,30,10,2,0.1,0.4,0.4787,0.1814,3
15,0.5,45,20,5,0.1,0.3,0.4787,0.1814,3
15,0.5,45,20,5,0.1,0.4,0.4787,0.1814,3
15,0.5,45,20,5,0.1,0.5,0.4787,0.1814,3
15,0.5,45,20,5,0.1,0.6,0.4787,0.1814,3
15,0.5,45,20,5,0.2,0.3,0.4787,0.1814,3
15,0.5,45,20,5,0.2,0.4,0.4787,0.1814,3
15,0.5,45,20,5,0.2,0.5,0.4787,0.1814,3
15,0.5,45,20,5,0.2,0.6,0.4787,0.1814,3
15,0.5,45,20,3,0.0,0.3,0.4787,0.1814,3
15,0.5,45,20,3,0.0,0.4,0.4787,0.1814,3
15,0.5,45,20,3,0.0,0.5,0.4787,0.1814,3
15,0.5,45,20,3,0.0,0.6,0.4787,0.1814,3
15,0.5,45,20,3,0.1,0.3,0.4787,0.1814,3
15,0.5,45,20,3,0.1,0.4,0.4787,0.1814,3
15,0.5,45,20,3,0.1,0.5,0.4787,0.1814,3
15,0.5,45,20,3,0.1,0.6,0.4787,0.1814,3
11,0.6,30,10,2,0.1,0.5,0.4787,0.1814,3
11,0.6,30,10,2,0.1,0.6,0.4787,0.1814,3
11,0.6,30,10,2,0.1,0.7,0.4787,0.1814,3
11,0.6,30,10,2,0.2,0.3,0.4787,0.1814,3
11,0.6,30,10,2,0.2,0.4,0.4787,0.1814,3
11,0.6,30,10,2,0.2,0.5,0.4787,0.1814,3
11,0.6,30,10,2,0.2,0.6,0.4787,0.1814,3
11,0.6,30,10,2,0.2,0.7,0.4787,0.1814,3
11,0.6,30,10,3,0.0,0.3,0.4787,0.1814,3
11,0.6,30,10,3,0.0,0.4,0.4787,0.1814,3
11,0.6,30,10,3,0.0,0.5,0.4787,0.1814,3
11,0.6,30,10,3,0.0,0.6,0.4787,0.1814,3
11,0.6,30,10,3,0.0,0.7,0.4787,0.1814,3
11,0.6,30,10,3,0.1,0.3,0.4787,0.1814,3
11,0.6,30,10,3,0.1,0.4,0.4787,0.1814,3
11,0.6,30,10,3,0.1,0.5,0.4787,0.1814,3
11,0.6,30,10,3,0.1,0.6,0.4787,0.1814,3
11,0.6,30,10,3,0.1,0.7,0.4787,0.1814,3
11,0.6,30,10,3,0.2,0.3,0.4787,0.1814,3
11,0.6,30,10,3,0.2,0.4,0.4787,0.1814,3
11,0.6,30,10,3,0.2,0.5,0.4787,0.1814,3
11,0.6,30,10,3,0.2,0.6,0.4787,0.1814,3
11,0.6,30,10,3,0.2,0.7,0.4787,0.1814,3
11,0.6,30,10,5,0.0,0.3,0.4787,0.1814,3
11,0.6,30,10,5,0.0,0.4,0.4787,0.1814,3
11,0.6,30,10,5,0.0,0.5,0.4787,0.1814,3
11,0.6,30,10,5,0.0,0.6,0.4787,0.1814,3
11,0.6,30,10,5,0.0,0.7,0.4787,0.1814,3
11,0.6,30,10,5,0.1,0.3,0.4787,0.1814,3
11,0.6,30,10,5,0.1,0.4,0.4787,0.1814,3
11,0.6,30,10,5,0.1,0.5,0.4787,0.1814,3
11,0.6,30,10,5,0.1,0.6,0.4787,0.1814,3
7,0.3,60,30,5,0.1,0.7,0.4787,0.1814,3
7,0.3,60,30,5,0.2,0.7,0.4787,0.1814,3
7,0.3,90,30,3,0.2,0.5,0.4787,0.1758,3
11,0.6,30,10,5,0.1,0.7,0.4787,0.1814,3
7,0.3,60,30,2,0.0,0.7,0.4787,0.1814,3
7,0.3,60,30,2,0.1,0.7,0.4787,0.1814,3
7,0.3,60,30,2,0.2,0.7,0.4787,0.1814,3
7,0.3,60,30,3,0.0,0.7,0.4787,0.1814,3
7,0.3,60,30,3,0.1,0.7,0.4787,0.1814,3
7,0.3,60,30,3,0.2,0.7,0.4787,0.1814,3
7,0.3,60,30,5,0.0,0.7,0.4787,0.1814,3
11,0.5,20,20,5,0.2,0.7,0.4787,0.1814,3
15,0.4,45,30,3,0.1,0.6,0.4787,0.1814,3
15,0.4,45,30,3,0.2,0.5,0.4787,0.1814,3
15,0.4,45,30,3,0.2,0.6,0.4787,0.1814,3
15,0.4,45,30,5,0.0,0.5,0.4787,0.1814,3
11,0.5,20,20,3,0.1,0.7,0.4787,0.1814,3
11,0.5,20,20,3,0.2,0.7,0.4787,0.1814,3
11,0.5,20,20,5,0.0,0.7,0.4787,0.1814,3
7,0.3,90,30,2,0.0,0.7,0.4787,0.1814,3
7,0.3,90,30,2,0.1,0.7,0.4787,0.1814,3
7,0.3,90,30,2,0.2,0.4,0.4787,0.1758,3
7,0.3,90,30,2,0.2,0.5,0.4787,0.1758,3
11,0.5,20,20,5,0.1,0.7,0.4787,0.1814,3
15,0.4,45,30,2,0.0,0.6,0.4787,0.1814,3
15,0.4,45,30,2,0.1,0.5,0.4787,0.1814,3
15,0.4,45,30,2,0.1,0.6,0.4787,0.1814,3
15,0.4,45,30,2,0.2,0.5,0.4787,0.1814,3
15,0.4,45,30,2,0.2,0.6,0.4787,0.1814,3
15,0.4,45,30,3,0.0,0.5,0.4787,0.1814,3
15,0.4,45,30,3,0.0,0.6,0.4787,0.1814,3
15,0.4,45,30,3,0.1,0.5,0.4787,0.1814,3
7,0.3,90,30,3,0.0,0.7,0.4787,0.1814,3
7,0.3,90,30,3,0.1,0.7,0.4787,0.1814,3
7,0.3,90,30,3,0.2,0.4,0.4787,0.1758,3
7,0.3,90,30,5,0.0,0.7,0.4787,0.1814,3
7,0.3,90,30,5,0.1,0.7,0.4787,0.1814,3
7,0.3,90,30,5,0.2,0.4,0.4787,0.1758,3
7,0.3,90,30,5,0.2,0.5,0.4787,0.1758,3
15,0.4,45,30,5,0.0,0.6,0.4787,0.1814,3
15,0.4,45,30,5,0.1,0.5,0.4787,0.1814,3
15,0.4,45,30,5,0.1,0.6,0.4787,0.1814,3
15,0.4,45,30,5,0.2,0.5,0.4787,0.1814,3
15,0.4,45,30,5,0.2,0.6,0.4787,0.1814,3
11,0.6,30,10,5,0.2,0.3,0.4787,0.1814,3
11,0.6,30,10,5,0.2,0.4,0.4787,0.1814,3
15,0.4,45,30,2,0.0,0.5,0.4787,0.1814,3
15,0.5,45,20,3,0.2,0.3,0.4787,0.1814,3
15,0.5,45,20,3,0.2,0.4,0.4787,0.1814,3
15,0.5,45,20,3,0.2,0.5,0.4787,0.1814,3
15,0.5,45,20,3,0.2,0.6,0.4787,0.1814,3
15,0.5,45,20,5,0.0,0.3,0.4787,0.1814,3
15,0.5,45,20,5,0.0,0.4,0.4787,0.1814,3
15,0.5,45,20,5,0.0,0.5,0.4787,0.1814,3
15,0.5,45,20,5,0.0,0.6,0.4787,0.1814,3
11,0.4,90,20,2,0.1,0.7,0.4787,0.1814,3
11,0.4,90,20,2,0.2,0.7,0.4787,0.1814,3
11,0.4,90,20,3,0.0,0.7,0.4787,0.1814,3
11,0.4,90,20,3,0.1,0.7,0.4787,0.1814,3
11,0.6,60,10,2,0.2,0.7,0.4787,0.1814,3
11,0.6,60,10,3,0.0,0.3,0.4787,0.1814,3
11,0.6,60,10,3,0.0,0.4,0.4787,0.1814,3
11,0.6,60,10,3,0.0,0.5,0.4787,0.1814,3
11,0.3,60,10,2,0.0,0.7,0.4787,0.1814,3
11,0.3,60,10,2,0.1,0.7,0.4787,0.1814,3
11,0.6,30,10,5,0.2,0.5,0.4787,0.1814,3
11,0.6,30,10,5,0.2,0.6,0.4787,0.1814,3
11,0.6,30,10,5,0.2,0.7,0.4787,0.1814,3
11,0.6,30,20,2,0.0,0.3,0.4787,0.1814,3
11,0.6,30,20,2,0.0,0.4,0.4787,0.1814,3
11,0.6,30,20,2,0.0,0.5,0.4787,0.1814,3
11,0.6,30,20,2,0.0,0.6,0.4787,0.1814,3
11,0.3,60,10,2,0.2,0.7,0.4787,0.1814,3
11,0.3,60,10,5,0.2,0.7,0.4787,0.1814,3
11,0.3,60,20,2,0.0,0.7,0.4787,0.1814,3
11,0.3,60,10,3,0.0,0.7,0.4787,0.1814,3
11,0.3,60,10,3,0.1,0.7,0.4787,0.1814,3
11,0.3,60,10,3,0.2,0.7,0.4787,0.1814,3
11,0.3,60,10,5,0.0,0.7,0.4787,0.1814,3
11,0.6,60,10,3,0.0,0.6,0.4787,0.1814,3
11,0.6,60,10,3,0.0,0.7,0.4787,0.1814,3
11,0.6,60,10,3,0.1,0.3,0.4787,0.1814,3
11,0.6,60,10,3,0.1,0.4,0.4787,0.1814,3
11,0.6,60,10,3,0.1,0.5,0.4787,0.1814,3
11,0.6,60,10,3,0.1,0.6,0.4787,0.1814,3
11,0.6,60,10,3,0.1,0.7,0.4787,0.1814,3
11,0.6,60,10,3,0.2,0.3,0.4787,0.1814,3
11,0.6,60,10,3,0.2,0.4,0.4787,0.1814,3
11,0.6,60,10,3,0.2,0.5,0.4787,0.1814,3
11,0.6,60,10,3,0.2,0.6,0.4787,0.1814,3
11,0.6,60,10,3,0.2,0.7,0.4787,0.1814,3
15,0.5,45,20,2,0.0,0.3,0.4787,0.1814,3
15,0.5,45,20,2,0.0,0.4,0.4787,0.1814,3
15,0.5,45,20,2,0.0,0.5,0.4787,0.1814,3
15,0.5,45,20,2,0.0,0.6,0.4787,0.1814,3
11,0.6,30,20,2,0.2,0.7,0.4787,0.1814,3
11,0.6,30,20,3,0.0,0.3,0.4787,0.1814,3
11,0.6,30,20,3,0.0,0.4,0.4787,0.1814,3
11,0.6,30,20,3,0.0,0.5,0.4787,0.1814,3
11,0.6,30,20,3,0.0,0.6,0.4787,0.1814,3
11,0.6,30,20,3,0.0,0.7,0.4787,0.1814,3
15,0.4,60,30,5,0.2,0.6,0.4787,0.1814,3
11,0.3,60,20,2,0.2,0.7,0.4787,0.1814,3
11,0.3,60,20,3,0.0,0.7,0.4787,0.1814,3
11,0.3,60,10,5,0.1,0.7,0.4787,0.1814,3
15,0.4,60,30,2,0.0,0.6,0.4787,0.1814,3
15,0.4,60,30,2,0.1,0.6,0.4787,0.1814,3
15,0.4,60,30,2,0.2,0.6,0.4787,0.1814,3
15,0.4,60,30,3,0.0,0.6,0.4787,0.1814,3
15,0.4,60,30,3,0.1,0.6,0.4787,0.1814,3
15,0.4,60,30,3,0.2,0.6,0.4787,0.1814,3
15,0.4,60,30,5,0.0,0.6,0.4787,0.1814,3
15,0.4,60,30,5,0.1,0.6,0.4787,0.1814,3
11,0.6,30,20,2,0.0,0.7,0.4787,0.1814,3
11,0.6,30,20,2,0.1,0.3,0.4787,0.1814,3
11,0.6,30,20,2,0.1,0.4,0.4787,0.1814,3
11,0.6,30,20,2,0.1,0.5,0.4787,0.1814,3
11,0.6,30,20,2,0.1,0.6,0.4787,0.1814,3
11,0.6,30,20,2,0.1,0.7,0.4787,0.1814,3
11,0.6,30,20,2,0.2,0.3,0.4787,0.1814,3
11,0.6,30,20,2,0.2,0.4,0.4787,0.1814,3
11,0.6,30,20,2,0.2,0.5,0.4787,0.1814,3
11,0.6,30,20,2,0.2,0.6,0.4787,0.1814,3
15,0.4,90,30,2,0.1,0.6,0.4787,0.1814,3
15,0.4,90,30,2,0.2,0.6,0.4787,0.1814,3
15,0.4,90,30,3,0.0,0.6,0.4787,0.1814,3
15,0.4,90,30,3,0.1,0.6,0.4787,0.1814,3
15,0.4,90,30,3,0.2,0.6,0.4787,0.1814,3
15,0.4,90,30,5,0.0,0.6,0.4787,0.1814,3
15,0.4,90,30,5,0.1,0.6,0.4787,0.1814,3
15,0.4,90,30,5,0.2,0.6,0.4787,0.1814,3
11,0.3,60,20,5,0.2,0.7,0.4787,0.1814,3
11,0.3,60,30,2,0.0,0.7,0.4787,0.1814,3
11,0.3,60,20,3,0.1,0.7,0.4787,0.1814,3
11,0.3,60,20,3,0.2,0.7,0.4787,0.1814,3
11,0.3,60,20,5,0.0,0.7,0.4787,0.1814,3
11,0.3,60,20,2,0.1,0.7,0.4787,0.1814,3
11,0.6,30,20,3,0.1,0.7,0.4787,0.1814,3
11,0.6,30,20,3,0.2,0.3,0.4787,0.1814,3
11,0.6,30,20,3,0.2,0.4,0.4787,0.1814,3
11,0.6,30,20,3,0.2,0.5,0.4787,0.1814,3
11,0.6,30,20,3,0.2,0.6,0.4787,0.1814,3
11,0.6,30,20,3,0.2,0.7,0.4787,0.1814,3
11,0.6,30,20,5,0.0,0.3,0.4787,0.1814,3
11,0.6,30,20,5,0.0,0.4,0.4787,0.1814,3
11,0.6,30,20,5,0.0,0.5,0.4787,0.1814,3
11,0.6,30,20,5,0.0,0.6,0.4787,0.1814,3
11,0.6,30,20,5,0.0,0.7,0.4787,0.1814,3
11,0.6,30,20,5,0.1,0.3,0.4787,0.1814,3
11,0.3,60,30,3,0.0,0.7,0.4787,0.1814,3
11,0.3,60,30,3,0.1,0.7,0.4787,0.1814,3
11,0.3,60,20,5,0.1,0.7,0.4787,0.1814,3
15,0.4,90,30,2,0.0,0.6,0.4787,0.1814,3
11,0.6,30,20,5,0.1,0.4,0.4787,0.1814,3
11,0.6,30,20,5,0.1,0.5,0.4787,0.1814,3
11,0.6,30,20,5,0.1,0.6,0.4787,0.1814,3
11,0.6,30,20,5,0.1,0.7,0.4787,0.1814,3
11,0.6,30,20,5,0.2,0.3,0.4787,0.1814,3
11,0.6,30,20,5,0.2,0.4,0.4787,0.1814,3
11,0.6,30,20,5,0.2,0.5,0.4787,0.1814,3
11,0.6,30,20,5,0.2,0.6,0.4787,0.1814,3
11,0.6,30,20,5,0.2,0.7,0.4787,0.1814,3
11,0.6,30,20,3,0.1,0.3,0.4787,0.1814,3
11,0.6,30,20,3,0.1,0.4,0.4787,0.1814,3
11,0.6,30,20,3,0.1,0.5,0.4787,0.1814,3
11,0.6,30,20,3,0.1,0.6,0.4787,0.1814,3
11,0.3,60,30,5,0.0,0.7,0.4787,0.1814,3
11,0.3,60,30,5,0.1,0.7,0.4787,0.1814,3
11,0.3,60,30,2,0.1,0.7,0.4787,0.1814,3
11,0.3,60,30,2,0.2,0.7,0.4787,0.1814,3
15,0.5,45,20,2,0.1,0.3,0.4787,0.1814,3
15,0.5,45,20,2,0.1,0.4,0.4787,0.1814,3
15,0.5,45,20,2,0.1,0.5,0.4787,0.1814,3
15,0.5,45,20,2,0.1,0.6,0.4787,0.1814,3
15,0.5,45,20,2,0.2,0.3,0.4787,0.1814,3
15,0.5,45,20,2,0.2,0.4,0.4787,0.1814,3
15,0.5,45,20,2,0.2,0.5,0.4787,0.1814,3
15,0.5,45,20,2,0.2,0.6,0.4787,0.1814,3
11,0.6,60,10,2,0.0,0.3,0.4787,0.1814,3
11,0.6,60,10,2,0.0,0.4,0.4787,0.1814,3
11,0.6,60,10,2,0.0,0.5,0.4787,0.1814,3
11,0.6,60,10,2,0.0,0.6,0.4787,0.1814,3
11,0.6,60,10,2,0.0,0.7,0.4787,0.1814,3
11,0.6,60,10,2,0.1,0.3,0.4787,0.1814,3
11,0.6,60,10,2,0.1,0.4,0.4787,0.1814,3
11,0.6,45,10,2,0.2,0.3,0.4787,0.1814,3
11,0.6,45,10,2,0.2,0.4,0.4787,0.1814,3
11,0.3,90,10,2,0.0,0.7,0.4787,0.1814,3
11,0.3,90,10,2,0.1,0.7,0.4787,0.1814,3
11,0.3,60,30,3,0.2,0.7,0.4787,0.1814,3
11,0.6,45,10,2,0.0,0.3,0.4787,0.1814,3
11,0.6,60,10,2,0.1,0.5,0.4787,0.1814,3
11,0.6,60,10,2,0.1,0.6,0.4787,0.1814,3
11,0.6,60,10,2,0.1,0.7,0.4787,0.1814,3
11,0.6,60,10,2,0.2,0.3,0.4787,0.1814,3
11,0.6,60,10,2,0.2,0.4,0.4787,0.1814,3
11,0.6,60,10,2,0.2,0.5,0.4787,0.1814,3
11,0.6,60,10,2,0.2,0.6,0.4787,0.1814,3
11,0.6,90,10,3,0.2,0.4,0.4787,0.1814,3
11,0.6,90,10,3,0.2,0.5,0.4787,0.1814,3
11,0.6,90,10,3,0.2,0.6,0.4787,0.1814,3
11,0.6,90,10,3,0.2,0.7,0.4787,0.1814,3
11,0.6,90,10,5,0.0,0.3,0.4787,0.1814,3
11,0.6,90,10,5,0.0,0.4,0.4787,0.1814,3
15,0.5,20,20,2,0.0,0.4,0.4787,0.1814,3
15,0.5,20,20,2,0.0,0.5,0.4787,0.1814,3
11,0.3,90,10,3,0.0,0.7,0.4787,0.1814,3
11,0.3,90,10,3,0.1,0.7,0.4787,0.1814,3
11,0.3,60,30,5,0.2,0.7,0.4787,0.1814,3
11,0.6,45,10,2,0.0,0.4,0.4787,0.1814,3
11,0.6,45,10,2,0.0,0.5,0.4787,0.1814,3
11,0.6,45,10,2,0.0,0.6,0.4787,0.1814,3
11,0.6,45,10,2,0.0,0.7,0.4787,0.1814,3
11,0.6,45,10,2,0.1,0.3,0.4787,0.1814,3
11,0.6,45,10,2,0.1,0.4,0.4787,0.1814,3
11,0.6,45,10,2,0.1,0.5,0.4787,0.1814,3
11,0.6,45,10,2,0.1,0.6,0.4787,0.1814,3
11,0.6,45,10,2,0.1,0.7,0.4787,0.1814,3
15,0.5,20,20,2,0.1,0.6,0.4787,0.1814,3
15,0.5,20,20,2,0.2,0.3,0.4787,0.1814,3
15,0.5,20,20,2,0.2,0.4,0.4787,0.1814,3
15,0.5,20,20,2,0.2,0.5,0.4787,0.1814,3
15,0.5,20,20,2,0.2,0.6,0.4787,0.1814,3
15,0.5,20,20,3,0.0,0.3,0.4787,0.1814,3
15,0.5,20,20,3,0.0,0.4,0.4787,0.1814,3
15,0.5,20,20,3,0.0,0.5,0.4787,0.1814,3
15,0.5,20,20,3,0.0,0.6,0.4787,0.1814,3
15,0.5,20,20,3,0.1,0.3,0.4787,0.1814,3
15,0.5,20,20,3,0.1,0.4,0.4787,0.1814,3
15,0.5,20,20,3,0.1,0.5,0.4787,0.1814,3
11,0.3,90,10,5,0.0,0.7,0.4787,0.1814,3
11,0.3,90,10,5,0.1,0.7,0.4787,0.1814,3
11,0.3,90,10,2,0.2,0.7,0.4787,0.1814,3
15,0.5,20,20,2,0.0,0.3,0.4787,0.1814,3
15,0.5,20,20,5,0.1,0.5,0.4787,0.1814,3
15,0.5,20,20,5,0.1,0.6,0.4787,0.1814,3
15,0.5,20,20,5,0.2,0.3,0.4787,0.1814,3
15,0.5,20,20,5,0.2,0.4,0.4787,0.1814,3
15,0.5,20,20,5,0.2,0.5,0.4787,0.1814,3
11,0.3,90,20,3,0.1,0.7,0.4787,0.1814,3
11,0.3,90,20,3,0.2,0.7,0.4787,0.1814,3
11,0.3,90,10,5,0.2,0.7,0.4787,0.1814,3
11,0.3,90,20,2,0.0,0.7,0.4787,0.1814,3
11,0.3,90,20,2,0.1,0.7,0.4787,0.1814,3
11,0.3,90,20,2,0.2,0.7,0.4787,0.1814,3
11,0.3,90,10,3,0.2,0.7,0.4787,0.1814,3
15,0.5,20,20,2,0.0,0.6,0.4787,0.1814,3
15,0.5,20,20,2,0.1,0.3,0.4787,0.1814,3
15,0.5,20,20,2,0.1,0.4,0.4787,0.1814,3
15,0.5,20,20,2,0.1,0.5,0.4787,0.1814,3
11,0.6,45,10,3,0.1,0.6,0.4787,0.1814,3
11,0.6,45,10,3,0.1,0.7,0.4787,0.1814,3
11,0.6,45,10,3,0.2,0.3,0.4787,0.1814,3
11,0.6,45,10,3,0.2,0.4,0.4787,0.1814,3
11,0.6,45,10,3,0.2,0.5,0.4787,0.1814,3
15,0.5,20,20,3,0.1,0.6,0.4787,0.1814,3
15,0.5,20,20,3,0.2,0.3,0.4787,0.1814,3
15,0.5,20,20,3,0.2,0.4,0.4787,0.1814,3
15,0.5,20,20,3,0.2,0.5,0.4787,0.1814,3
15,0.5,20,20,3,0.2,0.6,0.4787,0.1814,3
15,0.5,20,20,5,0.0,0.3,0.4787,0.1814,3
15,0.5,20,20,5,0.0,0.4,0.4787,0.1814,3
15,0.5,20,20,5,0.0,0.5,0.4787,0.1814,3
15,0.5,20,20,5,0.0,0.6,0.4787,0.1814,3
15,0.5,20,20,5,0.1,0.3,0.4787,0.1814,3
15,0.5,20,20,5,0.1,0.4,0.4787,0.1814,3
11,0.6,90,20,5,0.2,0.7,0.4787,0.1814,3
11,0.3,90,20,5,0.1,0.7,0.4787,0.1814,3
11,0.3,90,20,5,0.2,0.7,0.4787,0.1814,3
11,0.3,90,20,3,0.0,0.7,0.4787,0.1814,3
15,0.5,20,20,5,0.2,0.6,0.4787,0.1814,3
11,0.6,45,10,2,0.2,0.5,0.4787,0.1814,3
11,0.6,45,10,2,0.2,0.6,0.4787,0.1814,3
11,0.6,45,10,2,0.2,0.7,0.4787,0.1814,3
11,0.6,45,10,3,0.0,0.3,0.4787,0.1814,3
11,0.6,45,10,3,0.0,0.4,0.4787,0.1814,3
11,0.6,45,10,3,0.0,0.5,0.4787,0.1814,3
11,0.6,45,10,3,0.0,0.6,0.4787,0.1814,3
11,0.6,45,10,3,0.0,0.7,0.4787,0.1814,3
11,0.6,45,10,3,0.1,0.3,0.4787,0.1814,3
11,0.6,45,10,3,0.1,0.4,0.4787,0.1814,3
11,0.6,45,10,3,0.1,0.5,0.4787,0.1814,3
11,0.3,90,30,2,0.0,0.7,0.4787,0.1814,3
11,0.3,90,30,2,0.1,0.7,0.4787,0.1814,3
11,0.3,90,30,2,0.2,0.7,0.4787,0.1814,3
11,0.3,90,20,5,0.0,0.7,0.4787,0.1814,3
11,0.6,45,10,3,0.2,0.6,0.4787,0.1814,3
11,0.6,45,10,3,0.2,0.7,0.4787,0.1814,3
11,0.6,45,10,5,0.0,0.3,0.4787,0.1814,3
11,0.6,45,10,5,0.0,0.4,0.4787,0.1814,3
11,0.6,45,10,5,0.0,0.5,0.4787,0.1814,3
11,0.6,90,20,5,0.1,0.5,0.4787,0.1814,3
11,0.6,90,20,5,0.1,0.6,0.4787,0.1814,3
11,0.6,90,20,5,0.1,0.7,0.4787,0.1814,3
11,0.6,90,20,5,0.2,0.3,0.4787,0.1814,3
11,0.6,90,20,5,0.2,0.4,0.4787,0.1814,3
11,0.6,90,20,5,0.2,0.5,0.4787,0.1814,3
11,0.6,90,20,5,0.2,0.6,0.4787,0.1814,3
11,0.6,90,20,3,0.1,0.5,0.4787,0.1814,3
11,0.6,90,20,3,0.1,0.6,0.4787,0.1814,3
11,0.6,90,20,3,0.1,0.7,0.4787,0.1814,3
11,0.6,90,20,3,0.2,0.3,0.4787,0.1814,3
11,0.6,90,20,3,0.2,0.4,0.4787,0.1814,3
11,0.6,90,20,3,0.2,0.5,0.4787,0.1814,3
11,0.6,90,20,3,0.2,0.6,0.4787,0.1814,3
11,0.6,90,20,3,0.2,0.7,0.4787,0.1814,3
11,0.6,90,20,5,0.0,0.3,0.4787,0.1814,3
11,0.6,90,20,5,0.0,0.4,0.4787,0.1814,3
11,0.3,90,30,3,0.1,0.7,0.4787,0.1814,3
11,0.3,90,30,3,0.2,0.7,0.4787,0.1814,3
11,0.3,90,30,5,0.2,0.7,0.4787,0.1814,3
11,0.3,90,30,3,0.0,0.7,0.4787,0.1814,3
11,0.6,90,20,5,0.0,0.5,0.4787,0.1814,3
11,0.6,90,20,5,0.0,0.6,0.4787,0.1814,3
11,0.6,90,20,5,0.0,0.7,0.4787,0.1814,3
11,0.6,90,20,5,0.1,0.3,0.4787,0.1814,3
11,0.6,90,20,5,0.1,0.4,0.4787,0.1814,3
11,0.6,90,10,5,0.0,0.5,0.4787,0.1814,3
11,0.6,90,10,5,0.0,0.6,0.4787,0.1814,3
11,0.6,90,10,5,0.0,0.7,0.4787,0.1814,3
11,0.4,90,20,3,0.2,0.7,0.4787,0.1814,3
11,0.4,90,20,5,0.0,0.7,0.4787,0.1814,3
11,0.6,90,10,5,0.1,0.4,0.4787,0.1814,3
11,0.6,90,10,5,0.1,0.5,0.4787,0.1814,3
11,0.6,90,10,5,0.1,0.6,0.4787,0.1814,3
11,0.6,90,10,5,0.1,0.7,0.4787,0.1814,3
11,0.6,90,10,5,0.2,0.3,0.4787,0.1814,3
11,0.6,90,10,5,0.2,0.4,0.4787,0.1814,3
11,0.6,90,10,5,0.2,0.5,0.4787,0.1814,3
11,0.6,90,10,5,0.2,0.6,0.4787,0.1814,3
11,0.6,45,10,5,0.1,0.6,0.4787,0.1814,3
11,0.6,45,10,5,0.1,0.7,0.4787,0.1814,3
11,0.6,45,10,5,0.2,0.3,0.4787,0.1814,3
11,0.6,45,10,5,0.2,0.4,0.4787,0.1814,3
11,0.6,45,10,5,0.2,0.5,0.4787,0.1814,3
11,0.6,45,10,5,0.2,0.6,0.4787,0.1814,3
11,0.6,45,10,5,0.2,0.7,0.4787,0.1814,3
11,0.3,90,30,5,0.0,0.7,0.4787,0.1814,3
11,0.3,90,30,5,0.1,0.7,0.4787,0.1814,3
11,0.6,45,20,2,0.1,0.4,0.4787,0.1814,3
11,0.6,45,20,2,0.1,0.5,0.4787,0.1814,3
11,0.6,45,20,2,0.1,0.6,0.4787,0.1814,3
11,0.6,45,20,2,0.1,0.7,0.4787,0.1814,3
11,0.6,45,20,2,0.2,0.3,0.4787,0.1814,3
11,0.6,45,20,2,0.2,0.4,0.4787,0.1814,3
11,0.6,45,20,2,0.2,0.5,0.4787,0.1814,3
11,0.6,45,20,2,0.2,0.6,0.4787,0.1814,3
11,0.6,45,20,2,0.2,0.7,0.4787,0.1814,3
11,0.6,45,20,3,0.0,0.3,0.4787,0.1814,3
11,0.6,45,10,5,0.0,0.6,0.4787,0.1814,3
11,0.6,45,10,5,0.0,0.7,0.4787,0.1814,3
11,0.6,45,10,5,0.1,0.3,0.4787,0.1814,3
11,0.6,45,10,5,0.1,0.4,0.4787,0.1814,3
11,0.6,45,10,5,0.1,0.5,0.4787,0.1814,3
11,0.6,45,20,3,0.1,0.7,0.4787,0.1814,3
11,0.6,45,20,3,0.2,0.3,0.4787,0.1814,3
11,0.6,45,20,3,0.2,0.4,0.4787,0.1814,3
11,0.6,45,20,3,0.2,0.5,0.4787,0.1814,3
11,0.6,45,20,3,0.2,0.6,0.4787,0.1814,3
11,0.6,45,20,3,0.2,0.7,0.4787,0.1814,3
11,0.6,45,20,5,0.0,0.3,0.4787,0.1814,3
11,0.6,45,20,5,0.0,0.4,0.4787,0.1814,3
15,0.5,30,20,2,0.0,0.3,0.4787,0.1814,3
11,0.5,20,20,3,0.0,0.7,0.4787,0.1814,3
11,0.6,45,20,2,0.0,0.3,0.4787,0.1814,3
11,0.6,45,20,2,0.0,0.4,0.4787,0.1814,3
11,0.6,45,20,2,0.0,0.5,0.4787,0.1814,3
11,0.6,45,20,2,0.0,0.6,0.4787,0.1814,3
11,0.6,45,20,2,0.0,0.7,0.4787,0.1814,3
11,0.6,45,20,2,0.1,0.3,0.4787,0.1814,3
15,0.5,30,20,2,0.1,0.4,0.4787,0.1814,3
15,0.5,30,20,2,0.1,0.5,0.4787,0.1814,3
15,0.5,30,20,2,0.1,0.6,0.4787,0.1814,3
15,0.5,30,20,2,0.2,0.3,0.4787,0.1814,3
15,0.5,30,20,2,0.2,0.4,0.4787,0.1814,3
15,0.5,30,20,2,0.2,0.5,0.4787,0.1814,3
11,0.5,20,20,2,0.1,0.7,0.4787,0.1814,3
11,0.5,20,20,2,0.2,0.7,0.4787,0.1814,3
11,0.6,45,20,3,0.0,0.4,0.4787,0.1814,3
11,0.6,45,20,3,0.0,0.5,0.4787,0.1814,3
11,0.6,45,20,3,0.0,0.6,0.4787,0.1814,3
11,0.6,45,20,3,0.0,0.7,0.4787,0.1814,3
11,0.6,45,20,3,0.1,0.3,0.4787,0.1814,3
11,0.6,45,20,3,0.1,0.4,0.4787,0.1814,3
11,0.6,45,20,3,0.1,0.5,0.4787,0.1814,3
11,0.6,45,20,3,0.1,0.6,0.4787,0.1814,3
11,0.6,45,20,5,0.1,0.7,0.4787,0.1814,3
11,0.6,45,20,5,0.2,0.3,0.4787,0.1814,3
11,0.6,45,20,5,0.2,0.4,0.4787,0.1814,3
11,0.6,45,20,5,0.2,0.5,0.4787,0.1814,3
11,0.6,45,20,5,0.2,0.6,0.4787,0.1814,3
11,0.6,45,20,5,0.2,0.7,0.4787,0.1814,3
11,0.6,90,20,2,0.2,0.4,0.4787,0.1814,3
11,0.6,90,20,2,0.2,0.5,0.4787,0.1814,3
11,0.6,90,20,2,0.2,0.6,0.4787,0.1814,3
11,0.5,20,20,2,0.0,0.7,0.4787,0.1814,3
15,0.5,30,20,2,0.0,0.4,0.4787,0.1814,3
5,0.3,45,20,5,0.1,0.7,0.4787,0.1758,3
5,0.3,45,20,5,0.2,0.7,0.4787,0.1758,3
15,0.5,30,20,2,0.0,0.5,0.4787,0.1814,3
15,0.5,30,20,2,0.0,0.6,0.4787,0.1814,3
15,0.5,30,20,2,0.1,0.3,0.4787,0.1814,3
15,0.5,30,20,3,0.0,0.3,0.4787,0.1814,3
15,0.5,30,20,3,0.0,0.4,0.4787,0.1814,3
15,0.5,30,20,3,0.0,0.5,0.4787,0.1814,3
5,0.3,45,20,3,0.1,0.7,0.4787,0.1758,3
5,0.3,45,20,3,0.2,0.7,0.4787,0.1758,3
5,0.3,45,20,5,0.0,0.7,0.4787,0.1758,3
15,0.5,30,20,3,0.0,0.6,0.4787,0.1814,3
15,0.5,30,20,3,0.1,0.3,0.4787,0.1814,3
15,0.5,30,20,3,0.1,0.4,0.4787,0.1814,3
11,0.6,45,20,5,0.0,0.5,0.4787,0.1814,3
11,0.6,45,20,5,0.0,0.6,0.4787,0.1814,3
11,0.6,45,20,5,0.0,0.7,0.4787,0.1814,3
11,0.6,45,20,5,0.1,0.3,0.4787,0.1814,3
11,0.6,45,20,5,0.1,0.4,0.4787,0.1814,3
11,0.6,45,20,5,0.1,0.5,0.4787,0.1814,3
11,0.6,45,20,5,0.1,0.6,0.4787,0.1814,3
11,0.6,90,20,3,0.0,0.7,0.4787,0.1814,3
11,0.6,90,20,3,0.1,0.3,0.4787,0.1814,3
11,0.6,90,20,3,0.1,0.4,0.4787,0.1814,3
15,0.5,30,20,3,0.1,0.5,0.4787,0.1814,3
15,0.5,30,20,3,0.1,0.6,0.4787,0.1814,3
15,0.5,30,20,3,0.2,0.3,0.4787,0.1814,3
15,0.5,30,20,3,0.2,0.4,0.4787,0.1814,3
15,0.5,30,20,3,0.2,0.5,0.4787,0.1814,3
15,0.5,30,20,3,0.2,0.6,0.4787,0.1814,3
15,0.5,30,20,5,0.0,0.3,0.4787,0.1814,3
15,0.5,30,20,5,0.0,0.4,0.4787,0.1814,3
15,0.5,30,20,5,0.0,0.5,0.4787,0.1814,3
15,0.5,30,20,5,0.0,0.6,0.4787,0.1814,3
5,0.3,45,20,2,0.1,0.7,0.4787,0.1758,3
5,0.3,45,20,2,0.2,0.7,0.4787,0.1758,3
15,0.5,30,20,2,0.2,0.6,0.4787,0.1814,3
11,0.6,90,20,2,0.0,0.3,0.4787,0.1814,3
11,0.6,90,20,2,0.0,0.4,0.4787,0.1814,3
5,0.3,45,20,3,0.0,0.7,0.4787,0.1758,3
15,0.5,30,20,5,0.1,0.3,0.4787,0.1814,3
15,0.5,30,20,5,0.1,0.4,0.4787,0.1814,3
15,0.5,30,20,5,0.1,0.5,0.4787,0.1814,3
15,0.5,30,20,5,0.1,0.6,0.4787,0.1814,3
15,0.5,30,20,5,0.2,0.3,0.4787,0.1814,3
15,0.5,30,20,5,0.2,0.4,0.4787,0.1814,3
15,0.5,30,20,5,0.2,0.5,0.4787,0.1814,3
15,0.5,30,20,5,0.2,0.6,0.4787,0.1814,3
11,0.6,90,20,2,0.2,0.7,0.4787,0.1814,3
11,0.6,90,20,3,0.0,0.3,0.4787,0.1814,3
11,0.6,90,20,3,0.0,0.4,0.4787,0.1814,3
11,0.6,90,20,3,0.0,0.5,0.4787,0.1814,3
11,0.6,90,20,3,0.0,0.6,0.4787,0.1814,3
11,0.4,90,20,5,0.1,0.7,0.4787,0.1814,3
11,0.4,90,20,5,0.2,0.7,0.4787,0.1814,3
5,0.3,45,20,2,0.0,0.7,0.4787,0.1758,3
11,0.6,90,20,2,0.0,0.5,0.4787,0.1814,3
11,0.6,90,20,2,0.0,0.6,0.4787,0.1814,3
11,0.6,90,20,2,0.0,0.7,0.4787,0.1814,3
11,0.6,90,20,2,0.1,0.3,0.4787,0.1814,3
11,0.6,90,10,5,0.1,0.3,0.4787,0.1814,3
11,0.6,90,20,2,0.1,0.4,0.4787,0.1814,3
11,0.6,90,20,2,0.1,0.5,0.4787,0.1814,3
11,0.6,90,20,2,0.1,0.6,0.4787,0.1814,3
11,0.6,90,20,2,0.1,0.7,0.4787,0.1814,3
11,0.6,90,20,2,0.2,0.3,0.4787,0.1814,3
11,0.6,90,10,5,0.2,0.7,0.4787,0.1814,3
15,0.5,90,20,5,0.2,0.6,0.4787,0.1814,3
15,0.5,90,20,5,0.2,0.5,0.4787,0.1814,3
15,0.5,90,20,5,0.2,0.4,0.4787,0.1814,3
15,0.5,90,20,5,0.2,0.3,0.4787,0.1814,3
15,0.5,90,20,2,0.1,0.6,0.4787,0.1814,3
15,0.5,90,20,2,0.2,0.3,0.4787,0.1814,3
15,0.5,90,20,2,0.2,0.4,0.4787,0.1814,3
15,0.5,90,20,2,0.2,0.5,0.4787,0.1814,3
15,0.5,90,20,2,0.0,0.3,0.4787,0.1814,3
15,0.5,90,20,2,0.0,0.4,0.4787,0.1814,3
15,0.5,90,20,2,0.0,0.5,0.4787,0.1814,3
11,0.6,60,20,3,0.0,0.4,0.4787,0.1814,3
15,0.5,90,20,3,0.1,0.6,0.4787,0.1814,3
15,0.5,90,20,3,0.2,0.3,0.4787,0.1814,3
15,0.5,90,20,3,0.2,0.4,0.4787,0.1814,3
15,0.5,90,20,3,0.2,0.5,0.4787,0.1814,3
15,0.5,90,20,3,0.2,0.6,0.4787,0.1814,3
15,0.5,90,20,5,0.0,0.3,0.4787,0.1814,3
15,0.5,90,20,5,0.0,0.4,0.4787,0.1814,3
15,0.5,90,20,5,0.0,0.5,0.4787,0.1814,3
15,0.5,90,20,5,0.0,0.6,0.4787,0.1814,3
15,0.5,90,20,5,0.1,0.3,0.4787,0.1814,3
15,0.5,90,20,5,0.1,0.4,0.4787,0.1814,3
15,0.5,90,20,5,0.1,0.5,0.4787,0.1814,3
7,0.3,90,20,2,0.2,0.7,0.4784,0.1809,3
7,0.3,90,20,3,0.2,0.7,0.4784,0.1809,3
7,0.3,90,20,5,0.2,0.7,0.4784,0.1809,3
5,0.5,30,10,2,0.0,0.3,0.477,0.1639,3
5,0.5,30,10,2,0.0,0.4,0.477,0.1639,3
5,0.5,30,10,2,0.0,0.5,0.477,0.1639,3
5,0.5,30,10,5,0.0,0.4,0.477,0.1639,3
5,0.5,30,10,5,0.0,0.5,0.477,0.1639,3
5,0.5,30,10,5,0.0,0.6,0.477,0.1639,3
5,0.5,30,10,3,0.2,0.4,0.477,0.1639,3
5,0.5,30,10,3,0.2,0.3,0.477,0.1639,3
5,0.5,30,10,3,0.1,0.6,0.477,0.1639,3
5,0.5,30,10,3,0.1,0.5,0.477,0.1639,3
5,0.5,30,10,3,0.0,0.3,0.477,0.1639,3
5,0.5,30,10,3,0.2,0.5,0.477,0.1639,3
5,0.5,30,10,2,0.0,0.6,0.477,0.1639,3
5,0.5,30,10,3,0.2,0.6,0.477,0.1639,3
5,0.5,30,10,2,0.1,0.3,0.477,0.1639,3
5,0.5,30,10,2,0.1,0.4,0.477,0.1639,3
5,0.5,30,10,2,0.1,0.6,0.477,0.1639,3
5,0.5,30,10,2,0.1,0.5,0.477,0.1639,3
5,0.5,30,10,2,0.2,0.3,0.477,0.1639,3
5,0.5,30,10,3,0.0,0.4,0.477,0.1639,3
5,0.5,30,10,3,0.0,0.5,0.477,0.1639,3
5,0.5,30,10,5,0.1,0.3,0.477,0.1639,3
5,0.5,30,10,3,0.1,0.3,0.477,0.1639,3
5,0.5,30,10,5,0.2,0.6,0.477,0.1639,3
5,0.5,30,10,5,0.2,0.5,0.477,0.1639,3
5,0.5,30,10,5,0.2,0.4,0.477,0.1639,3
5,0.5,30,10,5,0.2,0.3,0.477,0.1639,3
5,0.5,30,10,5,0.1,0.6,0.477,0.1639,3
5,0.5,30,10,5,0.1,0.5,0.477,0.1639,3
5,0.5,30,10,5,0.1,0.4,0.477,0.1639,3
5,0.5,30,10,2,0.2,0.4,0.477,0.1639,3
5,0.5,30,10,2,0.2,0.5,0.477,0.1639,3
5,0.5,30,10,2,0.2,0.6,0.477,0.1639,3
5,0.5,30,10,3,0.1,0.4,0.477,0.1639,3
5,0.5,30,10,5,0.0,0.3,0.477,0.1639,3
5,0.5,30,10,3,0.0,0.6,0.477,0.1639,3
7,0.3,20,30,3,0.1,0.3,0.4761,0.1631,3
7,0.3,20,30,3,0.2,0.3,0.4761,0.1631,3
7,0.3,20,30,3,0.0,0.3,0.4761,0.1631,3
7,0.3,20,30,2,0.2,0.3,0.4761,0.1631,3
7,0.3,20,30,5,0.2,0.3,0.4761,0.1631,3
7,0.3,20,30,5,0.1,0.3,0.4761,0.1631,3
7,0.3,20,30,2,0.0,0.3,0.4761,0.1631,3
7,0.3,20,30,5,0.0,0.3,0.4761,0.1631,3
7,0.3,20,30,2,0.1,0.3,0.4761,0.1631,3
7,0.3,90,10,5,0.2,0.3,0.4755,0.1277,3
7,0.3,90,10,3,0.2,0.3,0.4755,0.1277,3
7,0.3,90,10,2,0.2,0.3,0.4755,0.1277,3
7,0.5,20,10,3,0.1,0.7,0.4752,0.1638,3
7,0.4,30,20,2,0.0,0.7,0.4752,0.1638,3
7,0.5,20,10,5,0.0,0.7,0.4752,0.1638,3
7,0.5,20,10,5,0.0,0.6,0.4752,0.1638,3
7,0.4,30,20,3,0.1,0.7,0.4752,0.1638,3
7,0.4,30,20,3,0.2,0.7,0.4752,0.1638,3
7,0.4,20,10,2,0.1,0.7,0.4752,0.1638,3
7,0.4,20,10,2,0.2,0.7,0.4752,0.1638,3
7,0.4,20,10,2,0.0,0.7,0.4752,0.1638,3
5,0.5,20,20,2,0.1,0.7,0.4752,0.1638,3
5,0.5,20,20,2,0.2,0.7,0.4752,0.1638,3
5,0.5,20,20,2,0.0,0.7,0.4752,0.1638,3
5,0.5,20,20,3,0.0,0.7,0.4752,0.1638,3
7,0.4,20,10,3,0.1,0.7,0.4752,0.1638,3
7,0.4,20,10,3,0.0,0.7,0.4752,0.1638,3
7,0.4,20,10,3,0.2,0.7,0.4752,0.1638,3
5,0.5,20,20,3,0.1,0.7,0.4752,0.1638,3
5,0.5,20,20,5,0.2,0.7,0.4752,0.1638,3
5,0.5,20,20,5,0.0,0.7,0.4752,0.1638,3
5,0.5,20,20,5,0.1,0.7,0.4752,0.1638,3
5,0.6,30,10,3,0.1,0.4,0.4752,0.1638,3
5,0.6,30,10,5,0.1,0.3,0.4752,0.1638,3
5,0.6,30,10,5,0.2,0.3,0.4752,0.1638,3
5,0.6,30,10,5,0.2,0.4,0.4752,0.1638,3
5,0.6,30,10,5,0.2,0.5,0.4752,0.1638,3
5,0.6,30,10,5,0.2,0.6,0.4752,0.1638,3
5,0.5,20,20,3,0.2,0.7,0.4752,0.1638,3
5,0.6,30,10,5,0.1,0.7,0.4752,0.1638,3
7,0.5,20,10,3,0.1,0.6,0.4752,0.1638,3
7,0.4,30,20,2,0.1,0.7,0.4752,0.1638,3
7,0.5,20,10,3,0.2,0.6,0.4752,0.1638,3
7,0.5,20,10,3,0.2,0.7,0.4752,0.1638,3
7,0.5,20,10,2,0.0,0.6,0.4752,0.1638,3
7,0.5,20,10,2,0.0,0.7,0.4752,0.1638,3
7,0.5,20,10,2,0.1,0.6,0.4752,0.1638,3
7,0.5,20,10,2,0.1,0.7,0.4752,0.1638,3
7,0.5,20,10,2,0.2,0.6,0.4752,0.1638,3
7,0.4,30,20,5,0.1,0.7,0.4752,0.1638,3
7,0.4,30,20,5,0.0,0.7,0.4752,0.1638,3
7,0.4,20,10,5,0.0,0.7,0.4752,0.1638,3
7,0.5,30,10,3,0.1,0.7,0.4752,0.1638,3
7,0.5,30,10,3,0.2,0.6,0.4752,0.1638,3
7,0.5,30,10,3,0.0,0.7,0.4752,0.1638,3
7,0.5,30,10,3,0.0,0.6,0.4752,0.1638,3
7,0.5,30,10,2,0.2,0.7,0.4752,0.1638,3
7,0.5,30,10,2,0.2,0.6,0.4752,0.1638,3
7,0.4,30,20,2,0.2,0.7,0.4752,0.1638,3
7,0.4,30,20,5,0.2,0.7,0.4752,0.1638,3
7,0.5,30,10,2,0.1,0.6,0.4752,0.1638,3
7,0.4,30,20,3,0.0,0.7,0.4752,0.1638,3
7,0.5,30,10,5,0.1,0.6,0.4752,0.1638,3
7,0.5,30,10,3,0.2,0.7,0.4752,0.1638,3
7,0.5,30,10,5,0.0,0.6,0.4752,0.1638,3
7,0.5,30,10,5,0.0,0.7,0.4752,0.1638,3
7,0.5,30,10,5,0.1,0.7,0.4752,0.1638,3
7,0.4,20,10,5,0.1,0.7,0.4752,0.1638,3
7,0.4,20,10,5,0.2,0.7,0.4752,0.1638,3
7,0.5,30,10,2,0.1,0.7,0.4752,0.1638,3
7,0.5,30,10,5,0.2,0.7,0.4752,0.1638,3
7,0.5,30,10,5,0.2,0.6,0.4752,0.1638,3
7,0.5,30,10,3,0.1,0.6,0.4752,0.1638,3
7,0.5,20,10,3,0.0,0.7,0.4752,0.1638,3
7,0.5,20,10,5,0.1,0.6,0.4752,0.1638,3
7,0.5,30,10,2,0.0,0.7,0.4752,0.1638,3
7,0.5,30,10,2,0.0,0.6,0.4752,0.1638,3
7,0.5,20,10,5,0.1,0.7,0.4752,0.1638,3
7,0.5,20,10,5,0.2,0.6,0.4752,0.1638,3
7,0.5,20,10,5,0.2,0.7,0.4752,0.1638,3
7,0.5,20,10,2,0.2,0.7,0.4752,0.1638,3
7,0.5,20,10,3,0.0,0.6,0.4752,0.1638,3
5,0.6,30,10,2,0.0,0.7,0.4752,0.1638,3
5,0.6,30,10,2,0.0,0.6,0.4752,0.1638,3
5,0.6,30,10,2,0.0,0.5,0.4752,0.1638,3
5,0.6,30,10,2,0.0,0.4,0.4752,0.1638,3
5,0.6,30,10,2,0.0,0.3,0.4752,0.1638,3
5,0.6,30,10,5,0.0,0.4,0.4752,0.1638,3
5,0.6,30,10,5,0.0,0.3,0.4752,0.1638,3
5,0.6,30,10,3,0.2,0.7,0.4752,0.1638,3
5,0.6,30,10,3,0.2,0.6,0.4752,0.1638,3
5,0.6,30,10,3,0.2,0.5,0.4752,0.1638,3
5,0.6,30,10,3,0.0,0.3,0.4752,0.1638,3
5,0.6,30,10,2,0.2,0.3,0.4752,0.1638,3
5,0.6,30,10,2,0.1,0.7,0.4752,0.1638,3
5,0.6,30,10,2,0.1,0.6,0.4752,0.1638,3
5,0.6,30,10,2,0.1,0.5,0.4752,0.1638,3
5,0.6,30,10,2,0.1,0.4,0.4752,0.1638,3
5,0.6,30,10,2,0.2,0.6,0.4752,0.1638,3
5,0.6,30,10,2,0.2,0.5,0.4752,0.1638,3
5,0.6,30,10,2,0.2,0.4,0.4752,0.1638,3
5,0.6,30,10,2,0.2,0.7,0.4752,0.1638,3
5,0.6,30,10,5,0.2,0.7,0.4752,0.1638,3
5,0.6,30,10,3,0.1,0.5,0.4752,0.1638,3
5,0.6,30,10,3,0.1,0.6,0.4752,0.1638,3
5,0.6,30,10,3,0.1,0.7,0.4752,0.1638,3
5,0.6,30,10,5,0.0,0.5,0.4752,0.1638,3
5,0.6,30,10,5,0.1,0.6,0.4752,0.1638,3
5,0.6,30,10,2,0.1,0.3,0.4752,0.1638,3
5,0.6,30,10,3,0.2,0.3,0.4752,0.1638,3
5,0.6,30,10,5,0.1,0.4,0.4752,0.1638,3
5,0.6,30,10,5,0.1,0.5,0.4752,0.1638,3
5,0.6,30,10,5,0.0,0.7,0.4752,0.1638,3
5,0.6,30,10,3,0.2,0.4,0.4752,0.1638,3
5,0.6,30,10,3,0.0,0.5,0.4752,0.1638,3
5,0.6,30,10,3,0.0,0.6,0.4752,0.1638,3
5,0.6,30,10,3,0.1,0.3,0.4752,0.1638,3
5,0.6,30,10,3,0.0,0.7,0.4752,0.1638,3
5,0.6,30,10,3,0.0,0.4,0.4752,0.1638,3
5,0.6,30,10,5,0.0,0.6,0.4752,0.1638,3
5,0.3,20,10,3,0.2,0.6,0.475,0.1175,3
5,0.3,20,10,3,0.1,0.6,0.475,0.1175,3
5,0.3,20,10,2,0.0,0.6,0.475,0.1175,3
5,0.3,20,10,5,0.0,0.6,0.475,0.1175,3
5,0.3,20,10,5,0.2,0.6,0.475,0.1175,3
5,0.3,20,10,3,0.0,0.6,0.475,0.1175,3
5,0.3,20,10,5,0.1,0.6,0.475,0.1175,3
5,0.3,20,10,2,0.1,0.6,0.475,0.1175,3
5,0.3,20,10,2,0.2,0.6,0.475,0.1175,3
7,0.3,45,10,2,0.1,0.7,0.4748,0.1636,3
7,0.3,45,10,2,0.0,0.7,0.4748,0.1636,3
7,0.3,30,10,3,0.2,0.7,0.4748,0.1636,3
7,0.3,30,10,3,0.0,0.7,0.4748,0.1636,3
7,0.3,45,10,3,0.0,0.7,0.4748,0.1636,3
7,0.3,45,10,5,0.1,0.7,0.4748,0.1636,3
7,0.3,45,10,5,0.2,0.7,0.4748,0.1636,3
7,0.3,45,10,3,0.1,0.7,0.4748,0.1636,3
7,0.3,45,10,3,0.2,0.7,0.4748,0.1636,3
7,0.3,45,10,5,0.0,0.7,0.4748,0.1636,3
7,0.3,30,10,2,0.2,0.7,0.4748,0.1636,3
7,0.3,45,10,2,0.2,0.7,0.4748,0.1636,3
7,0.3,30,10,2,0.0,0.7,0.4748,0.1636,3
7,0.3,30,10,2,0.1,0.7,0.4748,0.1636,3
7,0.3,30,10,5,0.1,0.7,0.4748,0.1636,3
7,0.3,30,10,5,0.2,0.7,0.4748,0.1636,3
7,0.3,30,10,5,0.0,0.7,0.4748,0.1636,3
7,0.3,30,10,3,0.1,0.7,0.4748,0.1636,3
7,0.4,20,10,5,0.1,0.6,0.4742,0.1248,3
7,0.4,20,10,3,0.2,0.6,0.4742,0.1248,3
7,0.4,20,10,3,0.0,0.6,0.4742,0.1248,3
7,0.4,20,10,5,0.0,0.6,0.4742,0.1248,3
7,0.4,20,10,2,0.1,0.6,0.4742,0.1248,3
7,0.4,20,10,2,0.2,0.6,0.4742,0.1248,3
7,0.4,20,10,2,0.0,0.6,0.4742,0.1248,3
7,0.4,20,10,3,0.1,0.6,0.4742,0.1248,3
7,0.4,20,10,5,0.2,0.6,0.4742,0.1248,3
15,0.3,30,10,5,0.1,0.5,0.4736,0.1243,3
15,0.3,30,10,2,0.2,0.5,0.4736,0.1243,3
15,0.3,30,10,5,0.0,0.5,0.4736,0.1243,3
15,0.3,30,10,2,0.0,0.5,0.4736,0.1243,3
15,0.3,30,10,3,0.0,0.5,0.4736,0.1243,3
15,0.3,30,10,5,0.2,0.5,0.4736,0.1243,3
15,0.3,20,10,2,0.1,0.5,0.4736,0.1243,3
15,0.3,20,10,2,0.2,0.5,0.4736,0.1243,3
15,0.3,20,10,5,0.2,0.5,0.4736,0.1243,3
15,0.3,20,10,5,0.0,0.5,0.4736,0.1243,3
15,0.3,20,10,5,0.1,0.5,0.4736,0.1243,3
15,0.3,20,10,3,0.2,0.5,0.4736,0.1243,3
15,0.3,20,10,3,0.1,0.5,0.4736,0.1243,3
15,0.3,20,10,3,0.0,0.5,0.4736,0.1243,3
15,0.3,30,10,3,0.2,0.5,0.4736,0.1243,3
15,0.3,30,10,2,0.1,0.5,0.4736,0.1243,3
15,0.3,20,10,2,0.0,0.5,0.4736,0.1243,3
15,0.3,30,10,3,0.1,0.5,0.4736,0.1243,3
5,0.4,30,10,5,0.2,0.3,0.4735,0.116,3
5,0.4,30,10,5,0.2,0.4,0.4735,0.116,3
5,0.4,30,10,3,0.1,0.4,0.4735,0.116,3
5,0.4,30,10,3,0.1,0.3,0.4735,0.116,3
5,0.4,30,10,5,0.1,0.3,0.4735,0.116,3
5,0.4,30,10,5,0.1,0.4,0.4735,0.116,3
5,0.4,30,10,2,0.0,0.3,0.4735,0.116,3
5,0.4,30,10,2,0.0,0.4,0.4735,0.116,3
5,0.4,30,10,2,0.1,0.3,0.4735,0.116,3
5,0.4,30,10,2,0.1,0.4,0.4735,0.116,3
5,0.4,30,10,5,0.0,0.4,0.4735,0.116,3
5,0.4,30,10,5,0.0,0.3,0.4735,0.116,3
5,0.4,30,10,2,0.2,0.3,0.4735,0.116,3
5,0.4,30,10,2,0.2,0.4,0.4735,0.116,3
5,0.4,30,10,3,0.0,0.3,0.4735,0.116,3
5,0.4,30,10,3,0.0,0.4,0.4735,0.116,3
5,0.4,30,10,3,0.2,0.3,0.4735,0.116,3
5,0.4,30,10,3,0.2,0.4,0.4735,0.116,3
5,0.3,30,10,3,0.2,0.5,0.4735,0.116,3
5,0.3,30,10,2,0.2,0.5,0.4735,0.116,3
5,0.3,30,10,2,0.0,0.5,0.4735,0.116,3
5,0.3,30,10,2,0.1,0.5,0.4735,0.116,3
5,0.3,30,10,5,0.2,0.5,0.4735,0.116,3
5,0.3,30,10,5,0.1,0.5,0.4735,0.116,3
5,0.3,30,10,5,0.0,0.5,0.4735,0.116,3
5,0.3,30,10,3,0.1,0.5,0.4735,0.116,3
5,0.3,30,10,3,0.0,0.5,0.4735,0.116,3
7,0.3,20,10,2,0.0,0.5,0.4735,0.116,3
7,0.3,20,10,5,0.0,0.5,0.4735,0.116,3
7,0.3,20,10,3,0.2,0.5,0.4735,0.116,3
7,0.3,20,10,3,0.1,0.5,0.4735,0.116,3
7,0.3,20,10,3,0.0,0.5,0.4735,0.116,3
7,0.3,20,10,2,0.2,0.5,0.4735,0.116,3
7,0.3,20,10,2,0.1,0.5,0.4735,0.116,3
7,0.3,20,10,5,0.2,0.5,0.4735,0.116,3
7,0.3,20,10,5,0.1,0.5,0.4735,0.116,3
5,0.3,30,20,5,0.2,0.3,0.4731,0.1156,3
5,0.3,45,20,5,0.2,0.3,0.4731,0.1156,3
5,0.3,45,20,2,0.0,0.3,0.4731,0.1156,3
5,0.3,45,20,2,0.0,0.4,0.4731,0.1156,3
5,0.3,30,20,5,0.2,0.4,0.4731,0.1156,3
5,0.3,30,20,3,0.0,0.4,0.4731,0.1156,3
5,0.3,30,20,3,0.1,0.4,0.4731,0.1156,3
5,0.3,45,20,5,0.2,0.4,0.4731,0.1156,3
5,0.3,45,20,3,0.2,0.3,0.4731,0.1156,3
5,0.3,45,20,3,0.1,0.4,0.4731,0.1156,3
5,0.3,45,20,3,0.2,0.4,0.4731,0.1156,3
5,0.3,45,20,5,0.0,0.3,0.4731,0.1156,3
5,0.3,30,20,5,0.1,0.4,0.4731,0.1156,3
5,0.3,30,20,5,0.0,0.4,0.4731,0.1156,3
5,0.3,45,20,2,0.1,0.3,0.4731,0.1156,3
5,0.3,45,20,5,0.1,0.4,0.4731,0.1156,3
5,0.3,30,20,3,0.2,0.4,0.4731,0.1156,3
5,0.3,30,20,3,0.2,0.3,0.4731,0.1156,3
5,0.3,45,20,3,0.0,0.3,0.4731,0.1156,3
5,0.3,45,20,2,0.2,0.4,0.4731,0.1156,3
5,0.3,30,20,2,0.2,0.4,0.4731,0.1156,3
5,0.3,30,20,2,0.2,0.3,0.4731,0.1156,3
5,0.3,30,20,2,0.0,0.4,0.4731,0.1156,3
5,0.3,30,20,2,0.1,0.4,0.4731,0.1156,3
5,0.3,45,20,3,0.1,0.3,0.4731,0.1156,3
5,0.3,45,20,3,0.0,0.4,0.4731,0.1156,3
5,0.3,45,20,5,0.1,0.3,0.4731,0.1156,3
5,0.3,45,20,5,0.0,0.4,0.4731,0.1156,3
5,0.3,45,20,2,0.2,0.3,0.4731,0.1156,3
5,0.3,45,20,2,0.1,0.4,0.4731,0.1156,3
11,0.3,30,10,3,0.1,0.3,0.473,0.1155,3
11,0.3,30,10,5,0.1,0.3,0.473,0.1155,3
11,0.3,30,10,2,0.0,0.3,0.473,0.1155,3
11,0.3,30,10,3,0.0,0.3,0.473,0.1155,3
11,0.3,30,10,5,0.0,0.3,0.473,0.1155,3
11,0.3,30,10,2,0.1,0.3,0.473,0.1155,3
5,0.4,90,30,2,0.2,0.4,0.4725,0.1857,3
5,0.4,90,30,2,0.2,0.3,0.4725,0.1857,3
15,0.4,45,30,3,0.0,0.4,0.4725,0.1857,3
15,0.4,45,30,3,0.0,0.3,0.4725,0.1857,3
15,0.4,45,30,2,0.2,0.4,0.4725,0.1857,3
15,0.4,45,30,2,0.2,0.3,0.4725,0.1857,3
15,0.4,45,30,3,0.1,0.4,0.4725,0.1857,3
15,0.4,45,30,5,0.0,0.4,0.4725,0.1857,3
15,0.4,45,30,5,0.0,0.3,0.4725,0.1857,3
15,0.4,45,30,3,0.2,0.4,0.4725,0.1857,3
15,0.4,45,30,3,0.2,0.3,0.4725,0.1857,3
15,0.4,45,30,5,0.2,0.3,0.4725,0.1857,3
15,0.4,45,30,5,0.2,0.4,0.4725,0.1857,3
15,0.4,45,30,3,0.1,0.3,0.4725,0.1857,3
15,0.4,45,30,5,0.1,0.3,0.4725,0.1857,3
5,0.4,90,30,5,0.2,0.6,0.4725,0.1857,3
5,0.4,90,30,5,0.2,0.5,0.4725,0.1857,3
15,0.4,45,30,5,0.1,0.4,0.4725,0.1857,3
15,0.4,45,30,2,0.1,0.3,0.4725,0.1857,3
15,0.4,45,30,2,0.1,0.4,0.4725,0.1857,3
15,0.4,45,30,2,0.0,0.4,0.4725,0.1857,3
15,0.4,45,30,2,0.0,0.3,0.4725,0.1857,3
5,0.4,90,30,3,0.2,0.6,0.4725,0.1857,3
5,0.4,90,30,3,0.2,0.5,0.4725,0.1857,3
5,0.4,90,30,3,0.2,0.4,0.4725,0.1857,3
5,0.4,90,30,3,0.2,0.3,0.4725,0.1857,3
5,0.4,90,30,2,0.2,0.6,0.4725,0.1857,3
5,0.4,90,30,2,0.2,0.5,0.4725,0.1857,3
5,0.4,90,30,5,0.2,0.3,0.4725,0.1857,3
5,0.4,90,30,5,0.2,0.4,0.4725,0.1857,3
15,0.4,60,30,3,0.2,0.7,0.4714,0.2235,3
15,0.4,60,30,3,0.1,0.7,0.4714,0.2235,3
15,0.4,90,30,3,0.0,0.7,0.4714,0.2235,3
15,0.4,90,30,2,0.2,0.7,0.4714,0.2235,3
15,0.4,90,30,2,0.1,0.7,0.4714,0.2235,3
15,0.4,90,30,2,0.0,0.7,0.4714,0.2235,3
15,0.4,90,20,5,0.2,0.7,0.4714,0.2235,3
15,0.4,90,20,5,0.1,0.7,0.4714,0.2235,3
15,0.4,90,20,5,0.0,0.7,0.4714,0.2235,3
15,0.4,90,20,3,0.2,0.7,0.4714,0.2235,3
15,0.4,90,20,3,0.1,0.7,0.4714,0.2235,3
15,0.4,90,20,3,0.0,0.7,0.4714,0.2235,3
15,0.4,90,20,2,0.2,0.7,0.4714,0.2235,3
15,0.4,90,20,2,0.1,0.7,0.4714,0.2235,3
15,0.4,90,20,2,0.0,0.7,0.4714,0.2235,3
15,0.5,60,20,2,0.0,0.7,0.4714,0.2235,3
15,0.5,60,20,2,0.1,0.7,0.4714,0.2235,3
15,0.4,90,10,5,0.2,0.7,0.4714,0.2235,3
15,0.4,20,20,3,0.0,0.7,0.4714,0.2235,3
15,0.4,20,20,2,0.2,0.7,0.4714,0.2235,3
15,0.3,90,10,2,0.2,0.7,0.4714,0.2235,3
15,0.3,90,10,2,0.1,0.7,0.4714,0.2235,3
15,0.3,90,10,2,0.0,0.7,0.4714,0.2235,3
15,0.3,90,10,5,0.2,0.7,0.4714,0.2235,3
15,0.3,90,10,5,0.1,0.7,0.4714,0.2235,3
15,0.3,90,10,5,0.0,0.7,0.4714,0.2235,3
15,0.3,90,20,5,0.0,0.7,0.4714,0.2235,3
15,0.3,90,20,3,0.2,0.7,0.4714,0.2235,3
15,0.3,90,20,3,0.1,0.7,0.4714,0.2235,3
15,0.3,90,20,3,0.0,0.7,0.4714,0.2235,3
15,0.3,90,20,2,0.2,0.7,0.4714,0.2235,3
15,0.3,90,20,2,0.1,0.7,0.4714,0.2235,3
15,0.3,90,20,2,0.0,0.7,0.4714,0.2235,3
15,0.3,90,30,2,0.0,0.7,0.4714,0.2235,3
15,0.3,90,20,5,0.2,0.7,0.4714,0.2235,3
15,0.3,60,30,3,0.2,0.7,0.4714,0.2235,3
15,0.4,45,20,2,0.1,0.7,0.4714,0.2235,3
15,0.4,45,20,2,0.0,0.7,0.4714,0.2235,3
15,0.4,45,10,5,0.2,0.7,0.4714,0.2235,3
15,0.4,45,10,5,0.1,0.7,0.4714,0.2235,3
15,0.4,45,10,5,0.0,0.7,0.4714,0.2235,3
15,0.4,45,10,3,0.2,0.7,0.4714,0.2235,3
15,0.3,90,10,3,0.2,0.7,0.4714,0.2235,3
15,0.3,90,10,3,0.1,0.7,0.4714,0.2235,3
15,0.3,90,10,3,0.0,0.7,0.4714,0.2235,3
15,0.5,30,20,5,0.2,0.7,0.4714,0.2235,3
15,0.5,30,20,5,0.1,0.7,0.4714,0.2235,3
15,0.5,30,20,5,0.0,0.7,0.4714,0.2235,3
15,0.3,60,20,5,0.2,0.7,0.4714,0.2235,3
15,0.4,45,20,3,0.0,0.7,0.4714,0.2235,3
15,0.4,45,20,2,0.2,0.7,0.4714,0.2235,3
15,0.3,60,30,5,0.2,0.7,0.4714,0.2235,3
15,0.3,60,30,5,0.1,0.7,0.4714,0.2235,3
15,0.3,60,30,5,0.0,0.7,0.4714,0.2235,3
15,0.5,45,20,2,0.1,0.7,0.4714,0.2235,3
15,0.5,45,20,2,0.0,0.7,0.4714,0.2235,3
15,0.3,90,20,5,0.1,0.7,0.4714,0.2235,3
15,0.3,90,30,3,0.0,0.7,0.4714,0.2235,3
15,0.3,90,30,2,0.2,0.7,0.4714,0.2235,3
15,0.3,90,30,2,0.1,0.7,0.4714,0.2235,3
15,0.3,90,30,5,0.0,0.7,0.4714,0.2235,3
15,0.3,90,30,3,0.2,0.7,0.4714,0.2235,3
15,0.3,90,30,3,0.1,0.7,0.4714,0.2235,3
15,0.3,90,30,5,0.2,0.7,0.4714,0.2235,3
15,0.3,90,30,5,0.1,0.7,0.4714,0.2235,3
15,0.4,20,20,2,0.1,0.7,0.4714,0.2235,3
15,0.4,20,20,2,0.0,0.7,0.4714,0.2235,3
15,0.4,45,10,3,0.1,0.7,0.4714,0.2235,3
15,0.4,45,10,3,0.0,0.7,0.4714,0.2235,3
15,0.4,20,20,3,0.1,0.7,0.4714,0.2235,3
15,0.5,30,20,3,0.2,0.7,0.4714,0.2235,3
15,0.5,30,20,3,0.1,0.7,0.4714,0.2235,3
15,0.5,30,20,3,0.0,0.7,0.4714,0.2235,3
15,0.4,45,20,5,0.1,0.7,0.4714,0.2235,3
15,0.4,45,20,5,0.0,0.7,0.4714,0.2235,3
15,0.4,45,20,3,0.2,0.7,0.4714,0.2235,3
15,0.4,45,20,3,0.1,0.7,0.4714,0.2235,3
15,0.5,90,20,5,0.2,0.7,0.4714,0.2235,3
15,0.5,90,20,5,0.1,0.7,0.4714,0.2235,3
15,0.5,90,20,5,0.0,0.7,0.4714,0.2235,3
15,0.5,90,20,3,0.2,0.7,0.4714,0.2235,3
15,0.3,60,20,5,0.1,0.7,0.4714,0.2235,3
15,0.3,60,20,5,0.0,0.7,0.4714,0.2235,3
15,0.3,60,30,3,0.1,0.7,0.4714,0.2235,3
15,0.3,60,30,3,0.0,0.7,0.4714,0.2235,3
15,0.3,60,30,2,0.2,0.7,0.4714,0.2235,3
15,0.3,60,30,2,0.1,0.7,0.4714,0.2235,3
15,0.3,60,30,2,0.0,0.7,0.4714,0.2235,3
15,0.4,45,30,2,0.2,0.7,0.4714,0.2235,3
15,0.4,45,30,2,0.1,0.7,0.4714,0.2235,3
15,0.4,45,30,2,0.0,0.7,0.4714,0.2235,3
15,0.3,60,20,3,0.2,0.7,0.4714,0.2235,3
15,0.5,90,20,3,0.1,0.7,0.4714,0.2235,3
15,0.5,90,20,3,0.0,0.7,0.4714,0.2235,3
15,0.5,90,20,2,0.2,0.7,0.4714,0.2235,3
15,0.4,45,20,5,0.2,0.7,0.4714,0.2235,3
15,0.3,60,10,5,0.2,0.7,0.4714,0.2235,3
15,0.3,60,10,5,0.1,0.7,0.4714,0.2235,3
15,0.3,60,10,5,0.0,0.7,0.4714,0.2235,3
15,0.3,60,10,3,0.2,0.7,0.4714,0.2235,3
15,0.4,45,30,3,0.2,0.7,0.4714,0.2235,3
15,0.5,45,20,5,0.2,0.7,0.4714,0.2235,3
15,0.5,45,20,5,0.1,0.7,0.4714,0.2235,3
15,0.5,45,20,5,0.0,0.7,0.4714,0.2235,3
15,0.5,45,20,3,0.2,0.7,0.4714,0.2235,3
15,0.4,20,20,5,0.1,0.7,0.4714,0.2235,3
15,0.4,20,20,5,0.0,0.7,0.4714,0.2235,3
15,0.4,20,20,3,0.2,0.7,0.4714,0.2235,3
15,0.4,45,10,2,0.2,0.7,0.4714,0.2235,3
15,0.4,20,20,5,0.2,0.7,0.4714,0.2235,3
15,0.4,45,10,2,0.1,0.7,0.4714,0.2235,3
15,0.4,45,10,2,0.0,0.7,0.4714,0.2235,3
15,0.5,45,20,3,0.1,0.7,0.4714,0.2235,3
15,0.5,45,20,3,0.0,0.7,0.4714,0.2235,3
15,0.5,45,20,2,0.2,0.7,0.4714,0.2235,3
15,0.4,45,30,3,0.1,0.7,0.4714,0.2235,3
15,0.4,45,30,3,0.0,0.7,0.4714,0.2235,3
15,0.3,60,20,3,0.1,0.7,0.4714,0.2235,3
15,0.3,60,20,3,0.0,0.7,0.4714,0.2235,3
15,0.3,60,20,2,0.2,0.7,0.4714,0.2235,3
15,0.3,45,30,3,0.2,0.7,0.4714,0.2235,3
15,0.3,45,30,3,0.1,0.7,0.4714,0.2235,3
15,0.3,60,10,3,0.0,0.7,0.4714,0.2235,3
15,0.3,60,10,2,0.2,0.7,0.4714,0.2235,3
15,0.3,60,10,2,0.1,0.7,0.4714,0.2235,3
15,0.4,60,10,2,0.0,0.7,0.4714,0.2235,3
15,0.4,45,30,5,0.2,0.7,0.4714,0.2235,3
15,0.4,45,30,5,0.1,0.7,0.4714,0.2235,3
15,0.3,60,10,3,0.1,0.7,0.4714,0.2235,3
15,0.4,45,30,5,0.0,0.7,0.4714,0.2235,3
15,0.3,60,20,2,0.1,0.7,0.4714,0.2235,3
15,0.3,60,20,2,0.0,0.7,0.4714,0.2235,3
15,0.3,45,30,2,0.0,0.7,0.4714,0.2235,3
15,0.4,60,20,2,0.0,0.7,0.4714,0.2235,3
15,0.4,60,10,5,0.2,0.7,0.4714,0.2235,3
15,0.4,60,10,5,0.1,0.7,0.4714,0.2235,3
15,0.3,45,30,3,0.0,0.7,0.4714,0.2235,3
15,0.3,45,30,2,0.2,0.7,0.4714,0.2235,3
15,0.4,60,10,5,0.0,0.7,0.4714,0.2235,3
15,0.4,60,10,3,0.2,0.7,0.4714,0.2235,3
15,0.4,60,10,3,0.1,0.7,0.4714,0.2235,3
15,0.4,60,10,3,0.0,0.7,0.4714,0.2235,3
15,0.4,60,10,2,0.2,0.7,0.4714,0.2235,3
15,0.4,60,10,2,0.1,0.7,0.4714,0.2235,3
15,0.3,60,10,2,0.0,0.7,0.4714,0.2235,3
15,0.3,45,30,5,0.2,0.7,0.4714,0.2235,3
15,0.3,45,30,5,0.1,0.7,0.4714,0.2235,3
15,0.3,45,30,5,0.0,0.7,0.4714,0.2235,3
15,0.3,45,20,5,0.2,0.7,0.4714,0.2235,3
15,0.3,45,20,5,0.1,0.7,0.4714,0.2235,3
15,0.3,45,20,5,0.0,0.7,0.4714,0.2235,3
15,0.3,45,20,3,0.2,0.7,0.4714,0.2235,3
15,0.3,45,20,3,0.1,0.7,0.4714,0.2235,3
15,0.3,45,20,3,0.0,0.7,0.4714,0.2235,3
15,0.4,60,20,3,0.0,0.7,0.4714,0.2235,3
15,0.4,60,20,2,0.2,0.7,0.4714,0.2235,3
15,0.4,60,20,2,0.1,0.7,0.4714,0.2235,3
15,0.3,45,30,2,0.1,0.7,0.4714,0.2235,3
15,0.3,45,10,3,0.1,0.7,0.4714,0.2235,3
15,0.3,45,10,3,0.0,0.7,0.4714,0.2235,3
15,0.3,45,10,2,0.2,0.7,0.4714,0.2235,3
15,0.3,45,20,2,0.2,0.7,0.4714,0.2235,3
15,0.3,45,20,2,0.1,0.7,0.4714,0.2235,3
15,0.3,45,20,2,0.0,0.7,0.4714,0.2235,3
15,0.4,60,30,2,0.0,0.7,0.4714,0.2235,3
15,0.4,60,20,5,0.2,0.7,0.4714,0.2235,3
15,0.4,60,20,5,0.1,0.7,0.4714,0.2235,3
15,0.4,60,20,5,0.0,0.7,0.4714,0.2235,3
15,0.4,60,20,3,0.2,0.7,0.4714,0.2235,3
15,0.4,60,20,3,0.1,0.7,0.4714,0.2235,3
15,0.3,45,10,2,0.1,0.7,0.4714,0.2235,3
15,0.3,45,10,2,0.0,0.7,0.4714,0.2235,3
15,0.4,60,30,3,0.0,0.7,0.4714,0.2235,3
15,0.4,60,30,2,0.2,0.7,0.4714,0.2235,3
15,0.4,60,30,2,0.1,0.7,0.4714,0.2235,3
15,0.3,45,10,5,0.2,0.7,0.4714,0.2235,3
15,0.3,45,10,5,0.1,0.7,0.4714,0.2235,3
15,0.3,45,10,5,0.0,0.7,0.4714,0.2235,3
15,0.3,45,10,3,0.2,0.7,0.4714,0.2235,3
15,0.5,30,20,2,0.2,0.7,0.4714,0.2235,3
15,0.5,30,20,2,0.1,0.7,0.4714,0.2235,3
15,0.5,30,20,2,0.0,0.7,0.4714,0.2235,3
15,0.5,90,20,2,0.1,0.7,0.4714,0.2235,3
15,0.5,60,20,2,0.2,0.7,0.4714,0.2235,3
15,0.4,20,30,3,0.2,0.7,0.4714,0.2235,3
15,0.4,20,30,3,0.1,0.7,0.4714,0.2235,3
15,0.4,20,30,3,0.0,0.7,0.4714,0.2235,3
15,0.4,20,30,2,0.2,0.7,0.4714,0.2235,3
15,0.4,20,30,2,0.1,0.7,0.4714,0.2235,3
15,0.4,20,30,2,0.0,0.7,0.4714,0.2235,3
15,0.4,20,30,5,0.2,0.7,0.4714,0.2235,3
15,0.4,20,30,5,0.1,0.7,0.4714,0.2235,3
15,0.4,20,30,5,0.0,0.7,0.4714,0.2235,3
15,0.5,90,20,2,0.0,0.7,0.4714,0.2235,3
15,0.5,20,20,5,0.2,0.7,0.4714,0.2235,3
15,0.5,20,20,5,0.1,0.7,0.4714,0.2235,3
15,0.5,20,20,5,0.0,0.7,0.4714,0.2235,3
15,0.5,20,20,3,0.2,0.7,0.4714,0.2235,3
15,0.5,20,20,3,0.1,0.7,0.4714,0.2235,3
15,0.5,20,20,3,0.0,0.7,0.4714,0.2235,3
15,0.5,20,20,2,0.2,0.7,0.4714,0.2235,3
15,0.5,20,20,2,0.1,0.7,0.4714,0.2235,3
15,0.5,20,20,2,0.0,0.7,0.4714,0.2235,3
15,0.4,90,30,5,0.2,0.7,0.4714,0.2235,3
15,0.4,90,30,5,0.1,0.7,0.4714,0.2235,3
15,0.4,90,30,5,0.0,0.7,0.4714,0.2235,3
15,0.4,90,30,3,0.2,0.7,0.4714,0.2235,3
15,0.4,90,30,3,0.1,0.7,0.4714,0.2235,3
15,0.4,60,30,5,0.0,0.7,0.4714,0.2235,3
15,0.5,60,20,3,0.0,0.7,0.4714,0.2235,3
15,0.4,90,10,5,0.0,0.7,0.4714,0.2235,3
15,0.4,90,10,3,0.2,0.7,0.4714,0.2235,3
15,0.4,90,10,3,0.1,0.7,0.4714,0.2235,3
15,0.4,90,10,3,0.0,0.7,0.4714,0.2235,3
15,0.4,90,10,2,0.2,0.7,0.4714,0.2235,3
15,0.4,90,10,2,0.1,0.7,0.4714,0.2235,3
15,0.4,90,10,2,0.0,0.7,0.4714,0.2235,3
15,0.4,60,30,5,0.2,0.7,0.4714,0.2235,3
15,0.4,60,30,5,0.1,0.7,0.4714,0.2235,3
15,0.5,60,20,5,0.2,0.7,0.4714,0.2235,3
15,0.5,60,20,5,0.1,0.7,0.4714,0.2235,3
15,0.5,60,20,5,0.0,0.7,0.4714,0.2235,3
15,0.5,60,20,3,0.2,0.7,0.4714,0.2235,3
15,0.5,60,20,3,0.1,0.7,0.4714,0.2235,3
15,0.4,90,10,5,0.1,0.7,0.4714,0.2235,3
5,0.5,30,10,2,0.1,0.7,0.4692,0.168,3
5,0.4,30,20,2,0.2,0.7,0.4692,0.168,3
5,0.4,30,20,5,0.2,0.7,0.4692,0.168,3
5,0.4,30,20,3,0.2,0.7,0.4692,0.168,3
5,0.4,30,20,5,0.0,0.7,0.4692,0.168,3
5,0.4,30,20,5,0.1,0.7,0.4692,0.168,3
5,0.4,30,20,2,0.1,0.7,0.4692,0.168,3
5,0.4,30,20,3,0.0,0.7,0.4692,0.168,3
5,0.4,30,20,2,0.0,0.7,0.4692,0.168,3
5,0.4,30,20,3,0.1,0.7,0.4692,0.168,3
5,0.5,30,10,3,0.1,0.7,0.4692,0.168,3
5,0.5,30,10,5,0.1,0.7,0.4692,0.168,3
5,0.5,30,10,5,0.0,0.7,0.4692,0.168,3
5,0.5,30,10,3,0.2,0.7,0.4692,0.168,3
5,0.5,30,10,3,0.0,0.7,0.4692,0.168,3
5,0.5,30,10,5,0.2,0.7,0.4692,0.168,3
5,0.5,30,10,2,0.2,0.7,0.4692,0.168,3
5,0.5,30,10,2,0.0,0.7,0.4692,0.168,3
5,0.3,30,20,5,0.0,0.7,0.4688,0.1678,3
5,0.3,30,20,5,0.1,0.7,0.4688,0.1678,3
5,0.3,30,20,5,0.2,0.7,0.4688,0.1678,3
5,0.3,30,20,2,0.2,0.7,0.4688,0.1678,3
5,0.3,45,10,2,0.1,0.7,0.4688,0.1678,3
5,0.3,30,20,3,0.2,0.7,0.4688,0.1678,3
5,0.3,45,10,3,0.0,0.7,0.4688,0.1678,3
5,0.3,45,10,2,0.2,0.7,0.4688,0.1678,3
5,0.3,45,10,3,0.2,0.7,0.4688,0.1678,3
5,0.3,45,10,5,0.0,0.7,0.4688,0.1678,3
5,0.3,45,10,5,0.2,0.7,0.4688,0.1678,3
5,0.3,45,10,5,0.1,0.7,0.4688,0.1678,3
5,0.3,45,10,2,0.0,0.7,0.4688,0.1678,3
5,0.3,45,10,3,0.1,0.7,0.4688,0.1678,3
5,0.3,30,20,3,0.1,0.7,0.4688,0.1678,3
5,0.3,30,20,2,0.1,0.7,0.4688,0.1678,3
5,0.3,30,20,3,0.0,0.7,0.4688,0.1678,3
5,0.3,30,20,2,0.0,0.7,0.4688,0.1678,3
5,0.3,60,30,5,0.2,0.6,0.4686,0.1727,3
5,0.3,90,30,2,0.1,0.6,0.4686,0.1727,3
5,0.3,90,30,5,0.2,0.6,0.4686,0.1727,3
5,0.3,60,30,5,0.0,0.6,0.4686,0.1727,3
7,0.3,90,30,2,0.2,0.3,0.4686,0.1678,3
7,0.3,90,30,3,0.2,0.3,0.4686,0.1678,3
5,0.3,60,30,3,0.0,0.6,0.4686,0.1727,3
5,0.3,60,30,3,0.1,0.6,0.4686,0.1727,3
5,0.3,60,30,3,0.2,0.6,0.4686,0.1727,3
5,0.3,60,30,2,0.0,0.6,0.4686,0.1727,3
5,0.3,90,30,3,0.2,0.6,0.4686,0.1727,3
5,0.3,90,30,5,0.0,0.6,0.4686,0.1727,3
5,0.3,90,30,5,0.1,0.6,0.4686,0.1727,3
5,0.3,90,30,2,0.2,0.6,0.4686,0.1727,3
5,0.3,60,30,5,0.1,0.6,0.4686,0.1727,3
5,0.3,60,30,2,0.2,0.6,0.4686,0.1727,3
5,0.3,60,30,2,0.1,0.6,0.4686,0.1727,3
7,0.3,90,30,5,0.2,0.3,0.4686,0.1678,3
5,0.3,90,30,2,0.0,0.6,0.4686,0.1727,3
5,0.3,90,30,3,0.1,0.6,0.4686,0.1727,3
5,0.3,90,30,3,0.0,0.6,0.4686,0.1727,3
15,0.4,90,30,2,0.1,0.5,0.4679,0.1728,3
11,0.5,60,10,3,0.0,0.7,0.4679,0.1728,3
11,0.5,60,10,2,0.2,0.7,0.4679,0.1728,3
11,0.3,45,20,5,0.0,0.7,0.4679,0.1728,3
11,0.3,45,20,3,0.2,0.7,0.4679,0.1728,3
11,0.3,45,30,2,0.0,0.7,0.4679,0.1728,3
11,0.3,45,30,3,0.2,0.7,0.4679,0.1728,3
11,0.3,45,30,3,0.1,0.7,0.4679,0.1728,3
11,0.3,45,30,3,0.0,0.7,0.4679,0.1728,3
11,0.3,45,30,5,0.2,0.7,0.4679,0.1728,3
11,0.3,45,30,5,0.1,0.7,0.4679,0.1728,3
11,0.3,45,30,2,0.2,0.7,0.4679,0.1728,3
11,0.3,45,30,2,0.1,0.7,0.4679,0.1728,3
15,0.4,60,30,5,0.2,0.5,0.4679,0.1728,3
11,0.5,45,20,2,0.1,0.7,0.4679,0.1728,3
11,0.5,45,20,2,0.2,0.7,0.4679,0.1728,3
11,0.5,45,20,3,0.0,0.7,0.4679,0.1728,3
7,0.3,90,30,5,0.1,0.6,0.4679,0.1728,3
7,0.3,90,30,5,0.0,0.6,0.4679,0.1728,3
7,0.3,90,30,2,0.1,0.6,0.4679,0.1728,3
7,0.3,90,30,2,0.0,0.6,0.4679,0.1728,3
7,0.3,90,30,3,0.0,0.6,0.4679,0.1728,3
7,0.3,90,30,3,0.1,0.6,0.4679,0.1728,3
15,0.4,90,30,3,0.0,0.5,0.4679,0.1728,3
15,0.4,90,30,3,0.1,0.5,0.4679,0.1728,3
15,0.4,90,30,2,0.0,0.5,0.4679,0.1728,3
11,0.3,45,30,5,0.0,0.7,0.4679,0.1728,3
15,0.4,90,30,2,0.2,0.5,0.4679,0.1728,3
11,0.5,60,10,2,0.0,0.7,0.4679,0.1728,3
11,0.5,45,20,5,0.2,0.7,0.4679,0.1728,3
15,0.4,30,30,2,0.0,0.5,0.4679,0.1728,3
11,0.5,60,10,2,0.1,0.7,0.4679,0.1728,3
11,0.5,45,20,5,0.1,0.7,0.4679,0.1728,3
11,0.4,60,10,2,0.0,0.7,0.4679,0.1728,3
11,0.4,60,10,5,0.2,0.7,0.4679,0.1728,3
11,0.4,60,10,5,0.1,0.7,0.4679,0.1728,3
11,0.4,60,10,2,0.1,0.7,0.4679,0.1728,3
11,0.4,60,20,2,0.2,0.7,0.4679,0.1728,3
11,0.4,60,10,2,0.2,0.7,0.4679,0.1728,3
11,0.4,60,20,2,0.0,0.7,0.4679,0.1728,3
11,0.4,60,20,2,0.1,0.7,0.4679,0.1728,3
11,0.5,60,10,3,0.1,0.7,0.4679,0.1728,3
15,0.4,30,30,2,0.1,0.6,0.4679,0.1728,3
15,0.4,30,30,2,0.2,0.6,0.4679,0.1728,3
15,0.4,30,30,3,0.0,0.5,0.4679,0.1728,3
15,0.4,30,30,3,0.0,0.6,0.4679,0.1728,3
15,0.4,30,30,2,0.2,0.5,0.4679,0.1728,3
15,0.4,30,30,5,0.1,0.5,0.4679,0.1728,3
15,0.4,30,30,2,0.1,0.5,0.4679,0.1728,3
15,0.4,60,30,3,0.0,0.5,0.4679,0.1728,3
15,0.4,60,30,2,0.2,0.5,0.4679,0.1728,3
15,0.4,60,30,2,0.1,0.5,0.4679,0.1728,3
11,0.3,45,10,5,0.1,0.7,0.4679,0.1728,3
11,0.3,45,10,5,0.0,0.7,0.4679,0.1728,3
11,0.3,45,10,3,0.2,0.7,0.4679,0.1728,3
11,0.3,45,20,2,0.1,0.7,0.4679,0.1728,3
11,0.3,45,20,2,0.0,0.7,0.4679,0.1728,3
11,0.3,45,10,5,0.2,0.7,0.4679,0.1728,3
11,0.3,45,20,3,0.1,0.7,0.4679,0.1728,3
11,0.3,45,20,3,0.0,0.7,0.4679,0.1728,3
11,0.3,45,20,2,0.2,0.7,0.4679,0.1728,3
7,0.3,60,30,2,0.0,0.6,0.4679,0.1728,3
7,0.3,60,30,3,0.0,0.6,0.4679,0.1728,3
7,0.3,60,30,2,0.2,0.6,0.4679,0.1728,3
7,0.3,60,30,2,0.1,0.6,0.4679,0.1728,3
7,0.3,60,30,5,0.0,0.6,0.4679,0.1728,3
7,0.3,60,30,3,0.2,0.6,0.4679,0.1728,3
7,0.3,60,30,3,0.1,0.6,0.4679,0.1728,3
7,0.3,60,30,5,0.2,0.6,0.4679,0.1728,3
7,0.3,60,30,5,0.1,0.6,0.4679,0.1728,3
15,0.3,30,10,2,0.2,0.3,0.4679,0.1199,3
15,0.3,30,10,2,0.1,0.3,0.4679,0.1199,3
15,0.3,30,10,2,0.0,0.3,0.4679,0.1199,3
15,0.3,30,10,3,0.1,0.3,0.4679,0.1199,3
15,0.3,30,10,3,0.0,0.3,0.4679,0.1199,3
15,0.4,90,30,3,0.2,0.5,0.4679,0.1728,3
15,0.4,90,30,5,0.2,0.5,0.4679,0.1728,3
11,0.3,45,20,5,0.1,0.7,0.4679,0.1728,3
15,0.4,90,30,5,0.1,0.5,0.4679,0.1728,3
11,0.3,45,20,5,0.2,0.7,0.4679,0.1728,3
15,0.4,90,30,5,0.0,0.5,0.4679,0.1728,3
15,0.4,60,30,5,0.0,0.5,0.4679,0.1728,3
15,0.4,60,30,3,0.2,0.5,0.4679,0.1728,3
15,0.4,60,30,3,0.1,0.5,0.4679,0.1728,3
15,0.4,60,30,5,0.1,0.5,0.4679,0.1728,3
11,0.3,30,20,3,0.1,0.7,0.4679,0.1728,3
11,0.3,30,30,2,0.0,0.7,0.4679,0.1728,3
11,0.3,30,20,5,0.2,0.7,0.4679,0.1728,3
11,0.3,30,20,5,0.1,0.7,0.4679,0.1728,3
11,0.3,30,10,5,0.2,0.7,0.4679,0.1728,3
11,0.3,30,20,5,0.0,0.7,0.4679,0.1728,3
11,0.3,30,20,2,0.0,0.7,0.4679,0.1728,3
11,0.3,30,20,2,0.1,0.7,0.4679,0.1728,3
11,0.3,30,30,3,0.0,0.7,0.4679,0.1728,3
11,0.3,30,30,2,0.2,0.7,0.4679,0.1728,3
11,0.3,30,30,2,0.1,0.7,0.4679,0.1728,3
11,0.3,30,20,3,0.2,0.7,0.4679,0.1728,3
11,0.3,45,10,3,0.0,0.7,0.4679,0.1728,3
11,0.3,45,10,3,0.1,0.7,0.4679,0.1728,3
11,0.3,30,30,5,0.1,0.7,0.4679,0.1728,3
11,0.3,30,30,5,0.2,0.7,0.4679,0.1728,3
11,0.3,45,10,2,0.0,0.7,0.4679,0.1728,3
11,0.3,45,10,2,0.1,0.7,0.4679,0.1728,3
11,0.3,30,30,3,0.1,0.7,0.4679,0.1728,3
11,0.3,30,30,3,0.2,0.7,0.4679,0.1728,3
11,0.3,30,30,5,0.0,0.7,0.4679,0.1728,3
15,0.4,60,30,2,0.0,0.5,0.4679,0.1728,3
15,0.3,30,10,5,0.1,0.3,0.4679,0.1199,3
15,0.3,30,10,5,0.2,0.3,0.4679,0.1199,3
15,0.3,30,10,3,0.2,0.3,0.4679,0.1199,3
15,0.3,30,10,5,0.0,0.3,0.4679,0.1199,3
11,0.4,45,10,2,0.0,0.7,0.4679,0.1728,3
11,0.3,45,10,2,0.2,0.7,0.4679,0.1728,3
11,0.4,45,10,3,0.0,0.7,0.4679,0.1728,3
11,0.4,45,20,2,0.0,0.7,0.4679,0.1728,3
11,0.4,45,20,2,0.1,0.7,0.4679,0.1728,3
11,0.4,45,10,3,0.1,0.7,0.4679,0.1728,3
11,0.4,45,10,3,0.2,0.7,0.4679,0.1728,3
11,0.4,45,10,5,0.0,0.7,0.4679,0.1728,3
11,0.4,45,10,2,0.1,0.7,0.4679,0.1728,3
11,0.4,45,10,2,0.2,0.7,0.4679,0.1728,3
11,0.4,45,10,5,0.2,0.7,0.4679,0.1728,3
11,0.3,30,10,3,0.0,0.7,0.4679,0.1728,3
11,0.3,30,10,3,0.1,0.7,0.4679,0.1728,3
11,0.3,30,10,3,0.2,0.7,0.4679,0.1728,3
11,0.3,30,10,2,0.0,0.7,0.4679,0.1728,3
11,0.3,30,10,2,0.1,0.7,0.4679,0.1728,3
11,0.3,30,10,2,0.2,0.7,0.4679,0.1728,3
11,0.4,45,10,5,0.1,0.7,0.4679,0.1728,3
11,0.3,30,10,5,0.1,0.7,0.4679,0.1728,3
11,0.3,30,10,5,0.0,0.7,0.4679,0.1728,3
11,0.3,30,20,3,0.0,0.7,0.4679,0.1728,3
11,0.3,30,20,2,0.2,0.7,0.4679,0.1728,3
11,0.5,90,10,2,0.1,0.7,0.4679,0.1728,3
11,0.5,90,10,5,0.1,0.7,0.4679,0.1728,3
11,0.4,45,20,3,0.1,0.7,0.4679,0.1728,3
11,0.4,45,20,5,0.2,0.7,0.4679,0.1728,3
11,0.4,45,20,5,0.0,0.7,0.4679,0.1728,3
11,0.5,90,10,3,0.2,0.7,0.4679,0.1728,3
11,0.5,90,10,3,0.1,0.7,0.4679,0.1728,3
11,0.5,90,10,5,0.2,0.7,0.4679,0.1728,3
11,0.5,90,10,5,0.0,0.7,0.4679,0.1728,3
11,0.4,45,20,3,0.0,0.7,0.4679,0.1728,3
11,0.4,45,20,2,0.2,0.7,0.4679,0.1728,3
11,0.4,45,20,3,0.2,0.7,0.4679,0.1728,3
11,0.5,90,10,2,0.0,0.7,0.4679,0.1728,3
15,0.4,30,30,5,0.1,0.6,0.4679,0.1728,3
11,0.5,90,10,3,0.0,0.7,0.4679,0.1728,3
11,0.5,90,10,2,0.2,0.7,0.4679,0.1728,3
15,0.4,30,30,5,0.2,0.5,0.4679,0.1728,3
15,0.4,30,30,5,0.2,0.6,0.4679,0.1728,3
11,0.4,45,20,5,0.1,0.7,0.4679,0.1728,3
11,0.4,60,20,5,0.2,0.7,0.4679,0.1728,3
11,0.4,60,20,3,0.0,0.7,0.4679,0.1728,3
15,0.4,30,30,2,0.0,0.6,0.4679,0.1728,3
11,0.4,60,20,5,0.1,0.7,0.4679,0.1728,3
11,0.4,60,20,3,0.1,0.7,0.4679,0.1728,3
11,0.4,60,10,5,0.0,0.7,0.4679,0.1728,3
11,0.4,60,20,5,0.0,0.7,0.4679,0.1728,3
11,0.4,60,20,3,0.2,0.7,0.4679,0.1728,3
11,0.5,60,10,3,0.2,0.7,0.4679,0.1728,3
11,0.5,60,10,5,0.0,0.7,0.4679,0.1728,3
11,0.5,60,10,5,0.1,0.7,0.4679,0.1728,3
11,0.5,60,10,5,0.2,0.7,0.4679,0.1728,3
11,0.5,45,20,3,0.1,0.7,0.4679,0.1728,3
11,0.5,45,20,3,0.2,0.7,0.4679,0.1728,3
11,0.5,45,20,5,0.0,0.7,0.4679,0.1728,3
11,0.5,45,20,2,0.0,0.7,0.4679,0.1728,3
15,0.4,30,30,3,0.1,0.5,0.4679,0.1728,3
15,0.4,30,30,3,0.1,0.6,0.4679,0.1728,3
15,0.4,30,30,3,0.2,0.5,0.4679,0.1728,3
15,0.4,30,30,3,0.2,0.6,0.4679,0.1728,3
15,0.4,30,30,5,0.0,0.5,0.4679,0.1728,3
15,0.4,30,30,5,0.0,0.6,0.4679,0.1728,3
11,0.4,60,10,3,0.0,0.7,0.4679,0.1728,3
11,0.4,60,10,3,0.1,0.7,0.4679,0.1728,3
11,0.4,60,10,3,0.2,0.7,0.4679,0.1728,3
7,0.3,90,10,5,0.2,0.7,0.4675,0.1722,3
7,0.3,90,10,2,0.2,0.7,0.4675,0.1722,3
7,0.3,90,10,3,0.2,0.7,0.4675,0.1722,3
7,0.3,30,30,2,0.0,0.3,0.4667,0.1561,3
7,0.3,45,30,2,0.2,0.3,0.4667,0.1561,3
7,0.3,30,30,5,0.0,0.3,0.4667,0.1561,3
7,0.3,30,30,2,0.2,0.3,0.4667,0.1561,3
7,0.3,45,30,2,0.1,0.3,0.4667,0.1561,3
7,0.3,30,30,5,0.1,0.3,0.4667,0.1561,3
7,0.3,30,30,5,0.2,0.3,0.4667,0.1561,3
7,0.3,45,30,3,0.0,0.3,0.4667,0.1561,3
7,0.3,45,30,2,0.0,0.3,0.4667,0.1561,3
7,0.3,45,30,3,0.2,0.3,0.4667,0.1561,3
7,0.3,30,30,3,0.0,0.3,0.4667,0.1561,3
7,0.3,30,30,3,0.1,0.3,0.4667,0.1561,3
7,0.3,45,30,5,0.1,0.3,0.4667,0.1561,3
7,0.3,30,30,2,0.1,0.3,0.4667,0.1561,3
7,0.3,45,30,5,0.0,0.3,0.4667,0.1561,3
7,0.3,45,30,3,0.1,0.3,0.4667,0.1561,3
7,0.3,45,30,5,0.2,0.3,0.4667,0.1561,3
7,0.3,30,30,3,0.2,0.3,0.4667,0.1561,3
11,0.3,20,10,5,0.1,0.4,0.4662,0.1116,3
7,0.3,20,10,5,0.2,0.4,0.4662,0.1116,3
5,0.4,20,10,3,0.0,0.4,0.4662,0.1116,3
5,0.4,20,10,2,0.1,0.4,0.4662,0.1116,3
7,0.3,20,10,2,0.0,0.4,0.4662,0.1116,3
5,0.4,20,10,2,0.1,0.3,0.4662,0.1116,3
7,0.3,20,10,3,0.1,0.4,0.4662,0.1116,3
7,0.3,20,10,5,0.1,0.4,0.4662,0.1116,3
7,0.3,20,10,3,0.0,0.4,0.4662,0.1116,3
7,0.3,20,10,5,0.0,0.4,0.4662,0.1116,3
7,0.3,20,10,2,0.2,0.4,0.4662,0.1116,3
7,0.3,20,10,2,0.1,0.4,0.4662,0.1116,3
5,0.4,20,10,5,0.2,0.4,0.4662,0.1116,3
11,0.3,20,10,2,0.2,0.4,0.4662,0.1116,3
5,0.4,20,10,5,0.0,0.3,0.4662,0.1116,3
5,0.4,20,10,5,0.0,0.4,0.4662,0.1116,3
5,0.4,20,10,5,0.2,0.3,0.4662,0.1116,3
5,0.4,20,10,5,0.1,0.3,0.4662,0.1116,3
5,0.4,20,10,5,0.1,0.4,0.4662,0.1116,3
5,0.4,20,10,3,0.2,0.3,0.4662,0.1116,3
5,0.4,20,10,3,0.2,0.4,0.4662,0.1116,3
5,0.4,20,10,3,0.1,0.3,0.4662,0.1116,3
5,0.4,20,10,3,0.1,0.4,0.4662,0.1116,3
5,0.4,20,10,2,0.0,0.3,0.4662,0.1116,3
5,0.4,20,10,2,0.0,0.4,0.4662,0.1116,3
7,0.3,20,10,3,0.2,0.4,0.4662,0.1116,3
11,0.3,20,10,5,0.0,0.4,0.4662,0.1116,3
5,0.4,20,10,2,0.2,0.3,0.4662,0.1116,3
5,0.4,20,10,2,0.2,0.4,0.4662,0.1116,3
11,0.3,20,10,3,0.2,0.4,0.4662,0.1116,3
11,0.3,20,10,2,0.0,0.4,0.4662,0.1116,3
11,0.3,20,10,2,0.1,0.4,0.4662,0.1116,3
11,0.3,20,10,5,0.2,0.4,0.4662,0.1116,3
11,0.3,20,10,3,0.1,0.4,0.4662,0.1116,3
11,0.3,20,10,3,0.0,0.4,0.4662,0.1116,3
5,0.4,20,10,3,0.0,0.3,0.4662,0.1116,3
5,0.5,20,10,3,0.2,0.7,0.4658,0.1566,3
7,0.4,30,10,2,0.2,0.7,0.4658,0.1566,3
5,0.5,20,10,5,0.0,0.7,0.4658,0.1566,3
7,0.4,30,10,2,0.1,0.6,0.4658,0.1193,3
7,0.4,30,10,2,0.1,0.7,0.4658,0.1566,3
7,0.4,30,10,5,0.0,0.7,0.4658,0.1566,3
7,0.4,30,10,5,0.0,0.6,0.4658,0.1193,3
7,0.4,30,10,3,0.2,0.6,0.4658,0.1193,3
7,0.4,30,10,2,0.2,0.6,0.4658,0.1193,3
7,0.4,30,10,2,0.0,0.7,0.4658,0.1566,3
5,0.5,20,10,5,0.1,0.7,0.4658,0.1566,3
7,0.4,30,10,3,0.0,0.7,0.4658,0.1566,3
7,0.4,30,10,3,0.0,0.6,0.4658,0.1193,3
7,0.4,30,10,3,0.1,0.7,0.4658,0.1566,3
7,0.4,30,10,3,0.1,0.6,0.4658,0.1193,3
5,0.5,20,10,5,0.2,0.7,0.4658,0.1566,3
7,0.4,30,10,5,0.1,0.7,0.4658,0.1566,3
5,0.5,20,10,3,0.0,0.7,0.4658,0.1566,3
7,0.4,30,10,2,0.0,0.6,0.4658,0.1193,3
7,0.4,30,10,5,0.1,0.6,0.4658,0.1193,3
7,0.4,30,10,5,0.2,0.6,0.4658,0.1193,3
5,0.5,20,10,2,0.1,0.7,0.4658,0.1566,3
5,0.5,20,10,2,0.0,0.7,0.4658,0.1566,3
5,0.5,20,10,2,0.2,0.7,0.4658,0.1566,3
5,0.5,20,10,3,0.1,0.7,0.4658,0.1566,3
7,0.4,30,10,3,0.2,0.7,0.4658,0.1566,3
7,0.4,30,10,5,0.2,0.7,0.4658,0.1566,3
7,0.3,90,10,3,0.2,0.6,0.4657,0.1299,3
7,0.3,90,10,5,0.2,0.6,0.4657,0.1299,3
7,0.3,90,10,2,0.2,0.6,0.4657,0.1299,3
5,0.3,45,10,5,0.2,0.4,0.4655,0.1109,3
5,0.3,45,10,3,0.2,0.3,0.4655,0.1109,3
5,0.3,45,10,3,0.2,0.4,0.4655,0.1109,3
5,0.3,45,10,5,0.0,0.3,0.4655,0.1109,3
5,0.3,45,10,3,0.1,0.4,0.4655,0.1109,3
5,0.3,45,10,2,0.0,0.3,0.4655,0.1109,3
5,0.3,45,10,2,0.0,0.4,0.4655,0.1109,3
5,0.3,45,10,3,0.1,0.3,0.4655,0.1109,3
5,0.3,45,10,5,0.1,0.4,0.4655,0.1109,3
5,0.3,45,10,3,0.0,0.4,0.4655,0.1109,3
5,0.3,45,10,3,0.0,0.3,0.4655,0.1109,3
5,0.3,45,10,2,0.2,0.4,0.4655,0.1109,3
5,0.3,45,10,2,0.2,0.3,0.4655,0.1109,3
5,0.3,45,10,2,0.1,0.4,0.4655,0.1109,3
5,0.3,45,10,2,0.1,0.3,0.4655,0.1109,3
5,0.3,45,10,5,0.0,0.4,0.4655,0.1109,3
5,0.3,45,10,5,0.1,0.3,0.4655,0.1109,3
5,0.3,30,20,5,0.0,0.3,0.4655,0.1109,3
5,0.3,30,20,5,0.1,0.3,0.4655,0.1109,3
5,0.3,30,20,3,0.0,0.3,0.4655,0.1109,3
5,0.3,30,20,2,0.0,0.3,0.4655,0.1109,3
5,0.3,45,10,5,0.2,0.3,0.4655,0.1109,3
5,0.3,30,20,3,0.1,0.3,0.4655,0.1109,3
5,0.3,30,20,2,0.1,0.3,0.4655,0.1109,3
7,0.3,20,10,5,0.2,0.7,0.4652,0.1563,3
7,0.3,20,10,2,0.0,0.7,0.4652,0.1563,3
7,0.3,20,10,5,0.1,0.7,0.4652,0.1563,3
7,0.3,20,10,5,0.0,0.7,0.4652,0.1563,3
7,0.3,20,10,2,0.2,0.7,0.4652,0.1563,3
7,0.3,20,10,3,0.2,0.7,0.4652,0.1563,3
7,0.3,20,10,3,0.1,0.7,0.4652,0.1563,3
7,0.3,20,10,3,0.0,0.7,0.4652,0.1563,3
7,0.3,20,10,2,0.1,0.7,0.4652,0.1563,3
7,0.3,45,10,3,0.0,0.6,0.4646,0.1183,3
7,0.3,30,10,5,0.1,0.6,0.4646,0.1183,3
7,0.3,30,10,5,0.2,0.6,0.4646,0.1183,3
7,0.3,30,10,3,0.1,0.6,0.4646,0.1183,3
7,0.3,30,10,3,0.0,0.6,0.4646,0.1183,3
7,0.3,30,10,2,0.0,0.6,0.4646,0.1183,3
7,0.3,30,10,5,0.0,0.6,0.4646,0.1183,3
7,0.3,30,10,2,0.1,0.6,0.4646,0.1183,3
7,0.3,45,10,2,0.0,0.6,0.4646,0.1183,3
7,0.3,30,10,3,0.2,0.6,0.4646,0.1183,3
7,0.3,45,10,5,0.1,0.6,0.4646,0.1183,3
7,0.3,45,10,3,0.1,0.6,0.4646,0.1183,3
7,0.3,45,10,5,0.2,0.6,0.4646,0.1183,3
7,0.3,45,10,3,0.2,0.6,0.4646,0.1183,3
7,0.3,45,10,5,0.0,0.6,0.4646,0.1183,3
7,0.3,45,10,2,0.1,0.6,0.4646,0.1183,3
7,0.3,45,10,2,0.2,0.6,0.4646,0.1183,3
7,0.3,30,10,2,0.2,0.6,0.4646,0.1183,3
15,0.4,30,30,3,0.0,0.4,0.4619,0.1769,3
5,0.4,90,30,3,0.1,0.5,0.4619,0.1769,3
15,0.4,30,30,3,0.0,0.3,0.4619,0.1769,3
5,0.4,90,30,3,0.1,0.3,0.4619,0.1769,3
15,0.4,60,30,5,0.2,0.4,0.4619,0.1769,3
15,0.4,60,30,5,0.2,0.3,0.4619,0.1769,3
5,0.4,90,30,3,0.1,0.4,0.4619,0.1769,3
5,0.4,60,30,2,0.0,0.6,0.4619,0.1769,3
5,0.4,60,30,2,0.2,0.4,0.4619,0.1769,3
15,0.4,60,30,5,0.1,0.3,0.4619,0.1769,3
5,0.4,60,30,2,0.2,0.3,0.4619,0.1769,3
5,0.4,60,30,2,0.2,0.6,0.4619,0.1769,3
5,0.4,60,30,2,0.2,0.5,0.4619,0.1769,3
15,0.4,30,30,3,0.2,0.3,0.4619,0.1769,3
15,0.4,60,30,5,0.0,0.4,0.4619,0.1769,3
15,0.4,30,30,2,0.2,0.4,0.4619,0.1769,3
15,0.4,30,30,5,0.2,0.4,0.4619,0.1769,3
15,0.4,30,30,5,0.2,0.3,0.4619,0.1769,3
5,0.4,90,30,2,0.1,0.4,0.4619,0.1769,3
5,0.4,90,30,2,0.1,0.3,0.4619,0.1769,3
5,0.4,90,30,2,0.0,0.6,0.4619,0.1769,3
5,0.4,60,30,2,0.1,0.6,0.4619,0.1769,3
15,0.4,30,30,2,0.1,0.4,0.4619,0.1769,3
15,0.4,60,30,3,0.2,0.4,0.4619,0.1769,3
15,0.4,60,30,5,0.0,0.3,0.4619,0.1769,3
15,0.4,60,30,3,0.1,0.3,0.4619,0.1769,3
15,0.4,90,30,2,0.0,0.3,0.4619,0.1769,3
15,0.4,90,30,2,0.0,0.4,0.4619,0.1769,3
15,0.4,90,30,2,0.1,0.3,0.4619,0.1769,3
15,0.4,90,30,2,0.1,0.4,0.4619,0.1769,3
15,0.4,90,30,2,0.2,0.3,0.4619,0.1769,3
15,0.4,90,30,2,0.2,0.4,0.4619,0.1769,3
15,0.4,90,30,3,0.0,0.3,0.4619,0.1769,3
15,0.4,30,30,2,0.1,0.3,0.4619,0.1769,3
5,0.4,90,30,5,0.1,0.5,0.4619,0.1769,3
15,0.4,60,30,2,0.2,0.3,0.4619,0.1769,3
15,0.4,60,30,2,0.2,0.4,0.4619,0.1769,3
15,0.4,60,30,3,0.0,0.3,0.4619,0.1769,3
15,0.4,60,30,3,0.0,0.4,0.4619,0.1769,3
15,0.4,30,30,3,0.1,0.3,0.4619,0.1769,3
5,0.4,60,30,5,0.1,0.6,0.4619,0.1769,3
5,0.4,60,30,5,0.2,0.4,0.4619,0.1769,3
5,0.4,60,30,5,0.2,0.3,0.4619,0.1769,3
5,0.4,90,30,3,0.1,0.6,0.4619,0.1769,3
5,0.4,90,30,2,0.1,0.6,0.4619,0.1769,3
15,0.4,60,30,3,0.1,0.4,0.4619,0.1769,3
5,0.4,60,30,5,0.2,0.5,0.4619,0.1769,3
15,0.4,60,30,2,0.0,0.4,0.4619,0.1769,3
15,0.4,60,30,2,0.0,0.3,0.4619,0.1769,3
5,0.4,60,30,3,0.0,0.6,0.4619,0.1769,3
5,0.4,60,30,5,0.2,0.6,0.4619,0.1769,3
15,0.4,60,30,2,0.1,0.3,0.4619,0.1769,3
5,0.4,60,30,5,0.0,0.6,0.4619,0.1769,3
15,0.4,60,30,3,0.2,0.3,0.4619,0.1769,3
15,0.4,60,30,5,0.1,0.4,0.4619,0.1769,3
5,0.4,60,30,3,0.1,0.6,0.4619,0.1769,3
5,0.4,60,30,3,0.2,0.3,0.4619,0.1769,3
5,0.4,60,30,3,0.2,0.4,0.4619,0.1769,3
5,0.4,60,30,3,0.2,0.5,0.4619,0.1769,3
5,0.4,90,30,5,0.1,0.3,0.4619,0.1769,3
5,0.4,90,30,5,0.0,0.6,0.4619,0.1769,3
5,0.4,90,30,2,0.1,0.5,0.4619,0.1769,3
5,0.4,90,30,5,0.1,0.4,0.4619,0.1769,3
15,0.4,60,30,2,0.1,0.4,0.4619,0.1769,3
15,0.4,90,30,3,0.0,0.4,0.4619,0.1769,3
15,0.4,90,30,3,0.1,0.4,0.4619,0.1769,3
15,0.4,90,30,3,0.1,0.3,0.4619,0.1769,3
15,0.4,90,30,3,0.2,0.4,0.4619,0.1769,3
15,0.4,90,30,5,0.0,0.3,0.4619,0.1769,3
15,0.4,90,30,5,0.0,0.4,0.4619,0.1769,3
15,0.4,90,30,3,0.2,0.3,0.4619,0.1769,3
5,0.4,90,30,5,0.1,0.6,0.4619,0.1769,3
15,0.4,30,30,2,0.2,0.3,0.4619,0.1769,3
15,0.4,30,30,2,0.0,0.4,0.4619,0.1769,3
15,0.4,30,30,3,0.1,0.4,0.4619,0.1769,3
15,0.4,30,30,2,0.0,0.3,0.4619,0.1769,3
5,0.4,60,30,3,0.2,0.6,0.4619,0.1769,3
5,0.4,90,30,3,0.0,0.6,0.4619,0.1769,3
15,0.4,90,30,5,0.2,0.4,0.4619,0.1769,3
15,0.4,90,30,5,0.2,0.3,0.4619,0.1769,3
15,0.4,90,30,5,0.1,0.4,0.4619,0.1769,3
15,0.4,90,30,5,0.1,0.3,0.4619,0.1769,3
15,0.4,30,30,5,0.1,0.4,0.4619,0.1769,3
15,0.4,30,30,5,0.1,0.3,0.4619,0.1769,3
15,0.4,30,30,5,0.0,0.4,0.4619,0.1769,3
15,0.4,30,30,5,0.0,0.3,0.4619,0.1769,3
15,0.4,30,30,3,0.2,0.4,0.4619,0.1769,3
5,0.3,30,30,2,0.2,0.5,0.4606,0.1671,3
5,0.3,30,30,2,0.1,0.5,0.4606,0.1671,3
5,0.3,30,30,3,0.0,0.6,0.4606,0.1671,3
5,0.3,30,30,2,0.0,0.6,0.4606,0.1671,3
5,0.3,30,30,3,0.2,0.6,0.4606,0.1671,3
5,0.3,30,30,3,0.2,0.5,0.4606,0.1671,3
5,0.3,30,30,3,0.1,0.5,0.4606,0.1671,3
5,0.3,30,30,2,0.0,0.5,0.4606,0.1671,3
5,0.3,30,30,5,0.2,0.6,0.4606,0.1671,3
5,0.3,30,30,5,0.0,0.6,0.4606,0.1671,3
5,0.3,30,30,5,0.1,0.5,0.4606,0.1671,3
5,0.3,30,30,5,0.0,0.5,0.4606,0.1671,3
5,0.3,30,30,3,0.0,0.5,0.4606,0.1671,3
5,0.3,30,30,5,0.2,0.5,0.4606,0.1671,3
5,0.3,30,30,3,0.1,0.6,0.4606,0.1671,3
5,0.3,30,30,5,0.1,0.6,0.4606,0.1671,3
5,0.3,30,30,2,0.1,0.6,0.4606,0.1671,3
5,0.3,30,30,2,0.2,0.6,0.4606,0.1671,3
15,0.4,30,30,5,0.0,0.7,0.4598,0.213,3
15,0.5,20,10,2,0.1,0.7,0.4598,0.213,3
15,0.5,20,10,2,0.0,0.7,0.4598,0.213,3
15,0.4,30,30,2,0.1,0.7,0.4598,0.213,3
15,0.4,30,30,5,0.2,0.7,0.4598,0.213,3
15,0.3,30,10,5,0.1,0.7,0.4598,0.213,3
15,0.5,20,10,2,0.2,0.7,0.4598,0.213,3
15,0.3,30,20,5,0.1,0.7,0.4598,0.213,3
15,0.3,30,20,5,0.0,0.7,0.4598,0.213,3
15,0.3,30,20,3,0.2,0.7,0.4598,0.213,3
15,0.3,30,20,3,0.1,0.7,0.4598,0.213,3
15,0.3,30,30,3,0.0,0.7,0.4598,0.213,3
15,0.3,30,30,3,0.1,0.7,0.4598,0.213,3
15,0.3,30,30,2,0.2,0.7,0.4598,0.213,3
15,0.3,20,20,3,0.2,0.7,0.4598,0.213,3
15,0.5,90,10,3,0.2,0.7,0.4598,0.213,3
15,0.4,30,30,3,0.1,0.7,0.4598,0.213,3
15,0.5,90,10,5,0.1,0.7,0.4598,0.213,3
15,0.5,90,10,5,0.0,0.7,0.4598,0.213,3
15,0.3,30,10,2,0.2,0.7,0.4598,0.213,3
15,0.3,30,10,3,0.0,0.7,0.4598,0.213,3
15,0.3,30,20,2,0.0,0.7,0.4598,0.213,3
15,0.3,30,10,5,0.2,0.7,0.4598,0.213,3
15,0.4,30,30,3,0.2,0.7,0.4598,0.213,3
15,0.5,20,10,5,0.0,0.7,0.4598,0.213,3
15,0.5,20,10,5,0.1,0.7,0.4598,0.213,3
15,0.5,20,10,5,0.2,0.7,0.4598,0.213,3
15,0.5,20,10,3,0.2,0.7,0.4598,0.213,3
15,0.3,30,30,2,0.0,0.7,0.4598,0.213,3
15,0.3,30,30,2,0.1,0.7,0.4598,0.213,3
15,0.3,20,20,2,0.1,0.7,0.4598,0.213,3
15,0.3,30,30,3,0.2,0.7,0.4598,0.213,3
15,0.4,30,10,5,0.0,0.7,0.4598,0.213,3
15,0.3,20,30,3,0.2,0.7,0.4598,0.213,3
15,0.3,20,30,3,0.1,0.7,0.4598,0.213,3
15,0.3,30,20,5,0.2,0.7,0.4598,0.213,3
15,0.5,30,10,5,0.0,0.7,0.4598,0.213,3
15,0.5,30,10,3,0.1,0.7,0.4598,0.213,3
15,0.5,30,10,3,0.0,0.7,0.4598,0.213,3
15,0.5,30,10,2,0.1,0.7,0.4598,0.213,3
15,0.4,20,10,5,0.2,0.7,0.4598,0.213,3
15,0.4,20,10,5,0.1,0.7,0.4598,0.213,3
15,0.4,20,10,5,0.0,0.7,0.4598,0.213,3
15,0.4,20,10,3,0.2,0.7,0.4598,0.213,3
15,0.3,30,30,5,0.1,0.7,0.4598,0.213,3
15,0.3,30,30,5,0.0,0.7,0.4598,0.213,3
15,0.3,20,20,3,0.1,0.7,0.4598,0.213,3
15,0.5,45,10,5,0.2,0.7,0.4598,0.213,3
15,0.5,30,10,2,0.2,0.7,0.4598,0.213,3
15,0.3,20,20,3,0.0,0.7,0.4598,0.213,3
15,0.4,30,10,3,0.0,0.7,0.4598,0.213,3
15,0.4,30,10,3,0.2,0.7,0.4598,0.213,3
15,0.4,30,10,3,0.1,0.7,0.4598,0.213,3
15,0.4,30,20,2,0.2,0.7,0.4598,0.213,3
15,0.4,30,20,3,0.0,0.7,0.4598,0.213,3
15,0.4,30,20,3,0.1,0.7,0.4598,0.213,3
15,0.4,30,20,3,0.2,0.7,0.4598,0.213,3
15,0.4,30,20,5,0.0,0.7,0.4598,0.213,3
15,0.4,30,10,5,0.2,0.7,0.4598,0.213,3
15,0.4,30,20,2,0.0,0.7,0.4598,0.213,3
15,0.3,30,20,2,0.1,0.7,0.4598,0.213,3
15,0.3,30,20,2,0.2,0.7,0.4598,0.213,3
15,0.3,30,20,3,0.0,0.7,0.4598,0.213,3
15,0.3,30,10,3,0.2,0.7,0.4598,0.213,3
15,0.3,30,30,5,0.2,0.7,0.4598,0.213,3
15,0.5,60,10,2,0.2,0.7,0.4598,0.213,3
15,0.4,30,10,5,0.1,0.7,0.4598,0.213,3
15,0.5,30,10,5,0.1,0.7,0.4598,0.213,3
15,0.5,30,10,5,0.2,0.7,0.4598,0.213,3
15,0.5,20,10,3,0.1,0.7,0.4598,0.213,3
15,0.5,30,10,3,0.2,0.7,0.4598,0.213,3
15,0.3,20,10,5,0.2,0.7,0.4598,0.213,3
15,0.3,20,20,5,0.2,0.7,0.4598,0.213,3
15,0.3,20,20,5,0.1,0.7,0.4598,0.213,3
15,0.3,20,20,5,0.0,0.7,0.4598,0.213,3
15,0.5,45,10,5,0.0,0.7,0.4598,0.213,3
15,0.5,45,10,3,0.2,0.7,0.4598,0.213,3
15,0.3,30,10,5,0.0,0.7,0.4598,0.213,3
15,0.3,20,20,2,0.0,0.7,0.4598,0.213,3
15,0.3,20,30,5,0.0,0.7,0.4598,0.213,3
15,0.3,20,30,5,0.1,0.7,0.4598,0.213,3
15,0.3,20,30,2,0.0,0.7,0.4598,0.213,3
15,0.3,20,30,2,0.1,0.7,0.4598,0.213,3
15,0.3,20,30,2,0.2,0.7,0.4598,0.213,3
15,0.3,20,10,2,0.1,0.7,0.4598,0.213,3
15,0.5,30,10,2,0.0,0.7,0.4598,0.213,3
15,0.5,45,10,5,0.1,0.7,0.4598,0.213,3
15,0.3,20,10,3,0.0,0.7,0.4598,0.213,3
15,0.3,20,10,3,0.1,0.7,0.4598,0.213,3
15,0.5,60,10,2,0.0,0.7,0.4598,0.213,3
15,0.5,60,10,2,0.1,0.7,0.4598,0.213,3
15,0.4,30,10,2,0.2,0.7,0.4598,0.213,3
15,0.4,20,10,2,0.1,0.7,0.4598,0.213,3
15,0.4,20,10,2,0.2,0.7,0.4598,0.213,3
15,0.4,20,10,3,0.0,0.7,0.4598,0.213,3
15,0.4,20,10,3,0.1,0.7,0.4598,0.213,3
15,0.4,20,10,2,0.0,0.7,0.4598,0.213,3
15,0.4,30,30,2,0.0,0.7,0.4598,0.213,3
15,0.3,20,30,5,0.2,0.7,0.4598,0.213,3
15,0.3,30,10,2,0.0,0.7,0.4598,0.213,3
15,0.5,45,10,2,0.1,0.7,0.4598,0.213,3
15,0.5,45,10,2,0.2,0.7,0.4598,0.213,3
15,0.3,20,10,2,0.2,0.7,0.4598,0.213,3
15,0.5,45,10,3,0.0,0.7,0.4598,0.213,3
15,0.3,30,10,2,0.1,0.7,0.4598,0.213,3
15,0.3,20,30,3,0.0,0.7,0.4598,0.213,3
15,0.5,90,10,5,0.2,0.7,0.4598,0.213,3
15,0.5,45,10,3,0.1,0.7,0.4598,0.213,3
15,0.5,45,10,2,0.0,0.7,0.4598,0.213,3
15,0.5,20,10,3,0.0,0.7,0.4598,0.213,3
15,0.5,90,10,2,0.1,0.7,0.4598,0.213,3
15,0.5,90,10,2,0.2,0.7,0.4598,0.213,3
15,0.5,90,10,3,0.0,0.7,0.4598,0.213,3
15,0.5,60,10,5,0.0,0.7,0.4598,0.213,3
15,0.5,60,10,5,0.1,0.7,0.4598,0.213,3
15,0.5,60,10,5,0.2,0.7,0.4598,0.213,3
15,0.3,20,10,5,0.0,0.7,0.4598,0.213,3
15,0.3,20,20,2,0.2,0.7,0.4598,0.213,3
15,0.3,20,10,5,0.1,0.7,0.4598,0.213,3
15,0.5,60,10,3,0.0,0.7,0.4598,0.213,3
15,0.5,60,10,3,0.1,0.7,0.4598,0.213,3
15,0.5,60,10,3,0.2,0.7,0.4598,0.213,3
15,0.3,20,10,2,0.0,0.7,0.4598,0.213,3
15,0.4,30,20,5,0.1,0.7,0.4598,0.213,3
15,0.4,30,20,5,0.2,0.7,0.4598,0.213,3
15,0.4,30,30,2,0.2,0.7,0.4598,0.213,3
15,0.4,30,30,3,0.0,0.7,0.4598,0.213,3
15,0.3,20,10,3,0.2,0.7,0.4598,0.213,3
15,0.5,90,10,3,0.1,0.7,0.4598,0.213,3
15,0.4,30,20,2,0.1,0.7,0.4598,0.213,3
15,0.5,90,10,2,0.0,0.7,0.4598,0.213,3
15,0.4,30,10,2,0.0,0.7,0.4598,0.213,3
15,0.4,30,10,2,0.1,0.7,0.4598,0.213,3
15,0.3,30,10,3,0.1,0.7,0.4598,0.213,3
15,0.4,30,30,5,0.1,0.7,0.4598,0.213,3
7,0.5,90,30,5,0.2,0.6,0.4595,0.1841,3
7,0.5,90,30,5,0.2,0.7,0.4595,0.1841,3
7,0.5,90,30,3,0.2,0.7,0.4595,0.1841,3
7,0.5,90,30,3,0.2,0.6,0.4595,0.1841,3
5,0.3,45,30,5,0.0,0.6,0.4595,0.1659,3
5,0.3,45,30,2,0.2,0.6,0.4595,0.1659,3
5,0.3,45,30,2,0.1,0.6,0.4595,0.1659,3
5,0.3,45,30,3,0.0,0.6,0.4595,0.1659,3
5,0.3,45,30,3,0.1,0.6,0.4595,0.1659,3
5,0.3,45,30,2,0.0,0.6,0.4595,0.1659,3
5,0.3,45,30,5,0.1,0.6,0.4595,0.1659,3
5,0.3,45,30,3,0.2,0.6,0.4595,0.1659,3
5,0.3,45,30,5,0.2,0.6,0.4595,0.1659,3
7,0.5,90,30,2,0.2,0.7,0.4595,0.1841,3
7,0.5,90,30,2,0.2,0.6,0.4595,0.1841,3
5,0.3,30,10,2,0.0,0.7,0.4593,0.1604,3
5,0.3,30,10,5,0.0,0.7,0.4593,0.1604,3
5,0.3,30,10,3,0.0,0.7,0.4593,0.1604,3
5,0.4,45,10,2,0.2,0.7,0.4593,0.1604,3
5,0.3,30,10,3,0.1,0.7,0.4593,0.1604,3
5,0.4,45,10,3,0.0,0.7,0.4593,0.1604,3
5,0.4,45,10,5,0.2,0.7,0.4593,0.1604,3
5,0.4,45,10,3,0.1,0.7,0.4593,0.1604,3
5,0.4,45,10,5,0.0,0.7,0.4593,0.1604,3
5,0.4,45,10,5,0.1,0.7,0.4593,0.1604,3
5,0.4,45,10,2,0.0,0.7,0.4593,0.1604,3
5,0.4,45,10,2,0.1,0.7,0.4593,0.1604,3
5,0.4,45,10,3,0.2,0.7,0.4593,0.1604,3
5,0.3,30,10,2,0.1,0.7,0.4593,0.1604,3
5,0.3,30,10,5,0.2,0.7,0.4593,0.1604,3
5,0.3,30,10,3,0.2,0.7,0.4593,0.1604,3
5,0.3,30,10,5,0.1,0.7,0.4593,0.1604,3
5,0.3,30,10,2,0.2,0.7,0.4593,0.1604,3
5,0.3,20,20,2,0.2,0.3,0.4587,0.1069,3
5,0.3,20,20,2,0.2,0.4,0.4587,0.1069,3
5,0.3,20,20,2,0.1,0.4,0.4587,0.1069,3
5,0.3,20,20,3,0.1,0.4,0.4587,0.1069,3
5,0.3,20,20,5,0.0,0.4,0.4587,0.1069,3
5,0.3,20,20,2,0.0,0.3,0.4587,0.1069,3
5,0.3,90,30,3,0.1,0.5,0.4587,0.1647,3
5,0.3,90,30,5,0.1,0.5,0.4587,0.1647,3
5,0.3,90,30,5,0.0,0.5,0.4587,0.1647,3
5,0.3,90,30,2,0.1,0.5,0.4587,0.1647,3
5,0.3,20,20,2,0.0,0.4,0.4587,0.1069,3
5,0.3,90,30,3,0.0,0.5,0.4587,0.1647,3
5,0.3,90,30,3,0.2,0.5,0.4587,0.1647,3
5,0.3,20,20,5,0.1,0.4,0.4587,0.1069,3
5,0.3,20,20,5,0.1,0.3,0.4587,0.1069,3
5,0.3,20,20,5,0.2,0.3,0.4587,0.1069,3
5,0.3,90,30,2,0.2,0.5,0.4587,0.1647,3
5,0.3,20,20,5,0.2,0.4,0.4587,0.1069,3
5,0.3,20,20,2,0.1,0.3,0.4587,0.1069,3
5,0.3,90,30,5,0.2,0.5,0.4587,0.1647,3
5,0.3,20,20,3,0.0,0.3,0.4587,0.1069,3
5,0.3,90,30,2,0.0,0.5,0.4587,0.1647,3
5,0.3,20,20,5,0.0,0.3,0.4587,0.1069,3
5,0.3,20,20,3,0.0,0.4,0.4587,0.1069,3
5,0.3,20,20,3,0.2,0.4,0.4587,0.1069,3
5,0.3,20,20,3,0.2,0.3,0.4587,0.1069,3
5,0.3,20,20,3,0.1,0.3,0.4587,0.1069,3
7,0.3,45,10,3,0.2,0.3,0.4583,0.1065,3
7,0.3,45,10,2,0.1,0.3,0.4583,0.1065,3
7,0.3,45,10,3,0.1,0.3,0.4583,0.1065,3
7,0.3,45,10,3,0.0,0.3,0.4583,0.1065,3
7,0.3,45,10,5,0.2,0.3,0.4583,0.1065,3
7,0.3,45,10,2,0.2,0.3,0.4583,0.1065,3
7,0.3,45,10,5,0.1,0.3,0.4583,0.1065,3
7,0.3,45,10,5,0.0,0.3,0.4583,0.1065,3
7,0.3,45,10,2,0.0,0.3,0.4583,0.1065,3
11,0.4,30,20,3,0.1,0.7,0.4579,0.1649,3
11,0.4,30,20,3,0.2,0.7,0.4579,0.1649,3
11,0.4,30,20,5,0.0,0.7,0.4579,0.1649,3
11,0.4,30,20,2,0.1,0.7,0.4579,0.1649,3
11,0.4,30,20,2,0.0,0.7,0.4579,0.1649,3
11,0.5,45,10,5,0.1,0.7,0.4579,0.1649,3
11,0.5,45,10,5,0.2,0.7,0.4579,0.1649,3
11,0.4,30,20,3,0.0,0.7,0.4579,0.1649,3
7,0.3,30,30,3,0.1,0.7,0.4579,0.1649,3
7,0.3,30,30,3,0.2,0.7,0.4579,0.1649,3
11,0.3,20,20,2,0.0,0.7,0.4579,0.1649,3
11,0.3,20,20,3,0.1,0.7,0.4579,0.1649,3
11,0.3,20,30,5,0.2,0.7,0.4579,0.1649,3
11,0.3,20,30,5,0.1,0.7,0.4579,0.1649,3
11,0.3,20,30,5,0.0,0.7,0.4579,0.1649,3
7,0.3,30,30,2,0.1,0.7,0.4579,0.1649,3
11,0.4,30,20,5,0.2,0.7,0.4579,0.1649,3
7,0.3,30,30,5,0.0,0.7,0.4579,0.1649,3
11,0.5,20,10,5,0.0,0.7,0.4579,0.1649,3
11,0.4,20,20,3,0.0,0.7,0.4579,0.1649,3
11,0.4,20,20,2,0.0,0.7,0.4579,0.1649,3
11,0.4,20,20,5,0.1,0.7,0.4579,0.1649,3
11,0.4,20,20,2,0.2,0.7,0.4579,0.1649,3
11,0.4,20,20,2,0.1,0.7,0.4579,0.1649,3
11,0.4,30,20,5,0.1,0.7,0.4579,0.1649,3
7,0.3,30,30,2,0.0,0.7,0.4579,0.1649,3
11,0.5,30,10,5,0.0,0.7,0.4579,0.1649,3
11,0.5,30,10,3,0.2,0.7,0.4579,0.1649,3
11,0.5,30,10,3,0.1,0.7,0.4579,0.1649,3
11,0.5,30,10,3,0.0,0.7,0.4579,0.1649,3
11,0.5,30,10,2,0.2,0.7,0.4579,0.1649,3
11,0.5,30,10,2,0.1,0.7,0.4579,0.1649,3
11,0.5,30,10,2,0.0,0.7,0.4579,0.1649,3
11,0.3,20,20,3,0.0,0.7,0.4579,0.1649,3
11,0.3,20,20,3,0.2,0.7,0.4579,0.1649,3
11,0.3,20,20,2,0.2,0.7,0.4579,0.1649,3
11,0.3,20,20,5,0.1,0.7,0.4579,0.1649,3
11,0.3,20,20,5,0.0,0.7,0.4579,0.1649,3
11,0.3,20,30,2,0.0,0.7,0.4579,0.1649,3
11,0.3,20,30,2,0.1,0.7,0.4579,0.1649,3
11,0.3,20,20,5,0.2,0.7,0.4579,0.1649,3
11,0.3,20,30,3,0.2,0.7,0.4579,0.1649,3
11,0.5,20,10,2,0.1,0.7,0.4579,0.1649,3
11,0.3,20,30,3,0.1,0.7,0.4579,0.1649,3
11,0.3,20,30,2,0.2,0.7,0.4579,0.1649,3
11,0.5,30,10,5,0.2,0.7,0.4579,0.1649,3
11,0.5,20,10,2,0.2,0.7,0.4579,0.1649,3
11,0.5,20,10,2,0.0,0.7,0.4579,0.1649,3
11,0.4,20,20,5,0.0,0.7,0.4579,0.1649,3
11,0.4,30,20,2,0.2,0.7,0.4579,0.1649,3
7,0.3,30,30,3,0.0,0.7,0.4579,0.1649,3
7,0.3,30,30,2,0.2,0.7,0.4579,0.1649,3
11,0.4,20,20,3,0.2,0.7,0.4579,0.1649,3
7,0.3,45,30,5,0.2,0.7,0.4579,0.1649,3
11,0.4,20,20,3,0.1,0.7,0.4579,0.1649,3
11,0.3,20,20,2,0.1,0.7,0.4579,0.1649,3
11,0.5,30,10,5,0.1,0.7,0.4579,0.1649,3
11,0.3,20,30,3,0.0,0.7,0.4579,0.1649,3
7,0.3,20,30,3,0.0,0.7,0.4579,0.1649,3
7,0.3,20,30,5,0.2,0.7,0.4579,0.1649,3
7,0.3,30,30,5,0.2,0.7,0.4579,0.1649,3
11,0.5,20,10,3,0.2,0.7,0.4579,0.1649,3
11,0.5,20,10,3,0.0,0.7,0.4579,0.1649,3
11,0.5,20,10,3,0.1,0.7,0.4579,0.1649,3
7,0.3,45,30,5,0.0,0.7,0.4579,0.1649,3
7,0.3,45,30,5,0.1,0.7,0.4579,0.1649,3
11,0.5,20,10,5,0.2,0.7,0.4579,0.1649,3
11,0.5,20,10,5,0.1,0.7,0.4579,0.1649,3
7,0.3,45,30,3,0.2,0.7,0.4579,0.1649,3
11,0.4,20,20,5,0.2,0.7,0.4579,0.1649,3
7,0.3,45,30,3,0.1,0.7,0.4579,0.1649,3
7,0.3,45,30,3,0.0,0.7,0.4579,0.1649,3
7,0.3,20,30,2,0.0,0.7,0.4579,0.1649,3
7,0.3,20,30,2,0.1,0.7,0.4579,0.1649,3
7,0.3,20,30,5,0.1,0.7,0.4579,0.1649,3
7,0.3,45,30,2,0.0,0.7,0.4579,0.1649,3
7,0.3,20,30,2,0.2,0.7,0.4579,0.1649,3
7,0.3,20,30,3,0.1,0.7,0.4579,0.1649,3
7,0.3,30,30,5,0.1,0.7,0.4579,0.1649,3
7,0.3,45,30,2,0.1,0.7,0.4579,0.1649,3
7,0.3,20,30,3,0.2,0.7,0.4579,0.1649,3
7,0.3,45,30,2,0.2,0.7,0.4579,0.1649,3
7,0.3,20,30,5,0.0,0.7,0.4579,0.1649,3
11,0.5,45,10,3,0.1,0.7,0.4579,0.1649,3
11,0.5,45,10,3,0.2,0.7,0.4579,0.1649,3
11,0.5,45,10,5,0.0,0.7,0.4579,0.1649,3
11,0.5,45,10,2,0.0,0.7,0.4579,0.1649,3
11,0.5,45,10,2,0.1,0.7,0.4579,0.1649,3
11,0.5,45,10,2,0.2,0.7,0.4579,0.1649,3
11,0.5,45,10,3,0.0,0.7,0.4579,0.1649,3
15,0.3,20,10,2,0.2,0.3,0.4539,0.1111,3
15,0.3,20,10,2,0.1,0.3,0.4539,0.1111,3
15,0.3,20,10,3,0.2,0.3,0.4539,0.1111,3
15,0.3,20,10,3,0.1,0.3,0.4539,0.1111,3
15,0.3,20,10,3,0.0,0.3,0.4539,0.1111,3
15,0.3,20,10,5,0.1,0.3,0.4539,0.1111,3
15,0.3,20,10,2,0.0,0.3,0.4539,0.1111,3
15,0.3,20,10,5,0.2,0.3,0.4539,0.1111,3
15,0.3,20,10,5,0.0,0.3,0.4539,0.1111,3
7,0.5,90,30,3,0.2,0.3,0.4535,0.1881,3
7,0.5,90,30,3,0.2,0.4,0.4535,0.1881,3
7,0.5,90,30,2,0.2,0.4,0.4535,0.1881,3
7,0.5,90,30,5,0.2,0.3,0.4535,0.1881,3
7,0.5,90,30,5,0.2,0.4,0.4535,0.1881,3
7,0.5,90,30,3,0.2,0.5,0.4535,0.1881,3
7,0.5,90,30,2,0.2,0.3,0.4535,0.1881,3
7,0.5,90,30,5,0.2,0.5,0.4535,0.1881,3
7,0.5,90,30,2,0.2,0.5,0.4535,0.1881,3
11,0.3,20,10,2,0.2,0.3,0.4526,0.1038,3
11,0.3,20,10,5,0.2,0.3,0.4526,0.1038,3
11,0.3,20,10,3,0.2,0.3,0.4526,0.1038,3
5,0.4,20,30,5,0.2,0.4,0.452,0.1689,3
5,0.4,20,30,5,0.2,0.3,0.452,0.1689,3
5,0.4,60,30,3,0.0,0.3,0.452,0.1689,3
5,0.4,20,30,2,0.0,0.3,0.452,0.1689,3
5,0.4,20,30,3,0.0,0.6,0.452,0.1689,3
5,0.4,20,30,2,0.0,0.4,0.452,0.1689,3
5,0.4,20,30,2,0.0,0.5,0.452,0.1689,3
5,0.4,60,30,3,0.1,0.4,0.452,0.1689,3
5,0.4,60,30,3,0.1,0.5,0.452,0.1689,3
5,0.4,60,30,2,0.1,0.5,0.452,0.1689,3
5,0.4,60,30,2,0.1,0.4,0.452,0.1689,3
5,0.4,60,30,2,0.0,0.5,0.452,0.1689,3
5,0.4,60,30,2,0.1,0.3,0.452,0.1689,3
5,0.4,60,30,2,0.0,0.4,0.452,0.1689,3
5,0.4,60,30,2,0.0,0.3,0.452,0.1689,3
5,0.4,20,30,5,0.2,0.5,0.452,0.1689,3
5,0.4,20,30,3,0.0,0.5,0.452,0.1689,3
5,0.4,60,30,3,0.0,0.5,0.452,0.1689,3
5,0.4,60,30,3,0.0,0.4,0.452,0.1689,3
5,0.4,20,30,2,0.0,0.6,0.452,0.1689,3
5,0.4,20,30,2,0.1,0.3,0.452,0.1689,3
5,0.4,20,30,2,0.1,0.4,0.452,0.1689,3
5,0.4,60,30,3,0.1,0.3,0.452,0.1689,3
5,0.4,20,30,2,0.1,0.6,0.452,0.1689,3
5,0.4,20,30,2,0.2,0.3,0.452,0.1689,3
5,0.4,20,30,2,0.2,0.4,0.452,0.1689,3
5,0.4,20,30,2,0.2,0.5,0.452,0.1689,3
5,0.4,20,30,2,0.2,0.6,0.452,0.1689,3
5,0.4,20,30,3,0.0,0.3,0.452,0.1689,3
5,0.4,20,30,3,0.0,0.4,0.452,0.1689,3
5,0.4,20,30,2,0.1,0.5,0.452,0.1689,3
5,0.4,60,30,5,0.0,0.5,0.452,0.1689,3
5,0.4,60,30,5,0.0,0.4,0.452,0.1689,3
5,0.4,20,30,5,0.1,0.3,0.452,0.1689,3
5,0.4,20,30,5,0.1,0.6,0.452,0.1689,3
5,0.4,20,30,5,0.1,0.5,0.452,0.1689,3
5,0.4,20,30,5,0.0,0.6,0.452,0.1689,3
5,0.4,20,30,5,0.0,0.5,0.452,0.1689,3
5,0.4,20,30,5,0.0,0.4,0.452,0.1689,3
5,0.4,20,30,5,0.0,0.3,0.452,0.1689,3
5,0.4,20,30,3,0.2,0.6,0.452,0.1689,3
5,0.4,20,30,3,0.2,0.5,0.452,0.1689,3
5,0.4,20,30,3,0.2,0.4,0.452,0.1689,3
5,0.4,60,30,5,0.1,0.5,0.452,0.1689,3
5,0.4,60,30,5,0.1,0.4,0.452,0.1689,3
5,0.4,60,30,5,0.1,0.3,0.452,0.1689,3
5,0.4,20,30,5,0.2,0.6,0.452,0.1689,3
5,0.4,20,30,3,0.1,0.3,0.452,0.1689,3
5,0.4,20,30,5,0.1,0.4,0.452,0.1689,3
5,0.4,60,30,5,0.0,0.3,0.452,0.1689,3
5,0.4,20,30,3,0.2,0.3,0.452,0.1689,3
5,0.4,20,30,3,0.1,0.5,0.452,0.1689,3
5,0.4,20,30,3,0.1,0.4,0.452,0.1689,3
5,0.4,20,30,3,0.1,0.6,0.452,0.1689,3
5,0.4,90,30,2,0.0,0.4,0.4514,0.1683,3
5,0.4,90,30,2,0.0,0.3,0.4514,0.1683,3
5,0.4,90,30,2,0.0,0.5,0.4514,0.1683,3
5,0.4,90,30,5,0.0,0.5,0.4514,0.1683,3
5,0.4,90,30,5,0.0,0.4,0.4514,0.1683,3
5,0.4,90,30,5,0.0,0.3,0.4514,0.1683,3
5,0.4,90,30,3,0.0,0.3,0.4514,0.1683,3
5,0.4,90,30,3,0.0,0.4,0.4514,0.1683,3
5,0.4,90,30,3,0.0,0.5,0.4514,0.1683,3
7,0.3,30,10,5,0.2,0.3,0.4512,0.1022,3
7,0.3,30,10,5,0.1,0.3,0.4512,0.1022,3
7,0.3,30,10,5,0.0,0.3,0.4512,0.1022,3
7,0.3,30,10,2,0.0,0.3,0.4512,0.1022,3
7,0.3,30,10,2,0.1,0.3,0.4512,0.1022,3
7,0.3,30,10,2,0.2,0.3,0.4512,0.1022,3
7,0.3,30,10,3,0.1,0.3,0.4512,0.1022,3
7,0.3,30,10,3,0.0,0.3,0.4512,0.1022,3
7,0.3,30,10,3,0.2,0.3,0.4512,0.1022,3
5,0.3,20,20,2,0.0,0.7,0.4504,0.1535,3
5,0.3,20,20,3,0.2,0.7,0.4504,0.1535,3
5,0.3,20,20,5,0.0,0.7,0.4504,0.1535,3
5,0.3,20,20,2,0.1,0.7,0.4504,0.1535,3
5,0.3,20,20,3,0.1,0.7,0.4504,0.1535,3
5,0.3,20,20,2,0.2,0.7,0.4504,0.1535,3
5,0.4,20,10,2,0.2,0.7,0.4504,0.1535,3
5,0.4,20,10,3,0.0,0.7,0.4504,0.1535,3
5,0.4,20,10,3,0.1,0.7,0.4504,0.1535,3
5,0.4,20,10,5,0.2,0.7,0.4504,0.1535,3
5,0.4,20,10,5,0.1,0.7,0.4504,0.1535,3
5,0.4,20,10,5,0.0,0.7,0.4504,0.1535,3
5,0.4,20,10,3,0.2,0.7,0.4504,0.1535,3
5,0.4,20,10,2,0.1,0.7,0.4504,0.1535,3
5,0.4,20,10,2,0.0,0.7,0.4504,0.1535,3
5,0.3,20,20,5,0.1,0.7,0.4504,0.1535,3
5,0.3,20,20,3,0.0,0.7,0.4504,0.1535,3
5,0.3,20,20,5,0.2,0.7,0.4504,0.1535,3
5,0.3,60,30,5,0.1,0.5,0.4499,0.1584,3
5,0.3,60,30,3,0.1,0.5,0.4499,0.1584,3
5,0.3,60,30,3,0.0,0.5,0.4499,0.1584,3
5,0.3,60,30,3,0.2,0.5,0.4499,0.1584,3
5,0.3,60,30,5,0.2,0.5,0.4499,0.1584,3
5,0.3,60,30,2,0.0,0.5,0.4499,0.1584,3
5,0.3,60,30,2,0.2,0.5,0.4499,0.1584,3
5,0.3,60,30,5,0.0,0.5,0.4499,0.1584,3
5,0.3,60,30,2,0.1,0.5,0.4499,0.1584,3
5,0.3,90,30,2,0.2,0.4,0.4492,0.1573,3
5,0.3,90,30,5,0.1,0.3,0.4492,0.1573,3
5,0.3,90,30,2,0.1,0.3,0.4492,0.1573,3
5,0.3,90,30,3,0.2,0.4,0.4492,0.1573,3
5,0.3,90,30,3,0.0,0.3,0.4492,0.1573,3
5,0.3,90,30,2,0.0,0.3,0.4492,0.1573,3
5,0.3,90,30,2,0.0,0.4,0.4492,0.1573,3
5,0.3,90,30,3,0.1,0.4,0.4492,0.1573,3
5,0.3,90,30,5,0.0,0.4,0.4492,0.1573,3
5,0.3,90,30,5,0.1,0.4,0.4492,0.1573,3
5,0.3,90,30,3,0.1,0.3,0.4492,0.1573,3
5,0.3,90,30,5,0.0,0.3,0.4492,0.1573,3
5,0.3,90,30,5,0.2,0.3,0.4492,0.1573,3
5,0.3,90,30,3,0.0,0.4,0.4492,0.1573,3
5,0.3,90,30,5,0.2,0.4,0.4492,0.1573,3
5,0.3,90,30,3,0.2,0.3,0.4492,0.1573,3
5,0.3,90,30,2,0.1,0.4,0.4492,0.1573,3
5,0.3,90,30,2,0.2,0.3,0.4492,0.1573,3
7,0.3,90,30,3,0.2,0.7,0.4491,0.1701,3
7,0.3,90,30,2,0.2,0.7,0.4491,0.1701,3
7,0.3,90,30,5,0.2,0.7,0.4491,0.1701,3
11,0.5,60,30,2,0.0,0.7,0.4486,0.1753,3
11,0.4,90,30,5,0.2,0.7,0.4486,0.1753,3
11,0.5,30,30,3,0.1,0.6,0.4486,0.1753,3
11,0.5,30,30,3,0.1,0.7,0.4486,0.1753,3
11,0.4,90,30,5,0.1,0.7,0.4486,0.1753,3
11,0.5,20,30,5,0.2,0.6,0.4486,0.1753,3
11,0.5,20,30,5,0.1,0.4,0.4486,0.1753,3
11,0.5,20,30,5,0.1,0.5,0.4486,0.1753,3
11,0.5,20,30,5,0.2,0.5,0.4486,0.1753,3
11,0.5,30,30,5,0.2,0.7,0.4486,0.1753,3
11,0.5,30,30,3,0.2,0.3,0.4486,0.1753,3
11,0.5,30,30,3,0.2,0.7,0.4486,0.1753,3
11,0.4,90,30,3,0.2,0.7,0.4486,0.1753,3
11,0.5,30,30,3,0.2,0.5,0.4486,0.1753,3
11,0.5,30,30,5,0.1,0.7,0.4486,0.1753,3
11,0.5,30,30,3,0.2,0.6,0.4486,0.1753,3
7,0.4,90,30,5,0.0,0.7,0.4486,0.1753,3
11,0.5,30,30,5,0.2,0.3,0.4486,0.1753,3
11,0.5,30,30,5,0.2,0.5,0.4486,0.1753,3
11,0.5,30,30,5,0.2,0.6,0.4486,0.1753,3
11,0.5,30,30,3,0.0,0.6,0.4486,0.1753,3
11,0.5,60,30,3,0.0,0.7,0.4486,0.1753,3
11,0.5,60,30,2,0.1,0.7,0.4486,0.1753,3
11,0.5,60,30,5,0.1,0.7,0.4486,0.1753,3
11,0.5,60,30,5,0.2,0.7,0.4486,0.1753,3
7,0.3,20,10,5,0.2,0.6,0.4486,0.108,3
11,0.5,30,30,3,0.2,0.4,0.4486,0.1753,3
7,0.3,20,10,2,0.0,0.6,0.4486,0.108,3
11,0.5,30,30,5,0.2,0.4,0.4486,0.1753,3
11,0.5,60,30,3,0.2,0.7,0.4486,0.1753,3
11,0.5,60,30,5,0.0,0.7,0.4486,0.1753,3
11,0.5,20,30,2,0.2,0.6,0.4486,0.1753,3
11,0.5,20,30,2,0.2,0.7,0.4486,0.1753,3
11,0.5,20,30,2,0.2,0.4,0.4486,0.1753,3
11,0.5,20,30,2,0.2,0.5,0.4486,0.1753,3
7,0.5,90,30,5,0.1,0.7,0.4486,0.1753,3
7,0.5,90,30,2,0.1,0.6,0.4486,0.1753,3
7,0.5,90,30,2,0.1,0.7,0.4486,0.1753,3
11,0.5,90,30,5,0.1,0.7,0.4486,0.1753,3
11,0.5,90,30,5,0.2,0.3,0.4486,0.1753,3
11,0.5,90,30,5,0.2,0.4,0.4486,0.1753,3
11,0.5,20,30,5,0.2,0.7,0.4486,0.1753,3
11,0.5,20,30,2,0.2,0.3,0.4486,0.1753,3
11,0.5,20,30,5,0.2,0.4,0.4486,0.1753,3
11,0.5,20,30,2,0.1,0.7,0.4486,0.1753,3
11,0.5,30,30,5,0.0,0.6,0.4486,0.1753,3
11,0.5,20,30,5,0.1,0.6,0.4486,0.1753,3
11,0.5,20,30,5,0.2,0.3,0.4486,0.1753,3
11,0.5,20,30,5,0.1,0.7,0.4486,0.1753,3
11,0.5,20,30,3,0.0,0.3,0.4486,0.1753,3
11,0.5,20,30,3,0.0,0.4,0.4486,0.1753,3
11,0.5,90,30,3,0.2,0.3,0.4486,0.1753,3
11,0.5,90,30,3,0.1,0.7,0.4486,0.1753,3
11,0.5,90,30,3,0.2,0.5,0.4486,0.1753,3
11,0.5,90,30,3,0.2,0.4,0.4486,0.1753,3
11,0.5,90,30,2,0.2,0.4,0.4486,0.1753,3
11,0.5,90,30,2,0.2,0.3,0.4486,0.1753,3
11,0.5,90,30,2,0.1,0.7,0.4486,0.1753,3
11,0.5,90,30,5,0.0,0.7,0.4486,0.1753,3
11,0.5,90,30,3,0.2,0.7,0.4486,0.1753,3
11,0.5,90,30,3,0.2,0.6,0.4486,0.1753,3
11,0.5,20,30,2,0.1,0.5,0.4486,0.1753,3
11,0.5,20,30,3,0.0,0.7,0.4486,0.1753,3
11,0.5,20,30,2,0.0,0.6,0.4486,0.1753,3
11,0.5,20,30,2,0.0,0.4,0.4486,0.1753,3
11,0.5,30,30,2,0.0,0.6,0.4486,0.1753,3
11,0.5,30,30,2,0.1,0.6,0.4486,0.1753,3
11,0.5,20,30,2,0.1,0.3,0.4486,0.1753,3
11,0.5,20,30,2,0.0,0.7,0.4486,0.1753,3
11,0.4,90,30,2,0.1,0.7,0.4486,0.1753,3
11,0.4,90,30,2,0.0,0.7,0.4486,0.1753,3
11,0.5,20,30,2,0.0,0.5,0.4486,0.1753,3
11,0.5,30,30,2,0.2,0.5,0.4486,0.1753,3
7,0.3,20,10,5,0.1,0.6,0.4486,0.108,3
11,0.5,20,30,5,0.0,0.6,0.4486,0.1753,3
11,0.5,20,30,3,0.2,0.7,0.4486,0.1753,3
11,0.5,20,30,3,0.1,0.4,0.4486,0.1753,3
11,0.5,20,30,5,0.0,0.3,0.4486,0.1753,3
11,0.5,20,30,5,0.0,0.4,0.4486,0.1753,3
11,0.5,90,30,2,0.0,0.7,0.4486,0.1753,3
11,0.5,90,30,3,0.0,0.7,0.4486,0.1753,3
7,0.5,90,30,3,0.1,0.6,0.4486,0.1753,3
7,0.5,90,30,2,0.0,0.6,0.4486,0.1753,3
7,0.4,90,30,2,0.1,0.7,0.4486,0.1753,3
7,0.4,90,30,2,0.0,0.7,0.4486,0.1753,3
11,0.5,90,30,2,0.2,0.6,0.4486,0.1753,3
11,0.4,90,30,5,0.0,0.7,0.4486,0.1753,3
7,0.5,90,30,2,0.0,0.7,0.4486,0.1753,3
11,0.5,30,30,5,0.0,0.7,0.4486,0.1753,3
11,0.5,30,30,3,0.0,0.7,0.4486,0.1753,3
11,0.5,30,30,5,0.1,0.6,0.4486,0.1753,3
7,0.3,20,10,2,0.2,0.6,0.4486,0.108,3
7,0.4,90,30,3,0.0,0.7,0.4486,0.1753,3
7,0.3,20,10,2,0.1,0.6,0.4486,0.108,3
11,0.5,20,30,3,0.1,0.6,0.4486,0.1753,3
11,0.5,20,30,3,0.2,0.3,0.4486,0.1753,3
7,0.4,90,30,2,0.2,0.7,0.4486,0.1753,3
11,0.5,20,30,3,0.1,0.5,0.4486,0.1753,3
7,0.4,90,30,2,0.2,0.6,0.4486,0.1753,3
7,0.5,90,30,3,0.0,0.6,0.4486,0.1753,3
7,0.4,90,30,5,0.1,0.7,0.4486,0.1753,3
11,0.5,20,30,5,0.0,0.7,0.4486,0.1753,3
11,0.5,20,30,5,0.1,0.3,0.4486,0.1753,3
11,0.5,20,30,5,0.0,0.5,0.4486,0.1753,3
7,0.5,90,30,3,0.0,0.7,0.4486,0.1753,3
11,0.5,20,30,3,0.2,0.5,0.4486,0.1753,3
7,0.3,20,10,3,0.0,0.6,0.4486,0.108,3
11,0.5,60,30,2,0.2,0.7,0.4486,0.1753,3
7,0.3,20,10,3,0.1,0.6,0.4486,0.108,3
11,0.5,20,30,3,0.2,0.4,0.4486,0.1753,3
11,0.4,90,30,2,0.2,0.7,0.4486,0.1753,3
11,0.4,90,30,3,0.1,0.7,0.4486,0.1753,3
11,0.4,90,30,3,0.0,0.7,0.4486,0.1753,3
7,0.4,90,30,5,0.2,0.6,0.4486,0.1753,3
7,0.4,90,30,3,0.2,0.6,0.4486,0.1753,3
7,0.4,90,30,3,0.1,0.7,0.4486,0.1753,3
7,0.4,90,30,3,0.2,0.7,0.4486,0.1753,3
11,0.5,20,30,3,0.1,0.7,0.4486,0.1753,3
7,0.4,90,30,5,0.2,0.7,0.4486,0.1753,3
11,0.5,20,30,3,0.2,0.6,0.4486,0.1753,3
7,0.3,20,10,3,0.2,0.6,0.4486,0.108,3
7,0.3,20,10,5,0.0,0.6,0.4486,0.108,3
11,0.5,30,30,2,0.2,0.7,0.4486,0.1753,3
11,0.5,30,30,2,0.2,0.6,0.4486,0.1753,3
11,0.5,60,30,3,0.1,0.7,0.4486,0.1753,3
11,0.5,90,30,5,0.2,0.7,0.4486,0.1753,3
11,0.5,20,30,2,0.1,0.6,0.4486,0.1753,3
11,0.5,90,30,5,0.2,0.5,0.4486,0.1753,3
11,0.5,90,30,5,0.2,0.6,0.4486,0.1753,3
11,0.5,20,30,3,0.0,0.5,0.4486,0.1753,3
7,0.5,90,30,3,0.1,0.7,0.4486,0.1753,3
11,0.5,30,30,2,0.0,0.7,0.4486,0.1753,3
11,0.5,20,30,3,0.0,0.6,0.4486,0.1753,3
11,0.5,20,30,2,0.1,0.4,0.4486,0.1753,3
11,0.5,30,30,2,0.2,0.4,0.4486,0.1753,3
11,0.5,30,30,2,0.2,0.3,0.4486,0.1753,3
11,0.5,30,30,2,0.1,0.7,0.4486,0.1753,3
7,0.5,90,30,5,0.0,0.6,0.4486,0.1753,3
11,0.5,90,30,2,0.2,0.7,0.4486,0.1753,3
11,0.5,90,30,2,0.2,0.5,0.4486,0.1753,3
7,0.5,90,30,5,0.0,0.7,0.4486,0.1753,3
7,0.5,90,30,5,0.1,0.6,0.4486,0.1753,3
11,0.5,20,30,2,0.0,0.3,0.4486,0.1753,3
11,0.5,20,30,3,0.1,0.3,0.4486,0.1753,3
11,0.3,20,10,3,0.2,0.7,0.4483,0.1577,3
7,0.3,45,30,5,0.1,0.6,0.4483,0.1577,3
11,0.3,20,10,3,0.1,0.7,0.4483,0.1577,3
11,0.4,30,10,2,0.1,0.7,0.4483,0.1577,3
11,0.4,30,10,2,0.0,0.7,0.4483,0.1577,3
7,0.3,30,30,3,0.0,0.6,0.4483,0.1577,3
11,0.3,20,10,5,0.0,0.7,0.4483,0.1577,3
7,0.3,45,30,3,0.2,0.6,0.4483,0.1577,3
7,0.3,45,30,5,0.0,0.6,0.4483,0.1577,3
11,0.3,20,10,2,0.1,0.7,0.4483,0.1577,3
7,0.3,45,30,3,0.1,0.6,0.4483,0.1577,3
7,0.3,45,30,3,0.0,0.6,0.4483,0.1577,3
7,0.3,45,30,5,0.2,0.6,0.4483,0.1577,3
7,0.3,45,30,2,0.2,0.6,0.4483,0.1577,3
7,0.3,30,30,5,0.1,0.6,0.4483,0.1577,3
7,0.3,30,30,5,0.2,0.6,0.4483,0.1577,3
7,0.3,45,30,2,0.1,0.6,0.4483,0.1577,3
11,0.4,30,10,2,0.2,0.7,0.4483,0.1577,3
11,0.4,30,10,3,0.0,0.7,0.4483,0.1577,3
11,0.4,30,10,3,0.2,0.7,0.4483,0.1577,3
11,0.4,30,10,3,0.1,0.7,0.4483,0.1577,3
7,0.3,30,30,3,0.1,0.6,0.4483,0.1577,3
7,0.3,30,30,3,0.2,0.6,0.4483,0.1577,3
7,0.3,30,30,5,0.0,0.6,0.4483,0.1577,3
11,0.3,20,10,5,0.2,0.7,0.4483,0.1577,3
7,0.3,45,30,2,0.0,0.6,0.4483,0.1577,3
11,0.4,20,10,5,0.2,0.7,0.4483,0.1577,3
11,0.4,20,10,3,0.1,0.7,0.4483,0.1577,3
11,0.4,30,10,5,0.0,0.7,0.4483,0.1577,3
11,0.4,20,10,5,0.1,0.7,0.4483,0.1577,3
11,0.4,20,10,2,0.2,0.7,0.4483,0.1577,3
7,0.3,30,30,2,0.2,0.6,0.4483,0.1577,3
11,0.4,20,10,2,0.1,0.7,0.4483,0.1577,3
11,0.4,20,10,5,0.0,0.7,0.4483,0.1577,3
11,0.4,20,10,3,0.2,0.7,0.4483,0.1577,3
11,0.4,20,10,3,0.0,0.7,0.4483,0.1577,3
11,0.4,20,10,2,0.0,0.7,0.4483,0.1577,3
11,0.3,20,10,5,0.1,0.7,0.4483,0.1577,3
11,0.3,20,10,2,0.0,0.7,0.4483,0.1577,3
11,0.3,20,10,3,0.0,0.7,0.4483,0.1577,3
11,0.4,30,10,5,0.1,0.7,0.4483,0.1577,3
7,0.3,30,30,2,0.0,0.6,0.4483,0.1577,3
7,0.3,30,30,2,0.1,0.6,0.4483,0.1577,3
11,0.4,30,10,5,0.2,0.7,0.4483,0.1577,3
11,0.3,20,10,2,0.2,0.7,0.4483,0.1577,3
11,0.3,20,10,3,0.0,0.3,0.4454,0.0994,3
11,0.3,20,10,3,0.1,0.3,0.4454,0.0994,3
11,0.3,20,10,2,0.1,0.3,0.4454,0.0994,3
11,0.3,20,10,2,0.0,0.3,0.4454,0.0994,3
11,0.3,20,10,5,0.0,0.3,0.4454,0.0994,3
11,0.3,20,10,5,0.1,0.3,0.4454,0.0994,3
5,0.3,30,10,3,0.0,0.4,0.4446,0.0983,3
5,0.3,30,10,3,0.2,0.4,0.4446,0.0983,3
5,0.3,30,10,3,0.1,0.4,0.4446,0.0983,3
5,0.3,30,10,2,0.0,0.4,0.4446,0.0983,3
5,0.3,30,10,2,0.2,0.4,0.4446,0.0983,3
5,0.3,30,10,2,0.1,0.4,0.4446,0.0983,3
5,0.3,30,10,3,0.2,0.3,0.4446,0.0983,3
5,0.3,30,10,5,0.2,0.3,0.4446,0.0983,3
5,0.3,30,10,2,0.2,0.3,0.4446,0.0983,3
5,0.3,30,10,5,0.0,0.4,0.4446,0.0983,3
5,0.3,30,10,5,0.2,0.4,0.4446,0.0983,3
5,0.3,30,10,5,0.1,0.4,0.4446,0.0983,3
5,0.3,20,30,3,0.1,0.5,0.4439,0.1553,3
5,0.3,20,30,3,0.2,0.5,0.4439,0.1553,3
5,0.3,20,30,3,0.0,0.6,0.4439,0.1553,3
5,0.3,20,30,2,0.1,0.5,0.4439,0.1553,3
5,0.3,20,30,5,0.0,0.5,0.4439,0.1553,3
5,0.3,20,30,5,0.1,0.5,0.4439,0.1553,3
5,0.3,20,30,2,0.1,0.6,0.4439,0.1553,3
5,0.3,20,30,3,0.1,0.6,0.4439,0.1553,3
5,0.3,20,30,5,0.1,0.6,0.4439,0.1553,3
5,0.3,20,30,2,0.2,0.5,0.4439,0.1553,3
5,0.3,20,30,2,0.2,0.6,0.4439,0.1553,3
5,0.3,20,30,2,0.0,0.5,0.4439,0.1553,3
5,0.3,20,30,2,0.0,0.6,0.4439,0.1553,3
5,0.3,20,30,3,0.0,0.5,0.4439,0.1553,3
5,0.3,20,30,5,0.2,0.6,0.4439,0.1553,3
5,0.3,20,30,3,0.2,0.6,0.4439,0.1553,3
5,0.3,20,30,5,0.0,0.6,0.4439,0.1553,3
5,0.3,20,30,5,0.2,0.5,0.4439,0.1553,3
5,0.4,60,30,2,0.1,0.7,0.4428,0.1791,3
5,0.4,60,30,2,0.0,0.7,0.4428,0.1791,3
5,0.5,90,30,3,0.2,0.5,0.4428,0.1791,3
5,0.5,90,30,5,0.1,0.3,0.4428,0.1791,3
5,0.5,90,30,5,0.1,0.6,0.4428,0.1791,3
5,0.5,90,30,5,0.1,0.7,0.4428,0.1791,3
5,0.5,90,30,3,0.1,0.7,0.4428,0.1791,3
5,0.5,90,30,5,0.1,0.4,0.4428,0.1791,3
5,0.5,90,30,3,0.2,0.3,0.4428,0.1791,3
5,0.5,90,30,3,0.2,0.4,0.4428,0.1791,3
5,0.5,90,30,2,0.1,0.5,0.4428,0.1791,3
7,0.4,90,30,3,0.2,0.5,0.4428,0.1791,3
5,0.3,90,30,2,0.1,0.7,0.4428,0.1791,3
5,0.3,60,30,5,0.2,0.7,0.4428,0.1791,3
5,0.5,90,30,2,0.1,0.7,0.4428,0.1791,3
5,0.4,60,30,3,0.2,0.7,0.4428,0.1791,3
5,0.5,90,30,5,0.2,0.5,0.4428,0.1791,3
5,0.5,90,30,5,0.2,0.4,0.4428,0.1791,3
5,0.5,90,30,5,0.2,0.3,0.4428,0.1791,3
5,0.5,90,30,2,0.2,0.4,0.4428,0.1791,3
5,0.3,90,30,5,0.0,0.7,0.4428,0.1791,3
5,0.5,90,30,5,0.1,0.5,0.4428,0.1791,3
5,0.4,90,30,3,0.0,0.7,0.4428,0.1791,3
5,0.5,90,30,2,0.0,0.7,0.4428,0.1791,3
5,0.5,90,30,2,0.1,0.3,0.4428,0.1791,3
5,0.5,90,30,3,0.1,0.4,0.4428,0.1791,3
5,0.5,90,30,3,0.1,0.6,0.4428,0.1791,3
5,0.5,90,30,2,0.2,0.6,0.4428,0.1791,3
5,0.5,90,30,2,0.2,0.7,0.4428,0.1791,3
5,0.5,90,30,3,0.0,0.3,0.4428,0.1791,3
5,0.5,90,30,3,0.0,0.4,0.4428,0.1791,3
5,0.5,90,30,3,0.0,0.5,0.4428,0.1791,3
5,0.5,90,30,2,0.2,0.5,0.4428,0.1791,3
5,0.5,90,30,2,0.2,0.3,0.4428,0.1791,3
5,0.5,90,30,3,0.1,0.5,0.4428,0.1791,3
5,0.5,90,30,3,0.0,0.7,0.4428,0.1791,3
5,0.3,90,30,2,0.2,0.7,0.4428,0.1791,3
5,0.5,90,30,3,0.0,0.6,0.4428,0.1791,3
5,0.5,90,30,3,0.1,0.3,0.4428,0.1791,3
5,0.5,90,30,5,0.2,0.7,0.4428,0.1791,3
5,0.5,90,30,5,0.2,0.6,0.4428,0.1791,3
5,0.5,90,30,2,0.1,0.6,0.4428,0.1791,3
5,0.5,90,30,2,0.1,0.4,0.4428,0.1791,3
5,0.5,90,30,2,0.0,0.6,0.4428,0.1791,3
5,0.5,90,30,3,0.2,0.7,0.4428,0.1791,3
5,0.5,90,30,5,0.0,0.3,0.4428,0.1791,3
7,0.5,90,30,2,0.1,0.5,0.4428,0.1791,3
7,0.5,90,30,5,0.1,0.5,0.4428,0.1791,3
7,0.5,90,30,2,0.1,0.3,0.4428,0.1791,3
5,0.4,90,30,5,0.2,0.7,0.4428,0.1791,3
5,0.4,90,30,5,0.0,0.7,0.4428,0.1791,3
5,0.5,90,30,5,0.0,0.6,0.4428,0.1791,3
5,0.5,90,30,5,0.0,0.5,0.4428,0.1791,3
5,0.5,90,30,5,0.0,0.7,0.4428,0.1791,3
5,0.4,90,30,5,0.1,0.7,0.4428,0.1791,3
5,0.3,90,30,2,0.0,0.7,0.4428,0.1791,3
7,0.4,90,30,2,0.2,0.4,0.4428,0.1791,3
5,0.3,90,30,5,0.2,0.7,0.4428,0.1791,3
7,0.4,90,30,2,0.2,0.5,0.4428,0.1791,3
7,0.4,90,30,2,0.2,0.3,0.4428,0.1791,3
5,0.3,90,30,3,0.0,0.7,0.4428,0.1791,3
5,0.3,90,30,3,0.1,0.7,0.4428,0.1791,3
5,0.3,90,30,5,0.1,0.7,0.4428,0.1791,3
5,0.3,60,30,3,0.0,0.7,0.4428,0.1791,3
5,0.3,90,30,3,0.2,0.7,0.4428,0.1791,3
5,0.4,60,30,5,0.2,0.7,0.4428,0.1791,3
7,0.4,90,30,5,0.2,0.5,0.4428,0.1791,3
7,0.4,90,30,3,0.2,0.4,0.4428,0.1791,3
11,0.5,30,30,5,0.1,0.5,0.4428,0.1791,3
5,0.4,60,30,3,0.1,0.7,0.4428,0.1791,3
11,0.5,30,30,5,0.1,0.4,0.4428,0.1791,3
11,0.5,30,30,3,0.1,0.5,0.4428,0.1791,3
11,0.5,30,30,5,0.0,0.4,0.4428,0.1791,3
5,0.3,60,30,5,0.0,0.7,0.4428,0.1791,3
7,0.4,90,30,5,0.2,0.4,0.4428,0.1791,3
11,0.5,30,30,3,0.0,0.4,0.4428,0.1791,3
11,0.5,30,30,2,0.1,0.3,0.4428,0.1791,3
11,0.5,30,30,2,0.0,0.5,0.4428,0.1791,3
11,0.5,30,30,3,0.1,0.3,0.4428,0.1791,3
11,0.5,30,30,2,0.0,0.4,0.4428,0.1791,3
11,0.5,30,30,3,0.0,0.5,0.4428,0.1791,3
11,0.5,30,30,5,0.0,0.3,0.4428,0.1791,3
5,0.4,60,30,5,0.1,0.7,0.4428,0.1791,3
11,0.5,30,30,3,0.1,0.4,0.4428,0.1791,3
5,0.4,60,30,5,0.0,0.7,0.4428,0.1791,3
11,0.5,30,30,5,0.0,0.5,0.4428,0.1791,3
5,0.4,90,30,2,0.0,0.7,0.4428,0.1791,3
7,0.5,90,30,3,0.1,0.5,0.4428,0.1791,3
7,0.5,90,30,2,0.0,0.3,0.4428,0.1791,3
7,0.5,90,30,2,0.0,0.4,0.4428,0.1791,3
7,0.5,90,30,2,0.0,0.5,0.4428,0.1791,3
11,0.5,30,30,2,0.1,0.4,0.4428,0.1791,3
11,0.5,30,30,2,0.1,0.5,0.4428,0.1791,3
5,0.4,90,30,2,0.2,0.7,0.4428,0.1791,3
5,0.4,90,30,3,0.1,0.7,0.4428,0.1791,3
11,0.5,30,30,3,0.0,0.3,0.4428,0.1791,3
5,0.3,60,30,2,0.0,0.7,0.4428,0.1791,3
5,0.4,90,30,2,0.1,0.7,0.4428,0.1791,3
5,0.4,90,30,3,0.2,0.7,0.4428,0.1791,3
11,0.5,30,30,2,0.0,0.3,0.4428,0.1791,3
5,0.3,60,30,3,0.1,0.7,0.4428,0.1791,3
7,0.4,90,30,3,0.2,0.3,0.4428,0.1791,3
5,0.4,60,30,3,0.0,0.7,0.4428,0.1791,3
5,0.4,60,30,2,0.2,0.7,0.4428,0.1791,3
11,0.5,30,30,5,0.1,0.3,0.4428,0.1791,3
7,0.4,90,30,5,0.2,0.3,0.4428,0.1791,3
5,0.3,60,30,5,0.1,0.7,0.4428,0.1791,3
5,0.5,90,30,2,0.0,0.4,0.4428,0.1791,3
5,0.5,90,30,2,0.0,0.5,0.4428,0.1791,3
5,0.5,90,30,2,0.0,0.3,0.4428,0.1791,3
5,0.5,90,30,5,0.0,0.4,0.4428,0.1791,3
7,0.5,90,30,5,0.1,0.3,0.4428,0.1791,3
7,0.5,90,30,3,0.1,0.4,0.4428,0.1791,3
7,0.5,90,30,3,0.1,0.3,0.4428,0.1791,3
7,0.5,90,30,3,0.0,0.5,0.4428,0.1791,3
7,0.5,90,30,2,0.1,0.4,0.4428,0.1791,3
7,0.5,90,30,3,0.0,0.4,0.4428,0.1791,3
7,0.5,90,30,3,0.0,0.3,0.4428,0.1791,3
7,0.5,90,30,5,0.1,0.4,0.4428,0.1791,3
5,0.3,60,30,2,0.2,0.7,0.4428,0.1791,3
5,0.3,60,30,2,0.1,0.7,0.4428,0.1791,3
5,0.3,60,30,3,0.2,0.7,0.4428,0.1791,3
5,0.5,90,30,3,0.2,0.6,0.4428,0.1791,3
7,0.5,90,30,5,0.0,0.4,0.4428,0.1791,3
7,0.5,90,30,5,0.0,0.5,0.4428,0.1791,3
7,0.5,90,30,5,0.0,0.3,0.4428,0.1791,3
5,0.4,45,30,3,0.2,0.6,0.4426,0.1614,3
5,0.4,45,30,2,0.2,0.4,0.4426,0.1614,3
5,0.4,45,30,3,0.0,0.6,0.4426,0.1614,3
5,0.4,45,30,2,0.1,0.6,0.4426,0.1614,3
5,0.4,45,30,3,0.2,0.3,0.4426,0.1614,3
5,0.4,45,30,5,0.1,0.6,0.4426,0.1614,3
5,0.4,45,30,5,0.2,0.5,0.4426,0.1614,3
5,0.4,45,30,5,0.2,0.4,0.4426,0.1614,3
5,0.4,45,30,5,0.2,0.3,0.4426,0.1614,3
5,0.4,45,30,5,0.2,0.6,0.4426,0.1614,3
5,0.4,45,30,3,0.2,0.5,0.4426,0.1614,3
5,0.4,45,30,3,0.2,0.4,0.4426,0.1614,3
5,0.4,45,30,3,0.1,0.6,0.4426,0.1614,3
5,0.4,45,30,2,0.2,0.3,0.4426,0.1614,3
5,0.4,45,30,2,0.2,0.5,0.4426,0.1614,3
5,0.4,45,30,2,0.2,0.6,0.4426,0.1614,3
5,0.4,45,30,5,0.0,0.6,0.4426,0.1614,3
5,0.4,45,30,2,0.0,0.6,0.4426,0.1614,3
5,0.4,30,10,2,0.0,0.7,0.4419,0.1471,3
5,0.4,30,10,3,0.1,0.7,0.4419,0.1471,3
5,0.4,30,10,5,0.2,0.7,0.4419,0.1471,3
5,0.4,30,10,5,0.0,0.7,0.4419,0.1471,3
5,0.4,30,10,2,0.2,0.7,0.4419,0.1471,3
5,0.4,30,10,2,0.1,0.7,0.4419,0.1471,3
5,0.4,30,10,3,0.2,0.7,0.4419,0.1471,3
5,0.4,30,10,5,0.1,0.7,0.4419,0.1471,3
5,0.4,30,10,3,0.0,0.7,0.4419,0.1471,3
5,0.3,45,30,3,0.0,0.5,0.4415,0.1525,3
5,0.3,45,30,2,0.0,0.5,0.4415,0.1525,3
5,0.3,45,30,2,0.2,0.5,0.4415,0.1525,3
5,0.3,45,30,2,0.1,0.5,0.4415,0.1525,3
5,0.3,45,30,3,0.1,0.5,0.4415,0.1525,3
5,0.3,45,30,5,0.0,0.5,0.4415,0.1525,3
5,0.3,45,30,5,0.1,0.5,0.4415,0.1525,3
5,0.3,45,30,3,0.2,0.5,0.4415,0.1525,3
5,0.3,45,30,5,0.2,0.5,0.4415,0.1525,3
5,0.3,20,10,2,0.1,0.5,0.44,0.0971,3
5,0.3,20,10,2,0.0,0.5,0.44,0.0971,3
5,0.3,20,10,2,0.2,0.5,0.44,0.0971,3
5,0.3,20,10,3,0.2,0.5,0.44,0.0971,3
5,0.3,20,10,3,0.1,0.5,0.44,0.0971,3
5,0.3,20,10,5,0.2,0.5,0.44,0.0971,3
5,0.3,20,10,3,0.0,0.5,0.44,0.0971,3
5,0.3,20,10,5,0.0,0.5,0.44,0.0971,3
5,0.3,20,10,5,0.1,0.5,0.44,0.0971,3
7,0.5,30,30,3,0.0,0.7,0.4396,0.1686,3
7,0.5,20,30,3,0.0,0.4,0.4396,0.1686,3
7,0.5,20,30,3,0.0,0.3,0.4396,0.1686,3
7,0.5,30,30,5,0.1,0.7,0.4396,0.1686,3
7,0.5,30,30,5,0.2,0.6,0.4396,0.1686,3
7,0.5,30,30,5,0.2,0.7,0.4396,0.1686,3
7,0.5,30,30,2,0.2,0.6,0.4396,0.1686,3
7,0.5,30,30,2,0.2,0.7,0.4396,0.1686,3
7,0.5,20,30,2,0.2,0.7,0.4396,0.1686,3
7,0.5,30,30,5,0.1,0.6,0.4396,0.1686,3
7,0.5,30,30,5,0.0,0.7,0.4396,0.1686,3
7,0.5,20,30,5,0.1,0.7,0.4396,0.1686,3
7,0.5,20,30,5,0.1,0.6,0.4396,0.1686,3
7,0.5,20,30,5,0.1,0.5,0.4396,0.1686,3
7,0.5,20,30,5,0.1,0.4,0.4396,0.1686,3
7,0.5,30,30,3,0.2,0.7,0.4396,0.1686,3
7,0.5,20,30,2,0.0,0.6,0.4396,0.1686,3
7,0.5,30,30,5,0.0,0.6,0.4396,0.1686,3
7,0.5,20,30,3,0.2,0.7,0.4396,0.1686,3
7,0.5,20,30,2,0.0,0.5,0.4396,0.1686,3
7,0.5,30,30,3,0.2,0.6,0.4396,0.1686,3
7,0.5,20,30,2,0.2,0.3,0.4396,0.1686,3
7,0.5,20,30,2,0.2,0.6,0.4396,0.1686,3
7,0.5,20,30,2,0.0,0.3,0.4396,0.1686,3
7,0.5,20,30,5,0.0,0.3,0.4396,0.1686,3
7,0.5,20,30,5,0.0,0.5,0.4396,0.1686,3
7,0.5,20,30,5,0.0,0.4,0.4396,0.1686,3
7,0.5,20,30,2,0.0,0.7,0.4396,0.1686,3
7,0.5,20,30,2,0.1,0.3,0.4396,0.1686,3
7,0.5,30,30,2,0.0,0.7,0.4396,0.1686,3
7,0.5,20,30,2,0.1,0.5,0.4396,0.1686,3
7,0.5,20,30,2,0.0,0.4,0.4396,0.1686,3
7,0.5,20,30,2,0.1,0.4,0.4396,0.1686,3
7,0.5,20,30,2,0.1,0.6,0.4396,0.1686,3
7,0.5,20,30,3,0.0,0.6,0.4396,0.1686,3
7,0.5,20,30,3,0.0,0.5,0.4396,0.1686,3
7,0.5,20,30,3,0.1,0.4,0.4396,0.1686,3
7,0.5,20,30,3,0.1,0.3,0.4396,0.1686,3
7,0.5,20,30,5,0.2,0.7,0.4396,0.1686,3
7,0.5,20,30,5,0.2,0.6,0.4396,0.1686,3
7,0.5,20,30,5,0.2,0.5,0.4396,0.1686,3
7,0.5,20,30,5,0.2,0.4,0.4396,0.1686,3
7,0.5,20,30,5,0.2,0.3,0.4396,0.1686,3
7,0.5,20,30,5,0.0,0.7,0.4396,0.1686,3
7,0.5,20,30,5,0.1,0.3,0.4396,0.1686,3
7,0.5,20,30,5,0.0,0.6,0.4396,0.1686,3
7,0.5,30,30,2,0.1,0.7,0.4396,0.1686,3
7,0.5,30,30,3,0.0,0.6,0.4396,0.1686,3
7,0.5,20,30,2,0.1,0.7,0.4396,0.1686,3
7,0.5,20,30,3,0.2,0.4,0.4396,0.1686,3
7,0.5,30,30,2,0.0,0.6,0.4396,0.1686,3
7,0.5,20,30,3,0.1,0.5,0.4396,0.1686,3
7,0.5,20,30,3,0.1,0.6,0.4396,0.1686,3
7,0.5,20,30,3,0.1,0.7,0.4396,0.1686,3
7,0.5,20,30,3,0.2,0.3,0.4396,0.1686,3
7,0.5,30,30,3,0.1,0.7,0.4396,0.1686,3
7,0.5,20,30,3,0.2,0.5,0.4396,0.1686,3
7,0.5,30,30,3,0.1,0.6,0.4396,0.1686,3
7,0.5,20,30,3,0.2,0.6,0.4396,0.1686,3
7,0.5,20,30,2,0.2,0.4,0.4396,0.1686,3
7,0.5,20,30,2,0.2,0.5,0.4396,0.1686,3
7,0.5,30,30,2,0.1,0.6,0.4396,0.1686,3
7,0.5,20,30,3,0.0,0.7,0.4396,0.1686,3
7,0.3,20,30,5,0.0,0.6,0.4394,0.151,3
7,0.3,20,30,2,0.2,0.6,0.4394,0.151,3
7,0.3,20,30,3,0.0,0.6,0.4394,0.151,3
7,0.3,20,30,5,0.1,0.6,0.4394,0.151,3
7,0.3,20,30,2,0.0,0.6,0.4394,0.151,3
7,0.3,20,30,5,0.2,0.6,0.4394,0.151,3
7,0.3,20,30,2,0.1,0.6,0.4394,0.151,3
7,0.3,20,30,3,0.1,0.6,0.4394,0.151,3
7,0.3,20,30,3,0.2,0.6,0.4394,0.151,3
7,0.3,90,30,3,0.2,0.6,0.4386,0.1614,3
7,0.3,90,30,5,0.2,0.6,0.4386,0.1614,3
7,0.3,90,30,2,0.2,0.6,0.4386,0.1614,3
11,0.4,90,30,3,0.2,0.6,0.4384,0.1673,3
11,0.4,60,30,2,0.2,0.7,0.4384,0.1673,3
11,0.4,45,30,3,0.1,0.6,0.4384,0.1673,3
11,0.5,45,30,3,0.2,0.5,0.4384,0.1673,3
11,0.5,45,30,3,0.2,0.6,0.4384,0.1673,3
11,0.4,90,30,2,0.2,0.6,0.4384,0.1673,3
11,0.4,90,30,5,0.1,0.6,0.4384,0.1673,3
11,0.4,90,30,5,0.0,0.6,0.4384,0.1673,3
11,0.5,45,30,5,0.0,0.6,0.4384,0.1673,3
11,0.4,45,30,3,0.2,0.7,0.4384,0.1673,3
11,0.5,45,30,3,0.2,0.7,0.4384,0.1673,3
7,0.4,60,30,2,0.2,0.7,0.4384,0.1673,3
11,0.4,45,30,2,0.2,0.7,0.4384,0.1673,3
11,0.4,45,30,5,0.0,0.7,0.4384,0.1673,3
11,0.4,45,30,5,0.0,0.6,0.4384,0.1673,3
11,0.5,45,30,5,0.0,0.7,0.4384,0.1673,3
7,0.4,60,30,5,0.0,0.7,0.4384,0.1673,3
7,0.4,60,30,2,0.1,0.7,0.4384,0.1673,3
7,0.4,60,30,3,0.2,0.7,0.4384,0.1673,3
7,0.4,60,30,2,0.0,0.7,0.4384,0.1673,3
11,0.5,90,30,5,0.1,0.6,0.4384,0.1673,3
11,0.5,90,30,2,0.1,0.6,0.4384,0.1673,3
11,0.5,90,30,3,0.0,0.6,0.4384,0.1673,3
11,0.5,60,30,3,0.2,0.5,0.4384,0.1673,3
7,0.4,90,30,3,0.1,0.6,0.4384,0.1673,3
11,0.4,45,30,3,0.0,0.7,0.4384,0.1673,3
11,0.4,45,30,3,0.2,0.6,0.4384,0.1673,3
11,0.4,45,30,3,0.1,0.7,0.4384,0.1673,3
11,0.4,60,30,2,0.0,0.7,0.4384,0.1673,3
7,0.5,45,30,5,0.0,0.6,0.4384,0.1673,3
7,0.5,45,30,2,0.1,0.6,0.4384,0.1673,3
7,0.5,45,30,3,0.1,0.7,0.4384,0.1673,3
11,0.4,60,30,3,0.2,0.7,0.4384,0.1673,3
11,0.4,90,30,3,0.0,0.6,0.4384,0.1673,3
11,0.4,60,30,2,0.1,0.7,0.4384,0.1673,3
11,0.5,45,30,2,0.2,0.6,0.4384,0.1673,3
11,0.5,45,30,2,0.2,0.3,0.4384,0.1673,3
11,0.5,45,30,2,0.2,0.4,0.4384,0.1673,3
7,0.5,45,30,2,0.2,0.6,0.4384,0.1673,3
11,0.5,45,30,2,0.2,0.5,0.4384,0.1673,3
11,0.4,60,30,3,0.1,0.7,0.4384,0.1673,3
11,0.5,45,30,5,0.2,0.7,0.4384,0.1673,3
7,0.5,45,30,3,0.0,0.7,0.4384,0.1673,3
7,0.5,45,30,3,0.0,0.6,0.4384,0.1673,3
11,0.4,60,30,3,0.0,0.7,0.4384,0.1673,3
7,0.5,45,30,5,0.0,0.7,0.4384,0.1673,3
7,0.5,45,30,3,0.1,0.6,0.4384,0.1673,3
7,0.5,45,30,2,0.1,0.7,0.4384,0.1673,3
11,0.4,45,30,5,0.1,0.6,0.4384,0.1673,3
11,0.5,45,30,5,0.2,0.6,0.4384,0.1673,3
11,0.5,45,30,5,0.2,0.5,0.4384,0.1673,3
11,0.5,45,30,5,0.2,0.4,0.4384,0.1673,3
11,0.5,45,30,5,0.2,0.3,0.4384,0.1673,3
11,0.4,45,30,5,0.2,0.6,0.4384,0.1673,3
11,0.4,45,30,5,0.1,0.7,0.4384,0.1673,3
11,0.4,90,30,5,0.2,0.6,0.4384,0.1673,3
11,0.4,60,30,5,0.2,0.7,0.4384,0.1673,3
7,0.4,90,30,2,0.0,0.6,0.4384,0.1673,3
11,0.4,60,30,5,0.1,0.7,0.4384,0.1673,3
11,0.4,45,30,5,0.2,0.7,0.4384,0.1673,3
11,0.4,60,30,5,0.0,0.7,0.4384,0.1673,3
11,0.4,45,30,2,0.2,0.6,0.4384,0.1673,3
7,0.5,45,30,2,0.0,0.6,0.4384,0.1673,3
7,0.5,45,30,2,0.0,0.7,0.4384,0.1673,3
11,0.5,45,30,5,0.1,0.6,0.4384,0.1673,3
11,0.5,45,30,5,0.1,0.7,0.4384,0.1673,3
7,0.4,90,30,3,0.0,0.6,0.4384,0.1673,3
11,0.5,45,30,2,0.1,0.7,0.4384,0.1673,3
7,0.5,45,30,3,0.2,0.6,0.4384,0.1673,3
7,0.5,45,30,5,0.1,0.7,0.4384,0.1673,3
11,0.5,45,30,3,0.1,0.7,0.4384,0.1673,3
11,0.5,45,30,3,0.2,0.3,0.4384,0.1673,3
11,0.5,45,30,3,0.1,0.6,0.4384,0.1673,3
7,0.5,45,30,5,0.2,0.6,0.4384,0.1673,3
11,0.5,45,30,3,0.2,0.4,0.4384,0.1673,3
11,0.4,90,30,3,0.1,0.6,0.4384,0.1673,3
11,0.5,45,30,2,0.0,0.6,0.4384,0.1673,3
11,0.5,45,30,2,0.2,0.7,0.4384,0.1673,3
7,0.4,90,30,5,0.1,0.6,0.4384,0.1673,3
11,0.5,45,30,2,0.0,0.7,0.4384,0.1673,3
7,0.4,60,30,3,0.1,0.7,0.4384,0.1673,3
7,0.4,60,30,5,0.1,0.7,0.4384,0.1673,3
7,0.4,60,30,5,0.2,0.7,0.4384,0.1673,3
7,0.4,60,30,3,0.0,0.7,0.4384,0.1673,3
11,0.4,45,30,2,0.0,0.7,0.4384,0.1673,3
11,0.4,45,30,2,0.0,0.6,0.4384,0.1673,3
11,0.4,45,30,2,0.1,0.6,0.4384,0.1673,3
11,0.5,60,30,5,0.2,0.4,0.4384,0.1673,3
11,0.5,60,30,3,0.2,0.6,0.4384,0.1673,3
7,0.4,90,30,5,0.0,0.6,0.4384,0.1673,3
11,0.5,60,30,2,0.2,0.3,0.4384,0.1673,3
11,0.5,60,30,2,0.1,0.6,0.4384,0.1673,3
7,0.5,45,30,2,0.2,0.7,0.4384,0.1673,3
11,0.5,45,30,2,0.1,0.6,0.4384,0.1673,3
11,0.5,60,30,3,0.2,0.4,0.4384,0.1673,3
11,0.5,60,30,2,0.2,0.4,0.4384,0.1673,3
7,0.5,45,30,5,0.2,0.7,0.4384,0.1673,3
7,0.5,45,30,5,0.1,0.6,0.4384,0.1673,3
11,0.5,45,30,3,0.0,0.7,0.4384,0.1673,3
11,0.5,45,30,3,0.0,0.6,0.4384,0.1673,3
11,0.4,45,30,3,0.0,0.6,0.4384,0.1673,3
7,0.5,45,30,3,0.2,0.7,0.4384,0.1673,3
11,0.5,60,30,5,0.2,0.5,0.4384,0.1673,3
11,0.5,60,30,5,0.0,0.6,0.4384,0.1673,3
11,0.5,60,30,3,0.1,0.6,0.4384,0.1673,3
11,0.5,60,30,3,0.0,0.6,0.4384,0.1673,3
11,0.5,60,30,3,0.2,0.3,0.4384,0.1673,3
11,0.4,90,30,2,0.0,0.6,0.4384,0.1673,3
11,0.5,60,30,2,0.2,0.6,0.4384,0.1673,3
11,0.5,60,30,2,0.2,0.5,0.4384,0.1673,3
11,0.5,90,30,3,0.1,0.6,0.4384,0.1673,3
11,0.5,90,30,5,0.0,0.6,0.4384,0.1673,3
7,0.4,90,30,2,0.1,0.6,0.4384,0.1673,3
11,0.5,60,30,5,0.1,0.6,0.4384,0.1673,3
11,0.4,90,30,2,0.1,0.6,0.4384,0.1673,3
11,0.5,60,30,5,0.2,0.6,0.4384,0.1673,3
11,0.5,60,30,5,0.2,0.3,0.4384,0.1673,3
11,0.5,60,30,2,0.0,0.6,0.4384,0.1673,3
11,0.4,45,30,2,0.1,0.7,0.4384,0.1673,3
11,0.5,90,30,2,0.0,0.6,0.4384,0.1673,3
5,0.3,30,10,5,0.0,0.3,0.4379,0.0945,3
5,0.3,30,10,2,0.0,0.3,0.4379,0.0945,3
7,0.3,20,10,5,0.2,0.3,0.4379,0.0945,3
7,0.3,20,10,3,0.2,0.3,0.4379,0.0945,3
7,0.3,20,10,5,0.0,0.3,0.4379,0.0945,3
5,0.3,30,10,5,0.1,0.3,0.4379,0.0945,3
5,0.3,30,10,3,0.0,0.3,0.4379,0.0945,3
5,0.3,30,10,3,0.1,0.3,0.4379,0.0945,3
5,0.3,30,10,2,0.1,0.3,0.4379,0.0945,3
7,0.3,20,10,3,0.1,0.3,0.4379,0.0945,3
7,0.3,20,10,2,0.1,0.3,0.4379,0.0945,3
7,0.3,20,10,5,0.1,0.3,0.4379,0.0945,3
7,0.3,20,10,2,0.0,0.3,0.4379,0.0945,3
7,0.3,20,10,2,0.2,0.3,0.4379,0.0945,3
7,0.3,20,10,3,0.0,0.3,0.4379,0.0945,3
5,0.3,20,10,2,0.1,0.7,0.4339,0.1411,3
5,0.3,20,10,3,0.2,0.7,0.4339,0.1411,3
5,0.3,20,10,5,0.2,0.7,0.4339,0.1411,3
5,0.3,20,10,2,0.2,0.7,0.4339,0.1411,3
5,0.3,20,10,2,0.0,0.7,0.4339,0.1411,3
5,0.3,20,10,3,0.0,0.7,0.4339,0.1411,3
5,0.3,20,10,3,0.1,0.7,0.4339,0.1411,3
5,0.3,20,10,5,0.1,0.7,0.4339,0.1411,3
5,0.3,20,10,5,0.0,0.7,0.4339,0.1411,3
7,0.5,30,30,2,0.0,0.4,0.4338,0.172,3
7,0.5,30,30,2,0.0,0.3,0.4338,0.172,3
7,0.5,30,30,2,0.2,0.5,0.4338,0.172,3
7,0.5,30,30,2,0.2,0.4,0.4338,0.172,3
7,0.5,30,30,2,0.2,0.3,0.4338,0.172,3
7,0.5,30,30,3,0.2,0.3,0.4338,0.172,3
7,0.5,30,30,3,0.1,0.5,0.4338,0.172,3
7,0.5,30,30,3,0.1,0.4,0.4338,0.172,3
7,0.5,30,30,3,0.1,0.3,0.4338,0.172,3
7,0.5,30,30,2,0.1,0.3,0.4338,0.172,3
7,0.5,30,30,2,0.0,0.5,0.4338,0.172,3
7,0.5,30,30,5,0.1,0.4,0.4338,0.172,3
7,0.5,30,30,3,0.2,0.5,0.4338,0.172,3
7,0.5,30,30,5,0.0,0.4,0.4338,0.172,3
7,0.5,30,30,5,0.0,0.5,0.4338,0.172,3
7,0.5,30,30,3,0.0,0.5,0.4338,0.172,3
7,0.5,30,30,3,0.0,0.4,0.4338,0.172,3
7,0.5,30,30,3,0.0,0.3,0.4338,0.172,3
7,0.5,30,30,5,0.0,0.3,0.4338,0.172,3
7,0.5,30,30,3,0.2,0.4,0.4338,0.172,3
7,0.5,30,30,5,0.1,0.3,0.4338,0.172,3
7,0.5,30,30,5,0.2,0.5,0.4338,0.172,3
7,0.5,30,30,5,0.2,0.4,0.4338,0.172,3
7,0.5,30,30,5,0.2,0.3,0.4338,0.172,3
7,0.5,30,30,5,0.1,0.5,0.4338,0.172,3
7,0.5,30,30,2,0.1,0.5,0.4338,0.172,3
7,0.5,30,30,2,0.1,0.4,0.4338,0.172,3
5,0.4,45,30,5,0.1,0.5,0.4337,0.1546,3
5,0.4,45,30,2,0.0,0.4,0.4337,0.1546,3
5,0.4,45,30,2,0.0,0.5,0.4337,0.1546,3
5,0.4,45,30,3,0.1,0.4,0.4337,0.1546,3
5,0.4,45,30,3,0.1,0.5,0.4337,0.1546,3
5,0.4,45,30,5,0.0,0.3,0.4337,0.1546,3
5,0.4,45,30,5,0.1,0.4,0.4337,0.1546,3
5,0.4,45,30,2,0.1,0.4,0.4337,0.1546,3
5,0.4,45,30,2,0.1,0.3,0.4337,0.1546,3
5,0.4,45,30,3,0.0,0.4,0.4337,0.1546,3
5,0.4,45,30,3,0.0,0.3,0.4337,0.1546,3
5,0.4,45,30,2,0.1,0.5,0.4337,0.1546,3
5,0.4,45,30,3,0.0,0.5,0.4337,0.1546,3
5,0.4,45,30,5,0.1,0.3,0.4337,0.1546,3
5,0.4,45,30,5,0.0,0.4,0.4337,0.1546,3
5,0.4,45,30,5,0.0,0.5,0.4337,0.1546,3
5,0.4,45,30,2,0.0,0.3,0.4337,0.1546,3
5,0.4,45,30,3,0.1,0.3,0.4337,0.1546,3
5,0.3,30,30,2,0.2,0.4,0.4336,0.1471,3
5,0.3,30,30,5,0.1,0.4,0.4336,0.1471,3
5,0.3,30,30,2,0.2,0.3,0.4336,0.1471,3
5,0.3,30,30,2,0.1,0.4,0.4336,0.1471,3
5,0.3,30,30,2,0.1,0.3,0.4336,0.1471,3
5,0.3,30,30,3,0.2,0.4,0.4336,0.1471,3
5,0.3,30,30,3,0.2,0.3,0.4336,0.1471,3
5,0.3,30,30,5,0.2,0.4,0.4336,0.1471,3
5,0.3,30,30,5,0.2,0.3,0.4336,0.1471,3
5,0.3,30,30,5,0.1,0.3,0.4336,0.1471,3
5,0.3,30,30,2,0.0,0.4,0.4336,0.1471,3
5,0.3,30,30,3,0.1,0.4,0.4336,0.1471,3
5,0.3,30,30,3,0.0,0.4,0.4336,0.1471,3
5,0.3,30,30,3,0.1,0.3,0.4336,0.1471,3
5,0.3,30,30,5,0.0,0.3,0.4336,0.1471,3
5,0.3,30,30,5,0.0,0.4,0.4336,0.1471,3
5,0.3,30,30,3,0.0,0.3,0.4336,0.1471,3
5,0.3,30,30,2,0.0,0.3,0.4336,0.1471,3
5,0.5,45,30,3,0.2,0.7,0.4327,0.1709,3
11,0.5,90,30,2,0.1,0.4,0.4327,0.1709,3
11,0.5,90,30,5,0.1,0.3,0.4327,0.1709,3
11,0.4,90,30,2,0.0,0.5,0.4327,0.1709,3
11,0.5,90,30,5,0.0,0.5,0.4327,0.1709,3
11,0.4,90,30,2,0.1,0.5,0.4327,0.1709,3
11,0.5,60,30,5,0.1,0.3,0.4327,0.1709,3
11,0.5,60,30,5,0.1,0.4,0.4327,0.1709,3
11,0.5,60,30,5,0.1,0.5,0.4327,0.1709,3
11,0.5,60,30,5,0.0,0.3,0.4327,0.1709,3
11,0.5,60,30,5,0.0,0.4,0.4327,0.1709,3
11,0.5,90,30,5,0.1,0.4,0.4327,0.1709,3
11,0.5,90,30,5,0.1,0.5,0.4327,0.1709,3
11,0.5,60,30,3,0.1,0.3,0.4327,0.1709,3
11,0.5,90,30,2,0.0,0.3,0.4327,0.1709,3
11,0.5,90,30,3,0.0,0.4,0.4327,0.1709,3
11,0.5,90,30,3,0.1,0.4,0.4327,0.1709,3
11,0.5,90,30,3,0.1,0.5,0.4327,0.1709,3
11,0.5,90,30,3,0.1,0.3,0.4327,0.1709,3
11,0.5,90,30,2,0.1,0.3,0.4327,0.1709,3
11,0.5,90,30,3,0.0,0.3,0.4327,0.1709,3
11,0.5,90,30,2,0.0,0.4,0.4327,0.1709,3
5,0.5,45,30,2,0.2,0.5,0.4327,0.1709,3
11,0.4,90,30,3,0.2,0.5,0.4327,0.1709,3
11,0.5,90,30,2,0.1,0.5,0.4327,0.1709,3
5,0.5,45,30,2,0.2,0.6,0.4327,0.1709,3
11,0.5,90,30,2,0.0,0.5,0.4327,0.1709,3
11,0.5,60,30,5,0.0,0.5,0.4327,0.1709,3
11,0.5,60,30,3,0.1,0.4,0.4327,0.1709,3
5,0.5,45,30,3,0.1,0.7,0.4327,0.1709,3
5,0.3,45,30,3,0.0,0.7,0.4327,0.1709,3
5,0.3,45,30,2,0.0,0.7,0.4327,0.1709,3
5,0.3,45,30,2,0.2,0.7,0.4327,0.1709,3
5,0.3,45,30,2,0.1,0.7,0.4327,0.1709,3
7,0.4,90,30,5,0.0,0.5,0.4327,0.1709,3
7,0.4,90,30,5,0.0,0.4,0.4327,0.1709,3
7,0.4,90,30,5,0.0,0.3,0.4327,0.1709,3
11,0.5,45,30,2,0.0,0.3,0.4327,0.1709,3
11,0.5,60,30,2,0.1,0.5,0.4327,0.1709,3
11,0.5,60,30,2,0.1,0.4,0.4327,0.1709,3
11,0.4,90,30,3,0.2,0.4,0.4327,0.1709,3
11,0.4,90,30,3,0.2,0.3,0.4327,0.1709,3
11,0.4,90,30,3,0.1,0.5,0.4327,0.1709,3
5,0.5,45,30,3,0.2,0.6,0.4327,0.1709,3
5,0.5,45,30,3,0.2,0.4,0.4327,0.1709,3
5,0.5,45,30,3,0.2,0.5,0.4327,0.1709,3
11,0.5,90,30,3,0.0,0.5,0.4327,0.1709,3
11,0.5,90,30,5,0.0,0.3,0.4327,0.1709,3
11,0.5,60,30,3,0.0,0.3,0.4327,0.1709,3
11,0.5,60,30,3,0.0,0.4,0.4327,0.1709,3
11,0.5,60,30,2,0.0,0.3,0.4327,0.1709,3
11,0.5,60,30,3,0.0,0.5,0.4327,0.1709,3
11,0.5,60,30,2,0.0,0.4,0.4327,0.1709,3
11,0.5,60,30,2,0.0,0.5,0.4327,0.1709,3
5,0.5,45,30,3,0.2,0.3,0.4327,0.1709,3
11,0.5,60,30,3,0.1,0.5,0.4327,0.1709,3
5,0.5,45,30,2,0.2,0.7,0.4327,0.1709,3
11,0.4,90,30,2,0.2,0.4,0.4327,0.1709,3
11,0.4,90,30,2,0.2,0.3,0.4327,0.1709,3
11,0.5,90,30,5,0.0,0.4,0.4327,0.1709,3
11,0.5,60,30,2,0.1,0.3,0.4327,0.1709,3
5,0.3,45,30,5,0.2,0.7,0.4327,0.1709,3
7,0.5,45,30,3,0.2,0.4,0.4327,0.1709,3
7,0.5,45,30,3,0.2,0.5,0.4327,0.1709,3
5,0.3,45,30,3,0.1,0.7,0.4327,0.1709,3
5,0.3,45,30,5,0.0,0.7,0.4327,0.1709,3
7,0.4,90,30,5,0.1,0.3,0.4327,0.1709,3
7,0.4,90,30,5,0.1,0.4,0.4327,0.1709,3
7,0.4,90,30,5,0.1,0.5,0.4327,0.1709,3
11,0.5,45,30,3,0.0,0.3,0.4327,0.1709,3
11,0.5,45,30,3,0.0,0.4,0.4327,0.1709,3
11,0.5,45,30,3,0.0,0.5,0.4327,0.1709,3
11,0.5,45,30,3,0.1,0.3,0.4327,0.1709,3
11,0.5,45,30,3,0.1,0.5,0.4327,0.1709,3
5,0.3,45,30,3,0.2,0.7,0.4327,0.1709,3
7,0.5,45,30,5,0.2,0.3,0.4327,0.1709,3
7,0.5,45,30,5,0.2,0.4,0.4327,0.1709,3
7,0.5,45,30,5,0.2,0.5,0.4327,0.1709,3
5,0.3,45,30,5,0.1,0.7,0.4327,0.1709,3
11,0.5,45,30,2,0.0,0.4,0.4327,0.1709,3
11,0.5,45,30,2,0.0,0.5,0.4327,0.1709,3
7,0.5,45,30,2,0.2,0.5,0.4327,0.1709,3
5,0.5,45,30,5,0.2,0.5,0.4327,0.1709,3
5,0.5,45,30,5,0.2,0.4,0.4327,0.1709,3
5,0.5,45,30,5,0.2,0.3,0.4327,0.1709,3
5,0.5,45,30,5,0.2,0.7,0.4327,0.1709,3
7,0.5,45,30,2,0.2,0.3,0.4327,0.1709,3
7,0.5,45,30,2,0.2,0.4,0.4327,0.1709,3
11,0.4,90,30,5,0.2,0.3,0.4327,0.1709,3
11,0.4,90,30,5,0.2,0.4,0.4327,0.1709,3
11,0.4,90,30,5,0.2,0.5,0.4327,0.1709,3
7,0.5,45,30,3,0.2,0.3,0.4327,0.1709,3
11,0.5,45,30,2,0.1,0.5,0.4327,0.1709,3
11,0.5,45,30,2,0.1,0.4,0.4327,0.1709,3
11,0.5,45,30,3,0.1,0.4,0.4327,0.1709,3
11,0.4,90,30,5,0.0,0.5,0.4327,0.1709,3
5,0.5,45,30,2,0.0,0.7,0.4327,0.1709,3
5,0.5,45,30,2,0.1,0.7,0.4327,0.1709,3
5,0.5,45,30,2,0.2,0.4,0.4327,0.1709,3
5,0.5,45,30,2,0.2,0.3,0.4327,0.1709,3
11,0.4,90,30,3,0.0,0.5,0.4327,0.1709,3
5,0.5,45,30,5,0.1,0.7,0.4327,0.1709,3
5,0.5,45,30,5,0.2,0.6,0.4327,0.1709,3
7,0.4,90,30,2,0.0,0.3,0.4327,0.1709,3
7,0.4,90,30,2,0.0,0.4,0.4327,0.1709,3
7,0.4,90,30,3,0.0,0.5,0.4327,0.1709,3
7,0.4,90,30,3,0.0,0.3,0.4327,0.1709,3
7,0.4,90,30,3,0.0,0.4,0.4327,0.1709,3
7,0.4,90,30,2,0.1,0.3,0.4327,0.1709,3
7,0.4,90,30,2,0.0,0.5,0.4327,0.1709,3
7,0.4,90,30,3,0.1,0.3,0.4327,0.1709,3
7,0.4,90,30,3,0.1,0.4,0.4327,0.1709,3
7,0.4,90,30,3,0.1,0.5,0.4327,0.1709,3
11,0.5,45,30,5,0.1,0.5,0.4327,0.1709,3
5,0.5,45,30,3,0.0,0.7,0.4327,0.1709,3
5,0.5,45,30,5,0.0,0.7,0.4327,0.1709,3
7,0.4,90,30,2,0.1,0.5,0.4327,0.1709,3
7,0.4,90,30,2,0.1,0.4,0.4327,0.1709,3
11,0.4,90,30,2,0.2,0.5,0.4327,0.1709,3
11,0.4,90,30,5,0.1,0.5,0.4327,0.1709,3
11,0.5,45,30,2,0.1,0.3,0.4327,0.1709,3
11,0.5,45,30,5,0.1,0.4,0.4327,0.1709,3
11,0.5,45,30,5,0.1,0.3,0.4327,0.1709,3
11,0.5,45,30,5,0.0,0.5,0.4327,0.1709,3
11,0.5,45,30,5,0.0,0.4,0.4327,0.1709,3
11,0.5,45,30,5,0.0,0.3,0.4327,0.1709,3
5,0.3,60,30,2,0.1,0.3,0.4321,0.1447,3
5,0.3,60,30,5,0.0,0.4,0.4321,0.1447,3
5,0.3,60,30,2,0.0,0.4,0.4321,0.1447,3
5,0.3,60,30,3,0.2,0.4,0.4321,0.1447,3
5,0.3,60,30,5,0.1,0.3,0.4321,0.1447,3
5,0.3,60,30,2,0.1,0.4,0.4321,0.1447,3
5,0.3,60,30,3,0.2,0.3,0.4321,0.1447,3
5,0.3,60,30,5,0.1,0.4,0.4321,0.1447,3
5,0.3,60,30,3,0.0,0.4,0.4321,0.1447,3
5,0.3,60,30,3,0.1,0.4,0.4321,0.1447,3
5,0.3,60,30,3,0.1,0.3,0.4321,0.1447,3
5,0.3,60,30,5,0.2,0.4,0.4321,0.1447,3
5,0.3,60,30,5,0.2,0.3,0.4321,0.1447,3
5,0.3,60,30,2,0.0,0.3,0.4321,0.1447,3
5,0.3,60,30,5,0.0,0.3,0.4321,0.1447,3
5,0.3,60,30,3,0.0,0.3,0.4321,0.1447,3
5,0.3,60,30,2,0.2,0.4,0.4321,0.1447,3
5,0.3,60,30,2,0.2,0.3,0.4321,0.1447,3
5,0.5,20,30,3,0.1,0.4,0.4289,0.16,3
5,0.5,20,30,2,0.0,0.5,0.4289,0.16,3
5,0.5,20,30,2,0.0,0.6,0.4289,0.16,3
5,0.5,20,30,5,0.1,0.7,0.4289,0.16,3
7,0.4,45,30,3,0.2,0.7,0.4289,0.16,3
5,0.5,20,30,3,0.1,0.3,0.4289,0.16,3
5,0.5,20,30,3,0.0,0.7,0.4289,0.16,3
5,0.5,20,30,3,0.1,0.5,0.4289,0.16,3
5,0.5,20,30,2,0.0,0.4,0.4289,0.16,3
5,0.5,20,30,5,0.0,0.5,0.4289,0.16,3
5,0.5,20,30,5,0.0,0.6,0.4289,0.16,3
5,0.5,20,30,5,0.0,0.7,0.4289,0.16,3
5,0.5,20,30,5,0.1,0.3,0.4289,0.16,3
7,0.4,45,30,2,0.2,0.7,0.4289,0.16,3
7,0.4,45,30,3,0.0,0.7,0.4289,0.16,3
7,0.4,45,30,3,0.1,0.7,0.4289,0.16,3
7,0.4,60,30,3,0.2,0.6,0.4289,0.16,3
7,0.4,60,30,5,0.0,0.6,0.4289,0.16,3
7,0.4,60,30,2,0.0,0.6,0.4289,0.16,3
7,0.4,60,30,2,0.1,0.6,0.4289,0.16,3
11,0.4,20,30,5,0.0,0.5,0.4289,0.16,3
11,0.4,20,30,3,0.2,0.7,0.4289,0.16,3
11,0.4,20,30,3,0.2,0.6,0.4289,0.16,3
11,0.4,60,30,2,0.0,0.6,0.4289,0.16,3
7,0.4,20,30,5,0.2,0.7,0.4289,0.16,3
7,0.4,20,30,3,0.1,0.6,0.4289,0.16,3
7,0.4,20,30,5,0.1,0.6,0.4289,0.16,3
7,0.4,20,30,5,0.1,0.7,0.4289,0.16,3
11,0.4,20,30,5,0.1,0.5,0.4289,0.16,3
7,0.4,20,30,3,0.1,0.7,0.4289,0.16,3
11,0.4,20,30,5,0.1,0.6,0.4289,0.16,3
11,0.4,20,30,5,0.1,0.7,0.4289,0.16,3
11,0.4,20,30,5,0.0,0.6,0.4289,0.16,3
11,0.4,20,30,5,0.2,0.5,0.4289,0.16,3
7,0.4,20,30,5,0.1,0.5,0.4289,0.16,3
7,0.4,20,30,5,0.2,0.6,0.4289,0.16,3
11,0.4,20,30,5,0.0,0.7,0.4289,0.16,3
7,0.4,20,30,5,0.2,0.3,0.4289,0.16,3
7,0.4,20,30,5,0.0,0.3,0.4289,0.16,3
11,0.4,20,30,5,0.2,0.6,0.4289,0.16,3
11,0.4,20,30,5,0.2,0.7,0.4289,0.16,3
11,0.4,60,30,3,0.0,0.6,0.4289,0.16,3
11,0.4,60,30,3,0.1,0.6,0.4289,0.16,3
11,0.4,60,30,3,0.2,0.6,0.4289,0.16,3
7,0.4,20,30,5,0.2,0.4,0.4289,0.16,3
7,0.4,20,30,5,0.2,0.5,0.4289,0.16,3
11,0.4,60,30,2,0.1,0.6,0.4289,0.16,3
11,0.4,60,30,2,0.2,0.6,0.4289,0.16,3
11,0.4,20,30,3,0.2,0.5,0.4289,0.16,3
5,0.5,20,30,3,0.0,0.6,0.4289,0.16,3
5,0.5,20,30,3,0.0,0.4,0.4289,0.16,3
5,0.5,20,30,3,0.0,0.5,0.4289,0.16,3
11,0.4,30,30,2,0.0,0.7,0.4289,0.16,3
11,0.4,30,30,5,0.0,0.7,0.4289,0.16,3
11,0.4,30,30,3,0.0,0.7,0.4289,0.16,3
11,0.4,30,30,3,0.0,0.6,0.4289,0.16,3
7,0.4,20,30,5,0.1,0.4,0.4289,0.16,3
7,0.4,20,30,5,0.1,0.3,0.4289,0.16,3
7,0.4,20,30,5,0.0,0.7,0.4289,0.16,3
7,0.4,20,30,5,0.0,0.6,0.4289,0.16,3
7,0.4,20,30,5,0.0,0.5,0.4289,0.16,3
7,0.4,20,30,5,0.0,0.4,0.4289,0.16,3
7,0.4,20,30,3,0.2,0.7,0.4289,0.16,3
7,0.4,20,30,3,0.2,0.6,0.4289,0.16,3
7,0.4,20,30,3,0.2,0.5,0.4289,0.16,3
7,0.4,20,30,3,0.2,0.4,0.4289,0.16,3
7,0.4,20,30,3,0.2,0.3,0.4289,0.16,3
5,0.5,20,30,5,0.1,0.5,0.4289,0.16,3
7,0.5,60,30,2,0.0,0.6,0.4289,0.16,3
7,0.5,60,30,2,0.0,0.7,0.4289,0.16,3
7,0.5,60,30,2,0.1,0.6,0.4289,0.16,3
7,0.5,60,30,3,0.2,0.7,0.4289,0.16,3
7,0.5,60,30,3,0.0,0.6,0.4289,0.16,3
7,0.5,60,30,3,0.0,0.7,0.4289,0.16,3
7,0.5,60,30,3,0.1,0.6,0.4289,0.16,3
7,0.5,60,30,3,0.1,0.7,0.4289,0.16,3
7,0.5,60,30,3,0.2,0.6,0.4289,0.16,3
11,0.4,30,30,2,0.1,0.6,0.4289,0.16,3
11,0.4,30,30,2,0.2,0.6,0.4289,0.16,3
11,0.4,30,30,2,0.1,0.7,0.4289,0.16,3
7,0.5,60,30,5,0.2,0.6,0.4289,0.16,3
7,0.5,60,30,5,0.2,0.7,0.4289,0.16,3
5,0.5,20,30,5,0.1,0.4,0.4289,0.16,3
11,0.4,30,30,2,0.2,0.7,0.4289,0.16,3
7,0.5,60,30,2,0.2,0.6,0.4289,0.16,3
7,0.4,20,30,2,0.2,0.5,0.4289,0.16,3
7,0.4,20,30,2,0.2,0.4,0.4289,0.16,3
7,0.4,20,30,2,0.2,0.3,0.4289,0.16,3
11,0.4,20,30,3,0.1,0.5,0.4289,0.16,3
11,0.4,20,30,3,0.0,0.7,0.4289,0.16,3
7,0.5,60,30,5,0.0,0.6,0.4289,0.16,3
7,0.5,60,30,2,0.1,0.7,0.4289,0.16,3
7,0.5,60,30,2,0.2,0.7,0.4289,0.16,3
11,0.4,30,30,2,0.0,0.6,0.4289,0.16,3
7,0.4,20,30,2,0.1,0.6,0.4289,0.16,3
7,0.4,20,30,2,0.1,0.7,0.4289,0.16,3
5,0.5,20,30,2,0.0,0.7,0.4289,0.16,3
11,0.4,30,30,3,0.1,0.6,0.4289,0.16,3
11,0.4,30,30,3,0.1,0.7,0.4289,0.16,3
11,0.4,30,30,5,0.0,0.6,0.4289,0.16,3
11,0.4,30,30,3,0.2,0.6,0.4289,0.16,3
11,0.4,30,30,3,0.2,0.7,0.4289,0.16,3
11,0.4,20,30,2,0.0,0.5,0.4289,0.16,3
5,0.5,20,30,2,0.1,0.3,0.4289,0.16,3
5,0.5,20,30,2,0.1,0.4,0.4289,0.16,3
5,0.5,20,30,2,0.1,0.5,0.4289,0.16,3
5,0.5,20,30,2,0.1,0.6,0.4289,0.16,3
5,0.5,20,30,2,0.1,0.7,0.4289,0.16,3
5,0.5,20,30,2,0.2,0.3,0.4289,0.16,3
5,0.5,20,30,5,0.1,0.6,0.4289,0.16,3
11,0.4,20,30,3,0.1,0.7,0.4289,0.16,3
11,0.4,20,30,3,0.1,0.6,0.4289,0.16,3
7,0.5,60,30,5,0.0,0.7,0.4289,0.16,3
7,0.5,60,30,5,0.1,0.6,0.4289,0.16,3
7,0.5,60,30,5,0.1,0.7,0.4289,0.16,3
7,0.4,20,30,2,0.1,0.5,0.4289,0.16,3
5,0.5,20,30,3,0.1,0.6,0.4289,0.16,3
7,0.4,20,30,2,0.0,0.4,0.4289,0.16,3
5,0.5,20,30,3,0.0,0.3,0.4289,0.16,3
5,0.5,20,30,2,0.2,0.7,0.4289,0.16,3
5,0.5,20,30,2,0.2,0.6,0.4289,0.16,3
5,0.5,20,30,2,0.2,0.5,0.4289,0.16,3
5,0.5,20,30,2,0.2,0.4,0.4289,0.16,3
11,0.4,30,30,5,0.1,0.6,0.4289,0.16,3
7,0.4,20,30,3,0.0,0.4,0.4289,0.16,3
7,0.4,20,30,3,0.0,0.5,0.4289,0.16,3
11,0.4,30,30,5,0.1,0.7,0.4289,0.16,3
11,0.4,30,30,5,0.2,0.6,0.4289,0.16,3
11,0.4,30,30,5,0.2,0.7,0.4289,0.16,3
7,0.4,20,30,2,0.2,0.6,0.4289,0.16,3
7,0.4,20,30,2,0.2,0.7,0.4289,0.16,3
7,0.4,20,30,3,0.0,0.3,0.4289,0.16,3
11,0.4,20,30,2,0.2,0.5,0.4289,0.16,3
11,0.4,20,30,2,0.1,0.7,0.4289,0.16,3
11,0.4,20,30,2,0.1,0.6,0.4289,0.16,3
11,0.4,20,30,2,0.1,0.5,0.4289,0.16,3
11,0.4,20,30,2,0.0,0.7,0.4289,0.16,3
11,0.4,20,30,2,0.0,0.6,0.4289,0.16,3
11,0.4,20,30,2,0.2,0.6,0.4289,0.16,3
11,0.4,20,30,2,0.2,0.7,0.4289,0.16,3
11,0.4,60,30,5,0.2,0.6,0.4289,0.16,3
11,0.4,60,30,5,0.1,0.6,0.4289,0.16,3
11,0.4,60,30,5,0.0,0.6,0.4289,0.16,3
7,0.4,20,30,2,0.0,0.3,0.4289,0.16,3
11,0.4,20,30,3,0.0,0.6,0.4289,0.16,3
11,0.4,20,30,3,0.0,0.5,0.4289,0.16,3
7,0.4,60,30,5,0.1,0.6,0.4289,0.16,3
7,0.4,60,30,5,0.2,0.6,0.4289,0.16,3
7,0.4,60,30,3,0.0,0.6,0.4289,0.16,3
7,0.4,60,30,3,0.1,0.6,0.4289,0.16,3
7,0.4,45,30,2,0.0,0.7,0.4289,0.16,3
7,0.4,20,30,3,0.0,0.6,0.4289,0.16,3
7,0.4,20,30,3,0.0,0.7,0.4289,0.16,3
7,0.4,20,30,3,0.1,0.3,0.4289,0.16,3
7,0.4,20,30,3,0.1,0.4,0.4289,0.16,3
7,0.4,20,30,3,0.1,0.5,0.4289,0.16,3
7,0.4,20,30,2,0.0,0.5,0.4289,0.16,3
7,0.4,20,30,2,0.0,0.6,0.4289,0.16,3
7,0.4,20,30,2,0.0,0.7,0.4289,0.16,3
7,0.4,20,30,2,0.1,0.3,0.4289,0.16,3
7,0.4,20,30,2,0.1,0.4,0.4289,0.16,3
7,0.4,60,30,2,0.2,0.6,0.4289,0.16,3
7,0.4,45,30,5,0.2,0.7,0.4289,0.16,3
5,0.5,20,30,3,0.1,0.7,0.4289,0.16,3
5,0.5,20,30,3,0.2,0.3,0.4289,0.16,3
5,0.5,20,30,3,0.2,0.4,0.4289,0.16,3
5,0.5,20,30,3,0.2,0.5,0.4289,0.16,3
5,0.5,20,30,3,0.2,0.6,0.4289,0.16,3
5,0.5,20,30,3,0.2,0.7,0.4289,0.16,3
5,0.5,20,30,5,0.0,0.3,0.4289,0.16,3
5,0.5,20,30,5,0.0,0.4,0.4289,0.16,3
5,0.5,20,30,2,0.0,0.3,0.4289,0.16,3
7,0.4,45,30,5,0.0,0.7,0.4289,0.16,3
7,0.4,45,30,5,0.1,0.7,0.4289,0.16,3
7,0.4,45,30,2,0.1,0.7,0.4289,0.16,3
5,0.5,20,30,5,0.2,0.7,0.4289,0.16,3
5,0.5,20,30,5,0.2,0.6,0.4289,0.16,3
5,0.5,20,30,5,0.2,0.5,0.4289,0.16,3
5,0.5,20,30,5,0.2,0.4,0.4289,0.16,3
5,0.5,20,30,5,0.2,0.3,0.4289,0.16,3
15,0.6,30,10,2,0.0,0.7,0.4286,0.202,3
15,0.6,90,10,5,0.2,0.7,0.4286,0.202,3
15,0.6,90,10,3,0.0,0.7,0.4286,0.202,3
15,0.6,90,10,2,0.2,0.7,0.4286,0.202,3
15,0.6,90,10,2,0.1,0.7,0.4286,0.202,3
15,0.6,90,10,2,0.0,0.7,0.4286,0.202,3
15,0.6,60,10,5,0.2,0.7,0.4286,0.202,3
15,0.6,60,10,5,0.1,0.7,0.4286,0.202,3
15,0.6,60,10,3,0.0,0.7,0.4286,0.202,3
15,0.6,60,10,2,0.2,0.7,0.4286,0.202,3
15,0.6,90,10,3,0.2,0.7,0.4286,0.202,3
15,0.6,90,10,5,0.0,0.7,0.4286,0.202,3
15,0.6,90,10,5,0.1,0.7,0.4286,0.202,3
15,0.6,20,10,5,0.2,0.7,0.4286,0.202,3
15,0.6,30,10,2,0.2,0.7,0.4286,0.202,3
15,0.6,30,10,2,0.1,0.7,0.4286,0.202,3
15,0.6,45,10,3,0.2,0.7,0.4286,0.202,3
15,0.6,45,10,5,0.2,0.7,0.4286,0.202,3
15,0.6,45,10,5,0.1,0.7,0.4286,0.202,3
15,0.6,45,10,5,0.0,0.7,0.4286,0.202,3
5,0.6,90,30,5,0.2,0.7,0.4286,0.1695,3
5,0.6,90,30,5,0.2,0.6,0.4286,0.1695,3
5,0.6,90,30,5,0.2,0.5,0.4286,0.1695,3
5,0.6,90,30,5,0.2,0.4,0.4286,0.1695,3
5,0.6,90,30,5,0.2,0.3,0.4286,0.1695,3
5,0.6,90,30,3,0.2,0.7,0.4286,0.1695,3
15,0.6,45,10,2,0.1,0.7,0.4286,0.202,3
15,0.6,45,10,2,0.0,0.7,0.4286,0.202,3
15,0.6,30,10,3,0.0,0.7,0.4286,0.202,3
15,0.6,45,10,3,0.1,0.7,0.4286,0.202,3
15,0.6,45,10,3,0.0,0.7,0.4286,0.202,3
15,0.6,45,10,2,0.2,0.7,0.4286,0.202,3
5,0.6,90,30,2,0.2,0.7,0.4286,0.1695,3
5,0.6,90,30,2,0.2,0.6,0.4286,0.1695,3
5,0.6,90,30,3,0.2,0.6,0.4286,0.1695,3
5,0.6,90,30,3,0.2,0.5,0.4286,0.1695,3
5,0.6,90,30,3,0.2,0.4,0.4286,0.1695,3
5,0.6,90,30,3,0.2,0.3,0.4286,0.1695,3
5,0.6,90,30,2,0.2,0.5,0.4286,0.1695,3
5,0.6,90,30,2,0.2,0.4,0.4286,0.1695,3
5,0.6,90,30,2,0.2,0.3,0.4286,0.1695,3
15,0.6,30,10,5,0.0,0.7,0.4286,0.202,3
15,0.6,30,10,3,0.2,0.7,0.4286,0.202,3
15,0.6,30,10,5,0.2,0.7,0.4286,0.202,3
15,0.6,30,10,5,0.1,0.7,0.4286,0.202,3
15,0.6,20,10,2,0.1,0.7,0.4286,0.202,3
15,0.6,20,10,2,0.0,0.7,0.4286,0.202,3
15,0.6,20,10,5,0.1,0.7,0.4286,0.202,3
15,0.6,20,10,5,0.0,0.7,0.4286,0.202,3
15,0.6,20,10,3,0.2,0.7,0.4286,0.202,3
15,0.6,20,10,3,0.0,0.7,0.4286,0.202,3
15,0.6,20,10,2,0.2,0.7,0.4286,0.202,3
15,0.6,60,10,5,0.0,0.7,0.4286,0.202,3
15,0.6,20,10,3,0.1,0.7,0.4286,0.202,3
15,0.6,30,10,3,0.1,0.7,0.4286,0.202,3
15,0.6,60,10,3,0.1,0.7,0.4286,0.202,3
15,0.6,60,10,2,0.0,0.7,0.4286,0.202,3
15,0.6,90,10,3,0.1,0.7,0.4286,0.202,3
15,0.6,60,10,2,0.1,0.7,0.4286,0.202,3
15,0.6,60,10,3,0.2,0.7,0.4286,0.202,3
5,0.3,20,30,3,0.2,0.3,0.4261,0.1422,3
5,0.3,20,30,3,0.2,0.4,0.4261,0.1422,3
5,0.3,20,30,5,0.0,0.4,0.4261,0.1422,3
5,0.3,20,30,5,0.2,0.4,0.4261,0.1422,3
5,0.3,20,30,5,0.2,0.3,0.4261,0.1422,3
5,0.3,20,30,3,0.0,0.4,0.4261,0.1422,3
5,0.3,20,30,3,0.1,0.3,0.4261,0.1422,3
5,0.3,20,30,3,0.1,0.4,0.4261,0.1422,3
5,0.3,20,30,2,0.2,0.4,0.4261,0.1422,3
5,0.3,20,30,5,0.0,0.3,0.4261,0.1422,3
5,0.3,20,30,5,0.1,0.3,0.4261,0.1422,3
5,0.3,20,30,5,0.1,0.4,0.4261,0.1422,3
5,0.3,20,30,2,0.1,0.4,0.4261,0.1422,3
5,0.3,20,30,2,0.2,0.3,0.4261,0.1422,3
5,0.3,20,30,2,0.0,0.3,0.4261,0.1422,3
5,0.3,20,30,2,0.0,0.4,0.4261,0.1422,3
5,0.3,20,30,2,0.1,0.3,0.4261,0.1422,3
5,0.3,20,30,3,0.0,0.3,0.4261,0.1422,3
5,0.4,30,30,5,0.2,0.3,0.4254,0.1483,3
5,0.4,30,30,2,0.1,0.3,0.4254,0.1483,3
5,0.4,30,30,3,0.0,0.3,0.4254,0.1483,3
5,0.4,30,30,3,0.1,0.3,0.4254,0.1483,3
5,0.4,30,30,3,0.1,0.4,0.4254,0.1483,3
5,0.4,30,30,3,0.1,0.5,0.4254,0.1483,3
5,0.4,30,30,3,0.1,0.6,0.4254,0.1483,3
5,0.4,30,30,3,0.2,0.3,0.4254,0.1483,3
5,0.4,30,30,3,0.2,0.4,0.4254,0.1483,3
5,0.4,30,30,5,0.2,0.4,0.4254,0.1483,3
5,0.4,30,30,5,0.2,0.5,0.4254,0.1483,3
5,0.4,30,30,5,0.2,0.6,0.4254,0.1483,3
5,0.4,30,30,2,0.2,0.5,0.4254,0.1483,3
5,0.4,30,30,2,0.2,0.6,0.4254,0.1483,3
5,0.4,30,30,3,0.2,0.5,0.4254,0.1483,3
5,0.4,30,30,2,0.0,0.3,0.4254,0.1483,3
5,0.4,30,30,2,0.0,0.4,0.4254,0.1483,3
5,0.4,30,30,3,0.2,0.6,0.4254,0.1483,3
5,0.4,30,30,2,0.0,0.6,0.4254,0.1483,3
5,0.4,30,30,2,0.0,0.5,0.4254,0.1483,3
5,0.4,30,30,2,0.1,0.4,0.4254,0.1483,3
5,0.4,30,30,2,0.1,0.5,0.4254,0.1483,3
5,0.4,30,30,2,0.1,0.6,0.4254,0.1483,3
5,0.4,30,30,2,0.2,0.3,0.4254,0.1483,3
5,0.4,30,30,3,0.0,0.4,0.4254,0.1483,3
5,0.4,30,30,3,0.0,0.5,0.4254,0.1483,3
5,0.4,30,30,3,0.0,0.6,0.4254,0.1483,3
5,0.4,30,30,2,0.2,0.4,0.4254,0.1483,3
5,0.4,30,30,5,0.0,0.3,0.4254,0.1483,3
5,0.4,30,30,5,0.0,0.4,0.4254,0.1483,3
5,0.4,30,30,5,0.0,0.5,0.4254,0.1483,3
5,0.4,30,30,5,0.0,0.6,0.4254,0.1483,3
5,0.4,30,30,5,0.1,0.3,0.4254,0.1483,3
5,0.4,30,30,5,0.1,0.4,0.4254,0.1483,3
5,0.4,30,30,5,0.1,0.5,0.4254,0.1483,3
5,0.4,30,30,5,0.1,0.6,0.4254,0.1483,3
5,0.3,45,30,5,0.1,0.4,0.4244,0.1396,3
5,0.3,45,30,5,0.2,0.3,0.4244,0.1396,3
5,0.3,45,30,3,0.2,0.3,0.4244,0.1396,3
5,0.3,45,30,3,0.2,0.4,0.4244,0.1396,3
5,0.3,45,30,5,0.0,0.3,0.4244,0.1396,3
5,0.3,45,30,5,0.0,0.4,0.4244,0.1396,3
5,0.3,45,30,3,0.1,0.3,0.4244,0.1396,3
5,0.3,45,30,3,0.1,0.4,0.4244,0.1396,3
5,0.3,45,30,2,0.0,0.3,0.4244,0.1396,3
5,0.3,45,30,2,0.0,0.4,0.4244,0.1396,3
5,0.3,45,30,2,0.1,0.3,0.4244,0.1396,3
5,0.3,45,30,2,0.1,0.4,0.4244,0.1396,3
5,0.3,45,30,2,0.2,0.3,0.4244,0.1396,3
5,0.3,45,30,2,0.2,0.4,0.4244,0.1396,3
5,0.3,45,30,3,0.0,0.3,0.4244,0.1396,3
5,0.3,45,30,3,0.0,0.4,0.4244,0.1396,3
5,0.3,45,30,5,0.2,0.4,0.4244,0.1396,3
5,0.3,45,30,5,0.1,0.3,0.4244,0.1396,3
5,0.5,45,30,3,0.1,0.4,0.4233,0.1634,3
11,0.4,90,30,2,0.0,0.4,0.4233,0.1634,3
11,0.4,90,30,2,0.1,0.3,0.4233,0.1634,3
11,0.4,90,30,2,0.1,0.4,0.4233,0.1634,3
5,0.4,45,30,2,0.1,0.7,0.4233,0.1634,3
5,0.4,45,30,2,0.2,0.7,0.4233,0.1634,3
5,0.4,45,30,5,0.0,0.7,0.4233,0.1634,3
5,0.5,45,30,5,0.0,0.5,0.4233,0.1634,3
5,0.5,45,30,5,0.0,0.6,0.4233,0.1634,3
5,0.5,45,30,2,0.0,0.5,0.4233,0.1634,3
5,0.5,45,30,2,0.0,0.6,0.4233,0.1634,3
5,0.5,45,30,2,0.1,0.5,0.4233,0.1634,3
5,0.5,45,30,2,0.1,0.6,0.4233,0.1634,3
11,0.4,90,30,3,0.0,0.3,0.4233,0.1634,3
11,0.4,90,30,3,0.0,0.4,0.4233,0.1634,3
11,0.4,90,30,3,0.1,0.3,0.4233,0.1634,3
11,0.4,90,30,3,0.1,0.4,0.4233,0.1634,3
5,0.4,45,30,3,0.0,0.7,0.4233,0.1634,3
5,0.4,45,30,2,0.0,0.7,0.4233,0.1634,3
5,0.5,45,30,3,0.0,0.3,0.4233,0.1634,3
5,0.5,45,30,3,0.0,0.4,0.4233,0.1634,3
5,0.5,45,30,3,0.0,0.5,0.4233,0.1634,3
5,0.5,45,30,2,0.0,0.3,0.4233,0.1634,3
5,0.5,45,30,2,0.0,0.4,0.4233,0.1634,3
5,0.5,45,30,5,0.0,0.3,0.4233,0.1634,3
5,0.5,45,30,5,0.0,0.4,0.4233,0.1634,3
11,0.4,90,30,2,0.0,0.3,0.4233,0.1634,3
11,0.4,60,30,3,0.1,0.5,0.4233,0.1634,3
11,0.4,60,30,3,0.2,0.3,0.4233,0.1634,3
11,0.4,60,30,3,0.2,0.4,0.4233,0.1634,3
11,0.4,60,30,3,0.2,0.5,0.4233,0.1634,3
11,0.4,60,30,5,0.0,0.5,0.4233,0.1634,3
5,0.5,30,30,5,0.2,0.7,0.4233,0.1634,3
5,0.5,30,30,3,0.2,0.7,0.4233,0.1634,3
5,0.5,45,30,2,0.1,0.3,0.4233,0.1634,3
5,0.5,45,30,2,0.1,0.4,0.4233,0.1634,3
5,0.5,30,30,5,0.0,0.7,0.4233,0.1634,3
5,0.5,30,30,5,0.1,0.7,0.4233,0.1634,3
5,0.5,30,30,2,0.1,0.7,0.4233,0.1634,3
11,0.4,60,30,3,0.0,0.5,0.4233,0.1634,3
5,0.5,60,30,5,0.1,0.3,0.4233,0.1634,3
5,0.5,60,30,5,0.1,0.4,0.4233,0.1634,3
5,0.5,60,30,5,0.1,0.5,0.4233,0.1634,3
5,0.5,60,30,5,0.1,0.6,0.4233,0.1634,3
5,0.5,60,30,5,0.1,0.7,0.4233,0.1634,3
5,0.5,45,30,3,0.1,0.5,0.4233,0.1634,3
5,0.5,45,30,3,0.1,0.6,0.4233,0.1634,3
5,0.5,60,30,2,0.0,0.5,0.4233,0.1634,3
5,0.5,60,30,2,0.0,0.6,0.4233,0.1634,3
5,0.5,60,30,2,0.0,0.7,0.4233,0.1634,3
5,0.5,60,30,2,0.1,0.3,0.4233,0.1634,3
5,0.5,60,30,2,0.1,0.4,0.4233,0.1634,3
5,0.5,60,30,2,0.1,0.5,0.4233,0.1634,3
5,0.5,60,30,2,0.1,0.6,0.4233,0.1634,3
5,0.5,60,30,2,0.1,0.7,0.4233,0.1634,3
5,0.5,60,30,2,0.2,0.3,0.4233,0.1634,3
11,0.4,90,30,5,0.0,0.3,0.4233,0.1634,3
5,0.5,30,30,3,0.1,0.7,0.4233,0.1634,3
5,0.5,30,30,2,0.0,0.7,0.4233,0.1634,3
5,0.5,30,30,2,0.2,0.7,0.4233,0.1634,3
5,0.5,30,30,3,0.0,0.7,0.4233,0.1634,3
11,0.4,90,30,5,0.0,0.4,0.4233,0.1634,3
11,0.4,90,30,5,0.1,0.3,0.4233,0.1634,3
11,0.4,90,30,5,0.1,0.4,0.4233,0.1634,3
11,0.4,60,30,2,0.0,0.5,0.4233,0.1634,3
11,0.4,60,30,2,0.1,0.5,0.4233,0.1634,3
11,0.4,60,30,2,0.2,0.3,0.4233,0.1634,3
11,0.4,60,30,2,0.2,0.4,0.4233,0.1634,3
11,0.4,60,30,2,0.2,0.5,0.4233,0.1634,3
5,0.4,20,30,3,0.2,0.7,0.4233,0.1634,3
5,0.4,20,30,5,0.0,0.7,0.4233,0.1634,3
5,0.4,20,30,5,0.1,0.7,0.4233,0.1634,3
5,0.4,20,30,5,0.2,0.7,0.4233,0.1634,3
11,0.4,60,30,5,0.1,0.5,0.4233,0.1634,3
11,0.4,60,30,5,0.2,0.3,0.4233,0.1634,3
11,0.4,60,30,5,0.2,0.4,0.4233,0.1634,3
11,0.4,60,30,5,0.2,0.5,0.4233,0.1634,3
5,0.5,60,30,3,0.0,0.6,0.4233,0.1634,3
5,0.5,60,30,3,0.0,0.7,0.4233,0.1634,3
5,0.5,60,30,3,0.1,0.3,0.4233,0.1634,3
5,0.5,60,30,3,0.1,0.4,0.4233,0.1634,3
5,0.5,60,30,3,0.1,0.5,0.4233,0.1634,3
5,0.5,60,30,3,0.1,0.6,0.4233,0.1634,3
5,0.5,60,30,3,0.1,0.7,0.4233,0.1634,3
5,0.5,60,30,3,0.2,0.3,0.4233,0.1634,3
5,0.5,60,30,3,0.2,0.4,0.4233,0.1634,3
5,0.5,60,30,2,0.0,0.3,0.4233,0.1634,3
5,0.5,60,30,2,0.0,0.4,0.4233,0.1634,3
5,0.4,20,30,3,0.0,0.7,0.4233,0.1634,3
5,0.4,20,30,3,0.1,0.7,0.4233,0.1634,3
7,0.4,60,30,5,0.0,0.5,0.4233,0.1634,3
7,0.4,60,30,2,0.0,0.5,0.4233,0.1634,3
7,0.4,60,30,2,0.1,0.3,0.4233,0.1634,3
7,0.4,60,30,2,0.1,0.4,0.4233,0.1634,3
7,0.4,60,30,2,0.1,0.5,0.4233,0.1634,3
7,0.4,60,30,2,0.2,0.3,0.4233,0.1634,3
7,0.4,60,30,2,0.2,0.4,0.4233,0.1634,3
7,0.4,60,30,2,0.2,0.5,0.4233,0.1634,3
7,0.4,60,30,3,0.0,0.3,0.4233,0.1634,3
7,0.4,60,30,3,0.0,0.4,0.4233,0.1634,3
7,0.4,60,30,3,0.0,0.5,0.4233,0.1634,3
7,0.4,60,30,2,0.0,0.3,0.4233,0.1634,3
7,0.4,60,30,2,0.0,0.4,0.4233,0.1634,3
5,0.4,20,30,2,0.0,0.7,0.4233,0.1634,3
5,0.4,20,30,2,0.1,0.7,0.4233,0.1634,3
5,0.4,20,30,2,0.2,0.7,0.4233,0.1634,3
5,0.3,30,30,2,0.2,0.7,0.4233,0.1634,3
5,0.5,60,30,5,0.0,0.7,0.4233,0.1634,3
7,0.4,60,30,5,0.1,0.3,0.4233,0.1634,3
7,0.4,60,30,5,0.1,0.4,0.4233,0.1634,3
7,0.4,60,30,5,0.1,0.5,0.4233,0.1634,3
7,0.4,60,30,5,0.2,0.3,0.4233,0.1634,3
7,0.4,60,30,5,0.2,0.4,0.4233,0.1634,3
7,0.4,60,30,5,0.2,0.5,0.4233,0.1634,3
7,0.4,60,30,3,0.1,0.3,0.4233,0.1634,3
7,0.4,60,30,3,0.1,0.4,0.4233,0.1634,3
7,0.4,60,30,3,0.1,0.5,0.4233,0.1634,3
7,0.4,60,30,3,0.2,0.3,0.4233,0.1634,3
7,0.4,60,30,3,0.2,0.4,0.4233,0.1634,3
7,0.4,60,30,3,0.2,0.5,0.4233,0.1634,3
7,0.4,60,30,5,0.0,0.3,0.4233,0.1634,3
7,0.4,60,30,5,0.0,0.4,0.4233,0.1634,3
11,0.4,45,30,3,0.2,0.5,0.4233,0.1634,3
7,0.5,45,30,5,0.1,0.3,0.4233,0.1634,3
7,0.5,45,30,5,0.1,0.4,0.4233,0.1634,3
7,0.5,45,30,5,0.1,0.5,0.4233,0.1634,3
7,0.5,45,30,2,0.1,0.4,0.4233,0.1634,3
7,0.5,45,30,2,0.1,0.5,0.4233,0.1634,3
7,0.5,45,30,3,0.0,0.5,0.4233,0.1634,3
7,0.5,45,30,3,0.1,0.3,0.4233,0.1634,3
7,0.5,45,30,3,0.1,0.4,0.4233,0.1634,3
7,0.5,45,30,2,0.0,0.3,0.4233,0.1634,3
5,0.3,30,30,2,0.1,0.7,0.4233,0.1634,3
7,0.5,45,30,2,0.0,0.5,0.4233,0.1634,3
7,0.5,45,30,2,0.1,0.3,0.4233,0.1634,3
7,0.5,45,30,3,0.1,0.5,0.4233,0.1634,3
7,0.5,45,30,5,0.0,0.3,0.4233,0.1634,3
7,0.5,45,30,5,0.0,0.4,0.4233,0.1634,3
7,0.5,45,30,5,0.0,0.5,0.4233,0.1634,3
7,0.5,60,30,2,0.2,0.3,0.4233,0.1634,3
7,0.5,45,30,3,0.0,0.3,0.4233,0.1634,3
7,0.5,45,30,3,0.0,0.4,0.4233,0.1634,3
5,0.3,30,30,5,0.2,0.7,0.4233,0.1634,3
5,0.3,30,30,3,0.0,0.7,0.4233,0.1634,3
5,0.3,30,30,3,0.1,0.7,0.4233,0.1634,3
5,0.3,30,30,5,0.0,0.7,0.4233,0.1634,3
11,0.4,45,30,3,0.0,0.5,0.4233,0.1634,3
11,0.4,45,30,3,0.1,0.5,0.4233,0.1634,3
11,0.4,45,30,3,0.2,0.3,0.4233,0.1634,3
11,0.4,45,30,3,0.2,0.4,0.4233,0.1634,3
7,0.5,60,30,3,0.2,0.4,0.4233,0.1634,3
7,0.5,60,30,3,0.2,0.5,0.4233,0.1634,3
5,0.3,30,30,5,0.1,0.7,0.4233,0.1634,3
7,0.5,60,30,5,0.2,0.3,0.4233,0.1634,3
7,0.5,60,30,5,0.2,0.4,0.4233,0.1634,3
7,0.5,60,30,5,0.2,0.5,0.4233,0.1634,3
7,0.5,60,30,3,0.2,0.3,0.4233,0.1634,3
5,0.5,60,30,5,0.0,0.3,0.4233,0.1634,3
5,0.5,60,30,5,0.0,0.4,0.4233,0.1634,3
5,0.5,60,30,5,0.0,0.5,0.4233,0.1634,3
5,0.5,60,30,5,0.0,0.6,0.4233,0.1634,3
5,0.5,60,30,5,0.2,0.7,0.4233,0.1634,3
7,0.5,60,30,2,0.2,0.4,0.4233,0.1634,3
7,0.5,60,30,2,0.2,0.5,0.4233,0.1634,3
5,0.5,60,30,3,0.2,0.5,0.4233,0.1634,3
5,0.5,60,30,3,0.2,0.6,0.4233,0.1634,3
7,0.5,45,30,2,0.0,0.4,0.4233,0.1634,3
5,0.5,60,30,3,0.2,0.7,0.4233,0.1634,3
11,0.4,45,30,2,0.1,0.5,0.4233,0.1634,3
11,0.4,45,30,2,0.0,0.5,0.4233,0.1634,3
11,0.4,45,30,2,0.2,0.3,0.4233,0.1634,3
11,0.4,45,30,2,0.2,0.4,0.4233,0.1634,3
11,0.4,45,30,2,0.2,0.5,0.4233,0.1634,3
5,0.5,45,30,5,0.1,0.3,0.4233,0.1634,3
5,0.5,45,30,5,0.1,0.4,0.4233,0.1634,3
5,0.5,45,30,5,0.1,0.5,0.4233,0.1634,3
5,0.5,60,30,3,0.0,0.4,0.4233,0.1634,3
5,0.5,60,30,3,0.0,0.5,0.4233,0.1634,3
5,0.5,45,30,5,0.1,0.6,0.4233,0.1634,3
5,0.4,45,30,3,0.1,0.7,0.4233,0.1634,3
5,0.4,45,30,3,0.2,0.7,0.4233,0.1634,3
5,0.4,45,30,5,0.1,0.7,0.4233,0.1634,3
5,0.4,45,30,5,0.2,0.7,0.4233,0.1634,3
5,0.5,45,30,3,0.0,0.6,0.4233,0.1634,3
5,0.5,60,30,5,0.2,0.6,0.4233,0.1634,3
5,0.5,60,30,3,0.0,0.3,0.4233,0.1634,3
5,0.3,30,30,3,0.2,0.7,0.4233,0.1634,3
5,0.3,30,30,2,0.0,0.7,0.4233,0.1634,3
11,0.4,45,30,5,0.1,0.5,0.4233,0.1634,3
11,0.4,45,30,5,0.2,0.3,0.4233,0.1634,3
11,0.4,45,30,5,0.2,0.4,0.4233,0.1634,3
11,0.4,45,30,5,0.2,0.5,0.4233,0.1634,3
5,0.5,45,30,3,0.1,0.3,0.4233,0.1634,3
5,0.5,60,30,5,0.2,0.3,0.4233,0.1634,3
5,0.5,60,30,5,0.2,0.4,0.4233,0.1634,3
5,0.5,60,30,5,0.2,0.5,0.4233,0.1634,3
5,0.5,60,30,2,0.2,0.4,0.4233,0.1634,3
5,0.5,60,30,2,0.2,0.5,0.4233,0.1634,3
5,0.5,60,30,2,0.2,0.6,0.4233,0.1634,3
5,0.5,60,30,2,0.2,0.7,0.4233,0.1634,3
11,0.4,45,30,5,0.0,0.5,0.4233,0.1634,3
5,0.3,20,10,3,0.0,0.3,0.4204,0.0854,3
5,0.3,20,10,2,0.2,0.4,0.4204,0.0854,3
5,0.3,20,10,2,0.2,0.3,0.4204,0.0854,3
5,0.3,20,10,2,0.1,0.4,0.4204,0.0854,3
5,0.3,20,10,2,0.1,0.3,0.4204,0.0854,3
5,0.3,20,10,5,0.1,0.4,0.4204,0.0854,3
5,0.3,20,10,5,0.1,0.3,0.4204,0.0854,3
5,0.3,20,10,5,0.2,0.4,0.4204,0.0854,3
5,0.3,20,10,5,0.2,0.3,0.4204,0.0854,3
5,0.3,20,10,5,0.0,0.3,0.4204,0.0854,3
5,0.3,20,10,3,0.2,0.4,0.4204,0.0854,3
5,0.3,20,10,3,0.2,0.3,0.4204,0.0854,3
5,0.3,20,10,3,0.1,0.4,0.4204,0.0854,3
5,0.3,20,10,3,0.1,0.3,0.4204,0.0854,3
5,0.3,20,10,3,0.0,0.4,0.4204,0.0854,3
5,0.3,20,10,5,0.0,0.4,0.4204,0.0854,3
5,0.3,20,10,2,0.0,0.4,0.4204,0.0854,3
5,0.3,20,10,2,0.0,0.3,0.4204,0.0854,3
7,0.4,30,30,3,0.2,0.7,0.4199,0.1533,3
11,0.4,20,30,3,0.1,0.3,0.4199,0.1533,3
11,0.4,20,30,2,0.2,0.3,0.4199,0.1533,3
11,0.4,20,30,3,0.0,0.3,0.4199,0.1533,3
11,0.4,20,30,3,0.0,0.4,0.4199,0.1533,3
7,0.4,30,30,3,0.1,0.7,0.4199,0.1533,3
7,0.4,45,30,5,0.1,0.6,0.4199,0.1533,3
11,0.4,20,30,5,0.0,0.3,0.4199,0.1533,3
11,0.4,20,30,2,0.2,0.4,0.4199,0.1533,3
11,0.4,20,30,5,0.1,0.4,0.4199,0.1533,3
11,0.4,20,30,5,0.2,0.3,0.4199,0.1533,3
11,0.4,20,30,5,0.2,0.4,0.4199,0.1533,3
11,0.4,20,30,3,0.1,0.4,0.4199,0.1533,3
11,0.4,20,30,5,0.1,0.3,0.4199,0.1533,3
11,0.4,20,30,5,0.0,0.4,0.4199,0.1533,3
11,0.4,20,30,3,0.2,0.4,0.4199,0.1533,3
11,0.4,20,30,3,0.2,0.3,0.4199,0.1533,3
7,0.4,30,30,5,0.1,0.7,0.4199,0.1533,3
7,0.4,30,30,5,0.2,0.7,0.4199,0.1533,3
7,0.4,45,30,2,0.0,0.6,0.4199,0.1533,3
7,0.4,45,30,2,0.1,0.6,0.4199,0.1533,3
7,0.4,45,30,2,0.2,0.6,0.4199,0.1533,3
7,0.4,45,30,5,0.0,0.6,0.4199,0.1533,3
7,0.4,45,30,5,0.2,0.6,0.4199,0.1533,3
7,0.4,45,30,3,0.0,0.6,0.4199,0.1533,3
7,0.4,45,30,3,0.1,0.6,0.4199,0.1533,3
7,0.4,45,30,3,0.2,0.6,0.4199,0.1533,3
11,0.4,20,30,2,0.1,0.3,0.4199,0.1533,3
11,0.4,20,30,2,0.0,0.3,0.4199,0.1533,3
7,0.4,30,30,2,0.0,0.7,0.4199,0.1533,3
7,0.4,30,30,3,0.0,0.7,0.4199,0.1533,3
7,0.4,30,30,2,0.2,0.7,0.4199,0.1533,3
7,0.4,30,30,2,0.1,0.7,0.4199,0.1533,3
7,0.4,30,30,5,0.0,0.7,0.4199,0.1533,3
11,0.4,20,30,2,0.1,0.4,0.4199,0.1533,3
11,0.4,20,30,2,0.0,0.4,0.4199,0.1533,3
5,0.6,20,30,2,0.1,0.7,0.4187,0.1613,3
5,0.6,20,30,2,0.2,0.5,0.4187,0.1613,3
5,0.6,20,30,5,0.1,0.5,0.4187,0.1613,3
5,0.6,20,30,5,0.1,0.4,0.4187,0.1613,3
5,0.6,20,30,2,0.1,0.3,0.4187,0.1613,3
5,0.6,20,30,2,0.0,0.7,0.4187,0.1613,3
5,0.6,20,30,2,0.2,0.7,0.4187,0.1613,3
5,0.6,20,30,2,0.2,0.4,0.4187,0.1613,3
5,0.6,20,30,2,0.2,0.3,0.4187,0.1613,3
5,0.6,20,30,2,0.1,0.6,0.4187,0.1613,3
5,0.6,20,30,2,0.1,0.5,0.4187,0.1613,3
5,0.6,20,30,2,0.1,0.4,0.4187,0.1613,3
5,0.6,20,30,3,0.2,0.6,0.4187,0.1613,3
5,0.6,20,30,5,0.1,0.3,0.4187,0.1613,3
5,0.6,20,30,5,0.0,0.7,0.4187,0.1613,3
5,0.6,20,30,5,0.0,0.6,0.4187,0.1613,3
5,0.6,20,30,5,0.0,0.5,0.4187,0.1613,3
5,0.6,20,30,5,0.0,0.4,0.4187,0.1613,3
5,0.6,20,30,5,0.0,0.3,0.4187,0.1613,3
5,0.6,20,30,3,0.2,0.7,0.4187,0.1613,3
5,0.6,20,30,3,0.1,0.3,0.4187,0.1613,3
5,0.6,20,30,3,0.0,0.7,0.4187,0.1613,3
5,0.6,20,30,3,0.0,0.6,0.4187,0.1613,3
5,0.6,20,30,3,0.0,0.5,0.4187,0.1613,3
5,0.6,20,30,3,0.2,0.5,0.4187,0.1613,3
5,0.6,20,30,3,0.2,0.4,0.4187,0.1613,3
5,0.6,20,30,5,0.2,0.6,0.4187,0.1613,3
5,0.6,20,30,2,0.0,0.5,0.4187,0.1613,3
5,0.6,20,30,2,0.0,0.6,0.4187,0.1613,3
5,0.6,20,30,2,0.2,0.6,0.4187,0.1613,3
5,0.6,20,30,3,0.2,0.3,0.4187,0.1613,3
5,0.6,20,30,5,0.2,0.7,0.4187,0.1613,3
5,0.6,20,30,2,0.0,0.4,0.4187,0.1613,3
5,0.6,20,30,2,0.0,0.3,0.4187,0.1613,3
5,0.6,20,30,3,0.0,0.3,0.4187,0.1613,3
5,0.6,20,30,3,0.0,0.4,0.4187,0.1613,3
5,0.6,20,30,5,0.2,0.5,0.4187,0.1613,3
5,0.6,20,30,3,0.1,0.4,0.4187,0.1613,3
5,0.6,20,30,3,0.1,0.5,0.4187,0.1613,3
5,0.6,20,30,5,0.1,0.6,0.4187,0.1613,3
5,0.6,20,30,3,0.1,0.6,0.4187,0.1613,3
5,0.6,20,30,3,0.1,0.7,0.4187,0.1613,3
5,0.6,20,30,5,0.1,0.7,0.4187,0.1613,3
5,0.6,20,30,5,0.2,0.3,0.4187,0.1613,3
5,0.6,20,30,5,0.2,0.4,0.4187,0.1613,3
15,0.6,20,10,3,0.2,0.6,0.4177,0.1923,3
15,0.6,20,10,5,0.2,0.5,0.4177,0.1923,3
15,0.6,20,10,3,0.0,0.4,0.4177,0.1923,3
15,0.6,20,10,3,0.0,0.3,0.4177,0.1923,3
15,0.6,20,10,5,0.2,0.4,0.4177,0.1923,3
15,0.6,20,10,2,0.1,0.3,0.4177,0.1923,3
15,0.6,20,10,2,0.1,0.4,0.4177,0.1923,3
15,0.6,20,10,2,0.1,0.5,0.4177,0.1923,3
15,0.6,20,10,2,0.1,0.6,0.4177,0.1923,3
15,0.6,20,10,5,0.2,0.3,0.4177,0.1923,3
15,0.6,20,10,5,0.1,0.6,0.4177,0.1923,3
15,0.6,20,10,5,0.1,0.5,0.4177,0.1923,3
15,0.6,20,10,5,0.1,0.4,0.4177,0.1923,3
15,0.6,20,10,5,0.1,0.3,0.4177,0.1923,3
15,0.6,20,10,5,0.0,0.6,0.4177,0.1923,3
15,0.6,20,10,3,0.1,0.3,0.4177,0.1923,3
15,0.6,20,10,3,0.0,0.6,0.4177,0.1923,3
15,0.6,20,10,3,0.0,0.5,0.4177,0.1923,3
15,0.6,20,10,5,0.0,0.3,0.4177,0.1923,3
15,0.6,20,10,5,0.0,0.5,0.4177,0.1923,3
15,0.6,20,10,2,0.0,0.6,0.4177,0.1923,3
15,0.6,20,10,5,0.0,0.4,0.4177,0.1923,3
15,0.6,20,10,2,0.0,0.4,0.4177,0.1923,3
15,0.6,20,10,2,0.0,0.5,0.4177,0.1923,3
15,0.6,20,10,3,0.1,0.4,0.4177,0.1923,3
15,0.6,20,10,3,0.1,0.5,0.4177,0.1923,3
15,0.6,20,10,5,0.2,0.6,0.4177,0.1923,3
15,0.6,20,10,3,0.2,0.5,0.4177,0.1923,3
15,0.6,20,10,2,0.2,0.4,0.4177,0.1923,3
15,0.6,20,10,2,0.2,0.3,0.4177,0.1923,3
15,0.6,20,10,2,0.2,0.5,0.4177,0.1923,3
15,0.6,20,10,2,0.2,0.6,0.4177,0.1923,3
15,0.6,20,10,3,0.2,0.4,0.4177,0.1923,3
15,0.6,20,10,2,0.0,0.3,0.4177,0.1923,3
15,0.6,20,10,3,0.1,0.6,0.4177,0.1923,3
15,0.6,20,10,3,0.2,0.3,0.4177,0.1923,3
15,0.5,60,30,5,0.2,0.5,0.4166,0.1713,3
15,0.5,60,30,5,0.2,0.6,0.4166,0.1713,3
15,0.5,30,30,5,0.0,0.3,0.4166,0.1713,3
15,0.5,30,30,5,0.0,0.4,0.4166,0.1713,3
15,0.5,30,30,5,0.0,0.5,0.4166,0.1713,3
15,0.5,30,30,5,0.0,0.6,0.4166,0.1713,3
15,0.5,60,30,3,0.0,0.6,0.4166,0.1713,3
15,0.5,60,30,3,0.1,0.3,0.4166,0.1713,3
15,0.5,60,30,3,0.1,0.4,0.4166,0.1713,3
15,0.5,60,30,3,0.1,0.5,0.4166,0.1713,3
15,0.5,60,30,3,0.1,0.6,0.4166,0.1713,3
15,0.5,60,30,3,0.2,0.3,0.4166,0.1713,3
15,0.5,30,30,2,0.0,0.6,0.4166,0.1713,3
15,0.5,30,30,3,0.1,0.6,0.4166,0.1713,3
15,0.5,30,30,3,0.2,0.3,0.4166,0.1713,3
15,0.5,30,30,3,0.2,0.4,0.4166,0.1713,3
15,0.5,30,30,3,0.2,0.5,0.4166,0.1713,3
15,0.5,30,30,3,0.2,0.6,0.4166,0.1713,3
15,0.5,45,30,3,0.2,0.4,0.4166,0.1713,3
15,0.5,45,30,5,0.1,0.4,0.4166,0.1713,3
15,0.5,20,30,5,0.1,0.5,0.4166,0.1713,3
15,0.5,20,30,5,0.1,0.6,0.4166,0.1713,3
15,0.5,20,30,5,0.2,0.3,0.4166,0.1713,3
15,0.5,20,30,5,0.2,0.4,0.4166,0.1713,3
15,0.5,20,30,5,0.2,0.5,0.4166,0.1713,3
15,0.5,20,30,5,0.2,0.6,0.4166,0.1713,3
15,0.5,20,30,3,0.0,0.5,0.4166,0.1713,3
15,0.5,20,30,3,0.0,0.6,0.4166,0.1713,3
15,0.5,20,30,3,0.1,0.3,0.4166,0.1713,3
15,0.5,20,30,3,0.1,0.4,0.4166,0.1713,3
15,0.5,20,30,3,0.1,0.5,0.4166,0.1713,3
15,0.5,20,30,3,0.1,0.6,0.4166,0.1713,3
15,0.5,45,30,5,0.2,0.4,0.4166,0.1713,3
15,0.5,45,30,5,0.2,0.5,0.4166,0.1713,3
15,0.5,20,30,5,0.0,0.6,0.4166,0.1713,3
15,0.5,45,30,5,0.2,0.6,0.4166,0.1713,3
15,0.5,45,30,3,0.2,0.3,0.4166,0.1713,3
15,0.5,20,30,2,0.1,0.5,0.4166,0.1713,3
15,0.5,30,30,2,0.1,0.6,0.4166,0.1713,3
15,0.5,30,30,2,0.2,0.3,0.4166,0.1713,3
15,0.5,45,30,5,0.1,0.3,0.4166,0.1713,3
15,0.5,30,30,5,0.1,0.3,0.4166,0.1713,3
15,0.5,30,30,5,0.2,0.6,0.4166,0.1713,3
15,0.5,30,30,5,0.1,0.4,0.4166,0.1713,3
15,0.5,45,30,5,0.0,0.4,0.4166,0.1713,3
15,0.5,45,30,5,0.0,0.5,0.4166,0.1713,3
15,0.5,45,30,5,0.0,0.6,0.4166,0.1713,3
15,0.5,45,30,3,0.2,0.6,0.4166,0.1713,3
15,0.5,45,30,5,0.0,0.3,0.4166,0.1713,3
15,0.5,45,30,3,0.2,0.5,0.4166,0.1713,3
15,0.5,30,30,2,0.2,0.5,0.4166,0.1713,3
15,0.5,30,30,2,0.2,0.4,0.4166,0.1713,3
15,0.5,20,30,3,0.2,0.4,0.4166,0.1713,3
15,0.5,20,30,3,0.2,0.5,0.4166,0.1713,3
15,0.5,20,30,3,0.2,0.3,0.4166,0.1713,3
15,0.5,20,30,2,0.0,0.4,0.4166,0.1713,3
15,0.5,20,30,5,0.0,0.5,0.4166,0.1713,3
15,0.5,20,30,5,0.0,0.4,0.4166,0.1713,3
15,0.5,20,30,5,0.0,0.3,0.4166,0.1713,3
15,0.5,20,30,3,0.2,0.6,0.4166,0.1713,3
15,0.5,20,30,2,0.0,0.6,0.4166,0.1713,3
15,0.5,20,30,2,0.0,0.5,0.4166,0.1713,3
15,0.5,20,30,2,0.1,0.3,0.4166,0.1713,3
15,0.5,20,30,2,0.1,0.4,0.4166,0.1713,3
15,0.5,20,30,5,0.1,0.4,0.4166,0.1713,3
15,0.5,20,30,5,0.1,0.3,0.4166,0.1713,3
15,0.5,90,30,5,0.0,0.4,0.4166,0.1713,3
15,0.5,90,30,5,0.0,0.5,0.4166,0.1713,3
15,0.5,90,30,5,0.0,0.3,0.4166,0.1713,3
15,0.5,90,30,3,0.2,0.6,0.4166,0.1713,3
15,0.5,20,30,3,0.0,0.4,0.4166,0.1713,3
15,0.5,20,30,3,0.0,0.3,0.4166,0.1713,3
15,0.5,20,30,2,0.2,0.6,0.4166,0.1713,3
15,0.5,20,30,2,0.2,0.5,0.4166,0.1713,3
15,0.5,20,30,2,0.2,0.4,0.4166,0.1713,3
15,0.5,20,30,2,0.2,0.3,0.4166,0.1713,3
15,0.5,20,30,2,0.1,0.6,0.4166,0.1713,3
15,0.5,90,30,2,0.2,0.6,0.4166,0.1713,3
15,0.5,90,30,2,0.2,0.5,0.4166,0.1713,3
15,0.5,90,30,5,0.2,0.6,0.4166,0.1713,3
15,0.5,90,30,5,0.2,0.5,0.4166,0.1713,3
15,0.5,90,30,5,0.2,0.4,0.4166,0.1713,3
15,0.5,90,30,5,0.1,0.3,0.4166,0.1713,3
15,0.5,90,30,5,0.0,0.6,0.4166,0.1713,3
15,0.5,90,30,5,0.1,0.5,0.4166,0.1713,3
15,0.5,90,30,5,0.1,0.4,0.4166,0.1713,3
15,0.5,20,30,2,0.0,0.3,0.4166,0.1713,3
15,0.5,90,30,3,0.2,0.5,0.4166,0.1713,3
15,0.5,90,30,3,0.2,0.4,0.4166,0.1713,3
15,0.5,90,30,3,0.2,0.3,0.4166,0.1713,3
15,0.5,90,30,3,0.1,0.6,0.4166,0.1713,3
15,0.5,90,30,3,0.1,0.5,0.4166,0.1713,3
15,0.5,90,30,3,0.1,0.4,0.4166,0.1713,3
15,0.5,90,30,3,0.1,0.3,0.4166,0.1713,3
15,0.5,90,30,3,0.0,0.6,0.4166,0.1713,3
15,0.5,90,30,3,0.0,0.5,0.4166,0.1713,3
15,0.5,90,30,3,0.0,0.4,0.4166,0.1713,3
15,0.5,90,30,3,0.0,0.3,0.4166,0.1713,3
15,0.5,60,30,2,0.0,0.4,0.4166,0.1713,3
15,0.5,60,30,2,0.0,0.3,0.4166,0.1713,3
15,0.5,90,30,2,0.1,0.6,0.4166,0.1713,3
15,0.5,90,30,2,0.1,0.5,0.4166,0.1713,3
15,0.5,90,30,2,0.1,0.4,0.4166,0.1713,3
15,0.5,90,30,2,0.1,0.3,0.4166,0.1713,3
15,0.5,90,30,2,0.0,0.6,0.4166,0.1713,3
15,0.5,90,30,2,0.0,0.5,0.4166,0.1713,3
15,0.5,90,30,2,0.0,0.4,0.4166,0.1713,3
15,0.5,90,30,2,0.0,0.3,0.4166,0.1713,3
15,0.5,60,30,3,0.0,0.5,0.4166,0.1713,3
15,0.5,60,30,3,0.0,0.4,0.4166,0.1713,3
15,0.5,60,30,3,0.0,0.3,0.4166,0.1713,3
15,0.5,45,30,2,0.0,0.3,0.4166,0.1713,3
15,0.5,45,30,3,0.1,0.6,0.4166,0.1713,3
15,0.5,45,30,3,0.1,0.5,0.4166,0.1713,3
15,0.5,90,30,5,0.2,0.3,0.4166,0.1713,3
15,0.5,90,30,5,0.1,0.6,0.4166,0.1713,3
15,0.5,45,30,3,0.1,0.3,0.4166,0.1713,3
15,0.5,45,30,3,0.1,0.4,0.4166,0.1713,3
15,0.5,45,30,3,0.0,0.6,0.4166,0.1713,3
15,0.5,45,30,3,0.0,0.5,0.4166,0.1713,3
15,0.5,45,30,2,0.2,0.6,0.4166,0.1713,3
15,0.5,45,30,2,0.2,0.5,0.4166,0.1713,3
15,0.5,45,30,3,0.0,0.4,0.4166,0.1713,3
15,0.5,45,30,3,0.0,0.3,0.4166,0.1713,3
15,0.5,45,30,5,0.2,0.3,0.4166,0.1713,3
15,0.5,45,30,5,0.1,0.6,0.4166,0.1713,3
15,0.5,45,30,5,0.1,0.5,0.4166,0.1713,3
15,0.5,60,30,2,0.2,0.6,0.4166,0.1713,3
15,0.5,60,30,2,0.2,0.5,0.4166,0.1713,3
15,0.5,60,30,2,0.2,0.4,0.4166,0.1713,3
15,0.5,45,30,2,0.2,0.4,0.4166,0.1713,3
15,0.5,45,30,2,0.2,0.3,0.4166,0.1713,3
15,0.5,60,30,2,0.1,0.5,0.4166,0.1713,3
15,0.5,60,30,2,0.1,0.4,0.4166,0.1713,3
15,0.5,60,30,2,0.1,0.3,0.4166,0.1713,3
15,0.5,30,30,2,0.1,0.5,0.4166,0.1713,3
15,0.5,30,30,2,0.1,0.4,0.4166,0.1713,3
15,0.5,30,30,2,0.1,0.3,0.4166,0.1713,3
15,0.5,45,30,2,0.1,0.6,0.4166,0.1713,3
15,0.5,45,30,2,0.1,0.5,0.4166,0.1713,3
15,0.5,45,30,2,0.1,0.4,0.4166,0.1713,3
15,0.5,45,30,2,0.1,0.3,0.4166,0.1713,3
15,0.5,45,30,2,0.0,0.6,0.4166,0.1713,3
15,0.5,45,30,2,0.0,0.5,0.4166,0.1713,3
15,0.5,45,30,2,0.0,0.4,0.4166,0.1713,3
15,0.5,90,30,2,0.2,0.4,0.4166,0.1713,3
15,0.5,60,30,2,0.2,0.3,0.4166,0.1713,3
15,0.5,60,30,2,0.1,0.6,0.4166,0.1713,3
15,0.5,60,30,5,0.1,0.6,0.4166,0.1713,3
15,0.5,90,30,2,0.2,0.3,0.4166,0.1713,3
15,0.5,60,30,5,0.1,0.5,0.4166,0.1713,3
15,0.5,60,30,5,0.1,0.4,0.4166,0.1713,3
15,0.5,30,30,3,0.1,0.3,0.4166,0.1713,3
15,0.5,30,30,3,0.0,0.6,0.4166,0.1713,3
15,0.5,60,30,5,0.1,0.3,0.4166,0.1713,3
15,0.5,30,30,3,0.1,0.4,0.4166,0.1713,3
15,0.5,30,30,3,0.0,0.3,0.4166,0.1713,3
15,0.5,30,30,2,0.2,0.6,0.4166,0.1713,3
15,0.5,30,30,2,0.0,0.5,0.4166,0.1713,3
15,0.5,30,30,2,0.0,0.4,0.4166,0.1713,3
15,0.5,30,30,2,0.0,0.3,0.4166,0.1713,3
15,0.5,30,30,3,0.1,0.5,0.4166,0.1713,3
15,0.5,30,30,3,0.0,0.5,0.4166,0.1713,3
15,0.5,30,30,3,0.0,0.4,0.4166,0.1713,3
15,0.5,60,30,5,0.2,0.3,0.4166,0.1713,3
15,0.5,60,30,5,0.2,0.4,0.4166,0.1713,3
15,0.5,60,30,2,0.0,0.6,0.4166,0.1713,3
15,0.5,60,30,2,0.0,0.5,0.4166,0.1713,3
15,0.5,60,30,5,0.0,0.4,0.4166,0.1713,3
15,0.5,60,30,5,0.0,0.3,0.4166,0.1713,3
15,0.5,60,30,5,0.0,0.6,0.4166,0.1713,3
15,0.5,60,30,5,0.0,0.5,0.4166,0.1713,3
15,0.5,60,30,3,0.2,0.5,0.4166,0.1713,3
15,0.5,60,30,3,0.2,0.6,0.4166,0.1713,3
15,0.5,60,30,3,0.2,0.4,0.4166,0.1713,3
15,0.5,30,30,5,0.2,0.5,0.4166,0.1713,3
15,0.5,30,30,5,0.2,0.3,0.4166,0.1713,3
15,0.5,30,30,5,0.2,0.4,0.4166,0.1713,3
15,0.5,30,30,5,0.1,0.5,0.4166,0.1713,3
15,0.5,30,30,5,0.1,0.6,0.4166,0.1713,3
5,0.5,30,30,2,0.2,0.3,0.4145,0.1565,3
5,0.5,30,30,5,0.2,0.4,0.4145,0.1565,3
5,0.5,30,30,2,0.0,0.3,0.4145,0.1565,3
5,0.5,30,30,2,0.0,0.4,0.4145,0.1565,3
5,0.5,30,30,2,0.0,0.5,0.4145,0.1565,3
5,0.5,30,30,2,0.0,0.6,0.4145,0.1565,3
5,0.5,30,30,2,0.1,0.3,0.4145,0.1565,3
5,0.5,30,30,2,0.1,0.4,0.4145,0.1565,3
5,0.5,30,30,2,0.1,0.5,0.4145,0.1565,3
5,0.5,30,30,2,0.1,0.6,0.4145,0.1565,3
5,0.5,30,30,2,0.2,0.5,0.4145,0.1565,3
5,0.5,30,30,2,0.2,0.6,0.4145,0.1565,3
5,0.5,30,30,3,0.0,0.3,0.4145,0.1565,3
5,0.5,30,30,3,0.0,0.4,0.4145,0.1565,3
5,0.5,30,30,3,0.1,0.3,0.4145,0.1565,3
5,0.5,30,30,3,0.0,0.6,0.4145,0.1565,3
5,0.5,30,30,5,0.0,0.3,0.4145,0.1565,3
5,0.5,30,30,3,0.2,0.6,0.4145,0.1565,3
5,0.5,30,30,3,0.2,0.5,0.4145,0.1565,3
5,0.5,30,30,3,0.2,0.4,0.4145,0.1565,3
5,0.5,30,30,3,0.2,0.3,0.4145,0.1565,3
5,0.5,30,30,5,0.2,0.6,0.4145,0.1565,3
5,0.5,30,30,5,0.2,0.5,0.4145,0.1565,3
7,0.5,60,30,3,0.0,0.3,0.4145,0.1565,3
5,0.3,20,30,2,0.0,0.7,0.4145,0.1565,3
5,0.3,20,30,5,0.0,0.7,0.4145,0.1565,3
11,0.4,60,30,2,0.1,0.3,0.4145,0.1565,3
11,0.4,60,30,2,0.1,0.4,0.4145,0.1565,3
11,0.4,60,30,3,0.0,0.3,0.4145,0.1565,3
11,0.4,60,30,3,0.0,0.4,0.4145,0.1565,3
11,0.4,45,30,3,0.0,0.4,0.4145,0.1565,3
7,0.5,60,30,5,0.0,0.3,0.4145,0.1565,3
7,0.5,60,30,2,0.1,0.5,0.4145,0.1565,3
7,0.5,60,30,2,0.1,0.4,0.4145,0.1565,3
7,0.5,60,30,2,0.1,0.3,0.4145,0.1565,3
11,0.4,60,30,2,0.0,0.4,0.4145,0.1565,3
5,0.3,20,30,3,0.2,0.7,0.4145,0.1565,3
5,0.3,20,30,3,0.1,0.7,0.4145,0.1565,3
11,0.4,30,30,2,0.1,0.5,0.4145,0.1565,3
5,0.3,20,30,5,0.2,0.7,0.4145,0.1565,3
11,0.4,30,30,5,0.0,0.5,0.4145,0.1565,3
5,0.3,20,30,2,0.1,0.7,0.4145,0.1565,3
5,0.3,20,30,2,0.2,0.7,0.4145,0.1565,3
5,0.3,20,30,3,0.0,0.7,0.4145,0.1565,3
11,0.4,30,30,3,0.0,0.5,0.4145,0.1565,3
11,0.4,30,30,2,0.0,0.5,0.4145,0.1565,3
7,0.4,45,30,2,0.0,0.5,0.4145,0.1565,3
7,0.4,45,30,2,0.0,0.4,0.4145,0.1565,3
7,0.4,45,30,2,0.0,0.3,0.4145,0.1565,3
7,0.4,45,30,5,0.0,0.5,0.4145,0.1565,3
7,0.4,45,30,5,0.0,0.4,0.4145,0.1565,3
7,0.4,45,30,5,0.0,0.3,0.4145,0.1565,3
7,0.4,45,30,2,0.1,0.3,0.4145,0.1565,3
7,0.4,45,30,2,0.1,0.4,0.4145,0.1565,3
11,0.4,30,30,2,0.2,0.4,0.4145,0.1565,3
11,0.4,30,30,2,0.2,0.5,0.4145,0.1565,3
7,0.4,45,30,2,0.1,0.5,0.4145,0.1565,3
11,0.4,30,30,2,0.2,0.3,0.4145,0.1565,3
7,0.4,45,30,2,0.2,0.5,0.4145,0.1565,3
11,0.4,45,30,3,0.1,0.3,0.4145,0.1565,3
11,0.4,45,30,3,0.1,0.4,0.4145,0.1565,3
11,0.4,60,30,2,0.0,0.3,0.4145,0.1565,3
7,0.5,60,30,2,0.0,0.4,0.4145,0.1565,3
7,0.5,60,30,2,0.0,0.3,0.4145,0.1565,3
11,0.4,45,30,2,0.1,0.4,0.4145,0.1565,3
11,0.4,45,30,2,0.1,0.3,0.4145,0.1565,3
7,0.5,60,30,2,0.0,0.5,0.4145,0.1565,3
7,0.4,45,30,3,0.2,0.5,0.4145,0.1565,3
7,0.4,45,30,3,0.2,0.4,0.4145,0.1565,3
7,0.4,45,30,3,0.2,0.3,0.4145,0.1565,3
7,0.4,45,30,5,0.2,0.5,0.4145,0.1565,3
7,0.4,45,30,5,0.2,0.4,0.4145,0.1565,3
11,0.4,45,30,2,0.0,0.4,0.4145,0.1565,3
11,0.4,45,30,2,0.0,0.3,0.4145,0.1565,3
11,0.4,60,30,5,0.1,0.4,0.4145,0.1565,3
11,0.4,30,30,5,0.1,0.5,0.4145,0.1565,3
11,0.4,60,30,5,0.0,0.3,0.4145,0.1565,3
11,0.4,60,30,3,0.1,0.4,0.4145,0.1565,3
11,0.4,45,30,5,0.1,0.3,0.4145,0.1565,3
11,0.4,60,30,3,0.1,0.3,0.4145,0.1565,3
11,0.4,60,30,5,0.0,0.4,0.4145,0.1565,3
7,0.4,45,30,3,0.0,0.4,0.4145,0.1565,3
7,0.4,45,30,3,0.0,0.3,0.4145,0.1565,3
7,0.4,45,30,2,0.2,0.3,0.4145,0.1565,3
11,0.4,30,30,5,0.2,0.3,0.4145,0.1565,3
11,0.4,30,30,5,0.2,0.4,0.4145,0.1565,3
7,0.4,45,30,3,0.1,0.5,0.4145,0.1565,3
7,0.4,45,30,5,0.1,0.3,0.4145,0.1565,3
7,0.4,45,30,5,0.1,0.4,0.4145,0.1565,3
7,0.4,45,30,5,0.1,0.5,0.4145,0.1565,3
7,0.4,45,30,5,0.2,0.3,0.4145,0.1565,3
5,0.3,20,30,5,0.1,0.7,0.4145,0.1565,3
11,0.4,60,30,5,0.1,0.3,0.4145,0.1565,3
7,0.4,45,30,2,0.2,0.4,0.4145,0.1565,3
7,0.5,60,30,3,0.1,0.3,0.4145,0.1565,3
7,0.5,60,30,3,0.1,0.4,0.4145,0.1565,3
5,0.5,30,30,3,0.1,0.6,0.4145,0.1565,3
5,0.5,30,30,3,0.1,0.5,0.4145,0.1565,3
5,0.5,30,30,3,0.1,0.4,0.4145,0.1565,3
7,0.5,60,30,5,0.0,0.4,0.4145,0.1565,3
7,0.5,60,30,3,0.1,0.5,0.4145,0.1565,3
7,0.5,60,30,5,0.1,0.4,0.4145,0.1565,3
5,0.5,30,30,5,0.1,0.5,0.4145,0.1565,3
7,0.5,60,30,5,0.1,0.3,0.4145,0.1565,3
5,0.5,30,30,5,0.2,0.3,0.4145,0.1565,3
5,0.5,30,30,5,0.1,0.6,0.4145,0.1565,3
5,0.5,30,30,5,0.1,0.3,0.4145,0.1565,3
5,0.5,30,30,5,0.1,0.4,0.4145,0.1565,3
5,0.5,30,30,5,0.0,0.6,0.4145,0.1565,3
5,0.5,30,30,5,0.0,0.5,0.4145,0.1565,3
7,0.5,60,30,3,0.0,0.4,0.4145,0.1565,3
5,0.5,30,30,5,0.0,0.4,0.4145,0.1565,3
5,0.4,30,30,2,0.1,0.7,0.4145,0.1565,3
5,0.4,30,30,2,0.0,0.7,0.4145,0.1565,3
5,0.4,30,30,5,0.1,0.7,0.4145,0.1565,3
5,0.4,30,30,2,0.2,0.7,0.4145,0.1565,3
5,0.4,30,30,3,0.2,0.7,0.4145,0.1565,3
5,0.4,30,30,5,0.0,0.7,0.4145,0.1565,3
5,0.4,30,30,5,0.2,0.7,0.4145,0.1565,3
11,0.4,45,30,5,0.0,0.4,0.4145,0.1565,3
11,0.4,30,30,3,0.1,0.5,0.4145,0.1565,3
7,0.4,45,30,3,0.1,0.4,0.4145,0.1565,3
7,0.4,45,30,3,0.1,0.3,0.4145,0.1565,3
7,0.4,45,30,3,0.0,0.5,0.4145,0.1565,3
7,0.5,60,30,3,0.0,0.5,0.4145,0.1565,3
7,0.5,60,30,5,0.1,0.5,0.4145,0.1565,3
11,0.4,30,30,5,0.2,0.5,0.4145,0.1565,3
11,0.4,45,30,5,0.0,0.3,0.4145,0.1565,3
11,0.4,45,30,3,0.0,0.3,0.4145,0.1565,3
11,0.4,45,30,5,0.1,0.4,0.4145,0.1565,3
5,0.5,30,30,3,0.0,0.5,0.4145,0.1565,3
5,0.5,30,30,2,0.2,0.4,0.4145,0.1565,3
7,0.5,60,30,5,0.0,0.5,0.4145,0.1565,3
11,0.4,30,30,3,0.2,0.4,0.4145,0.1565,3
5,0.4,30,30,3,0.1,0.7,0.4145,0.1565,3
5,0.4,30,30,3,0.0,0.7,0.4145,0.1565,3
11,0.4,30,30,3,0.2,0.3,0.4145,0.1565,3
11,0.4,30,30,3,0.2,0.5,0.4145,0.1565,3
7,0.4,30,30,2,0.1,0.6,0.4115,0.1472,3
7,0.4,30,30,2,0.2,0.6,0.4115,0.1472,3
7,0.4,30,30,3,0.2,0.6,0.4115,0.1472,3
7,0.4,30,30,3,0.1,0.6,0.4115,0.1472,3
7,0.4,30,30,5,0.2,0.6,0.4115,0.1472,3
7,0.4,30,30,5,0.1,0.6,0.4115,0.1472,3
7,0.4,30,30,2,0.0,0.6,0.4115,0.1472,3
7,0.4,30,30,5,0.0,0.6,0.4115,0.1472,3
7,0.4,30,30,3,0.0,0.6,0.4115,0.1472,3
5,0.6,30,30,2,0.0,0.4,0.4089,0.1533,3
5,0.6,30,30,2,0.0,0.3,0.4089,0.1533,3
5,0.6,30,30,2,0.2,0.3,0.4089,0.1533,3
5,0.6,30,30,2,0.0,0.5,0.4089,0.1533,3
5,0.6,30,30,3,0.1,0.4,0.4089,0.1533,3
5,0.6,30,30,2,0.2,0.4,0.4089,0.1533,3
5,0.6,30,30,3,0.0,0.5,0.4089,0.1533,3
5,0.6,30,30,2,0.2,0.7,0.4089,0.1533,3
5,0.6,30,30,2,0.2,0.6,0.4089,0.1533,3
5,0.6,30,30,3,0.0,0.7,0.4089,0.1533,3
5,0.6,30,30,3,0.1,0.3,0.4089,0.1533,3
5,0.6,30,30,5,0.2,0.7,0.4089,0.1533,3
5,0.6,30,30,5,0.2,0.3,0.4089,0.1533,3
5,0.6,30,30,5,0.2,0.4,0.4089,0.1533,3
5,0.6,30,30,3,0.2,0.4,0.4089,0.1533,3
5,0.6,30,30,3,0.2,0.3,0.4089,0.1533,3
5,0.6,30,30,5,0.1,0.6,0.4089,0.1533,3
5,0.6,30,30,5,0.2,0.6,0.4089,0.1533,3
5,0.6,30,30,2,0.2,0.5,0.4089,0.1533,3
5,0.6,30,30,3,0.0,0.4,0.4089,0.1533,3
5,0.6,30,30,3,0.0,0.3,0.4089,0.1533,3
5,0.6,30,30,3,0.0,0.6,0.4089,0.1533,3
5,0.6,30,30,2,0.1,0.6,0.4089,0.1533,3
5,0.6,30,30,5,0.1,0.5,0.4089,0.1533,3
5,0.6,30,30,3,0.1,0.7,0.4089,0.1533,3
5,0.6,30,30,3,0.1,0.6,0.4089,0.1533,3
5,0.6,30,30,3,0.1,0.5,0.4089,0.1533,3
5,0.6,30,30,5,0.0,0.5,0.4089,0.1533,3
5,0.6,30,30,2,0.0,0.6,0.4089,0.1533,3
5,0.6,30,30,2,0.0,0.7,0.4089,0.1533,3
5,0.6,30,30,2,0.1,0.3,0.4089,0.1533,3
5,0.6,30,30,5,0.0,0.7,0.4089,0.1533,3
5,0.6,30,30,5,0.0,0.6,0.4089,0.1533,3
5,0.6,30,30,5,0.1,0.3,0.4089,0.1533,3
5,0.6,30,30,5,0.1,0.4,0.4089,0.1533,3
5,0.6,30,30,3,0.2,0.6,0.4089,0.1533,3
5,0.6,30,30,3,0.2,0.5,0.4089,0.1533,3
5,0.6,30,30,3,0.2,0.7,0.4089,0.1533,3
5,0.6,30,30,5,0.0,0.3,0.4089,0.1533,3
5,0.6,30,30,5,0.0,0.4,0.4089,0.1533,3
5,0.6,30,30,2,0.1,0.7,0.4089,0.1533,3
5,0.6,30,30,2,0.1,0.4,0.4089,0.1533,3
5,0.6,30,30,2,0.1,0.5,0.4089,0.1533,3
5,0.6,30,30,5,0.1,0.7,0.4089,0.1533,3
5,0.6,30,30,5,0.2,0.5,0.4089,0.1533,3
5,0.6,60,30,5,0.2,0.4,0.4081,0.1525,3
5,0.6,60,30,5,0.2,0.6,0.4081,0.1525,3
5,0.6,60,30,5,0.2,0.3,0.4081,0.1525,3
5,0.6,45,30,2,0.2,0.4,0.4081,0.1525,3
5,0.6,45,30,2,0.2,0.3,0.4081,0.1525,3
5,0.6,60,30,5,0.2,0.7,0.4081,0.1525,3
5,0.6,60,30,5,0.2,0.5,0.4081,0.1525,3
5,0.6,45,30,3,0.2,0.7,0.4081,0.1525,3
5,0.6,60,30,3,0.2,0.7,0.4081,0.1525,3
5,0.6,45,30,3,0.2,0.6,0.4081,0.1525,3
5,0.6,60,30,3,0.2,0.4,0.4081,0.1525,3
5,0.6,60,30,3,0.2,0.5,0.4081,0.1525,3
5,0.6,60,30,3,0.2,0.3,0.4081,0.1525,3
5,0.6,45,30,2,0.2,0.5,0.4081,0.1525,3
5,0.6,60,30,3,0.2,0.6,0.4081,0.1525,3
5,0.6,45,30,5,0.2,0.3,0.4081,0.1525,3
5,0.6,45,30,5,0.2,0.7,0.4081,0.1525,3
5,0.6,45,30,3,0.2,0.4,0.4081,0.1525,3
5,0.6,45,30,3,0.2,0.3,0.4081,0.1525,3
5,0.6,45,30,5,0.2,0.6,0.4081,0.1525,3
5,0.6,45,30,3,0.2,0.5,0.4081,0.1525,3
5,0.6,45,30,2,0.2,0.7,0.4081,0.1525,3
5,0.6,60,30,2,0.2,0.4,0.4081,0.1525,3
5,0.6,60,30,2,0.2,0.5,0.4081,0.1525,3
5,0.6,60,30,2,0.2,0.6,0.4081,0.1525,3
5,0.6,45,30,2,0.2,0.6,0.4081,0.1525,3
5,0.6,60,30,2,0.2,0.3,0.4081,0.1525,3
5,0.6,45,30,5,0.2,0.4,0.4081,0.1525,3
5,0.6,45,30,5,0.2,0.5,0.4081,0.1525,3
5,0.6,60,30,2,0.2,0.7,0.4081,0.1525,3
15,0.6,45,10,2,0.2,0.6,0.4074,0.1833,3
15,0.6,90,10,5,0.2,0.6,0.4074,0.1833,3
15,0.6,90,10,3,0.1,0.5,0.4074,0.1833,3
15,0.6,90,10,3,0.1,0.6,0.4074,0.1833,3
15,0.6,90,10,3,0.2,0.3,0.4074,0.1833,3
15,0.6,60,10,3,0.1,0.6,0.4074,0.1833,3
15,0.6,60,10,3,0.2,0.3,0.4074,0.1833,3
15,0.6,60,10,3,0.2,0.4,0.4074,0.1833,3
15,0.6,60,10,2,0.1,0.4,0.4074,0.1833,3
15,0.6,60,10,2,0.1,0.5,0.4074,0.1833,3
15,0.6,60,10,2,0.1,0.6,0.4074,0.1833,3
15,0.6,60,10,2,0.2,0.4,0.4074,0.1833,3
15,0.6,60,10,2,0.2,0.5,0.4074,0.1833,3
15,0.6,60,10,2,0.2,0.6,0.4074,0.1833,3
15,0.6,60,10,3,0.0,0.3,0.4074,0.1833,3
15,0.6,60,10,3,0.0,0.4,0.4074,0.1833,3
15,0.6,60,10,3,0.0,0.5,0.4074,0.1833,3
15,0.6,60,10,3,0.0,0.6,0.4074,0.1833,3
15,0.6,60,10,3,0.1,0.3,0.4074,0.1833,3
15,0.6,60,10,3,0.1,0.4,0.4074,0.1833,3
15,0.6,60,10,3,0.1,0.5,0.4074,0.1833,3
15,0.6,30,10,5,0.2,0.3,0.4074,0.1833,3
15,0.6,30,10,5,0.2,0.4,0.4074,0.1833,3
15,0.6,30,10,5,0.2,0.5,0.4074,0.1833,3
15,0.6,30,10,5,0.2,0.6,0.4074,0.1833,3
15,0.6,60,10,3,0.2,0.5,0.4074,0.1833,3
15,0.6,60,10,3,0.2,0.6,0.4074,0.1833,3
15,0.6,60,10,5,0.0,0.3,0.4074,0.1833,3
15,0.6,60,10,5,0.0,0.4,0.4074,0.1833,3
15,0.6,60,10,5,0.0,0.5,0.4074,0.1833,3
15,0.6,60,10,5,0.0,0.6,0.4074,0.1833,3
15,0.6,60,10,5,0.1,0.3,0.4074,0.1833,3
15,0.6,60,10,5,0.1,0.4,0.4074,0.1833,3
15,0.6,60,10,5,0.1,0.5,0.4074,0.1833,3
15,0.6,60,10,5,0.1,0.6,0.4074,0.1833,3
15,0.6,60,10,5,0.2,0.3,0.4074,0.1833,3
15,0.6,60,10,5,0.2,0.4,0.4074,0.1833,3
15,0.6,60,10,5,0.2,0.5,0.4074,0.1833,3
15,0.6,60,10,5,0.2,0.6,0.4074,0.1833,3
15,0.6,60,10,2,0.2,0.3,0.4074,0.1833,3
15,0.6,60,10,2,0.0,0.3,0.4074,0.1833,3
15,0.6,60,10,2,0.0,0.4,0.4074,0.1833,3
15,0.6,60,10,2,0.0,0.5,0.4074,0.1833,3
15,0.6,60,10,2,0.0,0.6,0.4074,0.1833,3
15,0.6,60,10,2,0.1,0.3,0.4074,0.1833,3
15,0.6,30,10,3,0.1,0.6,0.4074,0.1833,3
15,0.6,30,10,3,0.2,0.3,0.4074,0.1833,3
15,0.6,30,10,3,0.2,0.4,0.4074,0.1833,3
15,0.6,30,10,3,0.2,0.5,0.4074,0.1833,3
15,0.6,30,10,3,0.2,0.6,0.4074,0.1833,3
15,0.6,30,10,5,0.0,0.3,0.4074,0.1833,3
15,0.6,30,10,5,0.0,0.4,0.4074,0.1833,3
15,0.6,30,10,5,0.0,0.5,0.4074,0.1833,3
15,0.6,30,10,5,0.0,0.6,0.4074,0.1833,3
15,0.6,30,10,5,0.1,0.3,0.4074,0.1833,3
15,0.6,30,10,5,0.1,0.4,0.4074,0.1833,3
15,0.6,30,10,5,0.1,0.5,0.4074,0.1833,3
15,0.6,30,10,5,0.1,0.6,0.4074,0.1833,3
15,0.6,30,10,2,0.2,0.6,0.4074,0.1833,3
15,0.6,30,10,3,0.0,0.3,0.4074,0.1833,3
15,0.6,30,10,3,0.0,0.4,0.4074,0.1833,3
15,0.6,30,10,3,0.0,0.5,0.4074,0.1833,3
15,0.6,30,10,3,0.0,0.6,0.4074,0.1833,3
15,0.6,30,10,3,0.1,0.3,0.4074,0.1833,3
15,0.6,30,10,3,0.1,0.4,0.4074,0.1833,3
15,0.6,30,10,3,0.1,0.5,0.4074,0.1833,3
15,0.6,45,10,5,0.1,0.6,0.4074,0.1833,3
15,0.6,45,10,5,0.2,0.3,0.4074,0.1833,3
15,0.6,45,10,5,0.2,0.4,0.4074,0.1833,3
15,0.6,45,10,5,0.2,0.5,0.4074,0.1833,3
15,0.6,45,10,5,0.2,0.6,0.4074,0.1833,3
15,0.6,45,10,2,0.0,0.3,0.4074,0.1833,3
15,0.6,45,10,2,0.0,0.4,0.4074,0.1833,3
15,0.6,45,10,2,0.0,0.5,0.4074,0.1833,3
15,0.6,45,10,2,0.0,0.6,0.4074,0.1833,3
15,0.6,45,10,2,0.1,0.3,0.4074,0.1833,3
15,0.6,45,10,2,0.1,0.4,0.4074,0.1833,3
15,0.6,45,10,2,0.1,0.5,0.4074,0.1833,3
15,0.6,45,10,2,0.1,0.6,0.4074,0.1833,3
15,0.6,45,10,2,0.2,0.3,0.4074,0.1833,3
15,0.6,45,10,2,0.2,0.4,0.4074,0.1833,3
15,0.6,45,10,2,0.2,0.5,0.4074,0.1833,3
15,0.6,45,10,3,0.2,0.3,0.4074,0.1833,3
15,0.6,45,10,3,0.2,0.4,0.4074,0.1833,3
15,0.6,45,10,3,0.2,0.5,0.4074,0.1833,3
15,0.6,45,10,3,0.2,0.6,0.4074,0.1833,3
15,0.6,45,10,5,0.0,0.3,0.4074,0.1833,3
15,0.6,45,10,5,0.0,0.4,0.4074,0.1833,3
15,0.6,30,10,2,0.0,0.3,0.4074,0.1833,3
15,0.6,30,10,2,0.0,0.4,0.4074,0.1833,3
15,0.6,30,10,2,0.0,0.5,0.4074,0.1833,3
15,0.6,30,10,2,0.0,0.6,0.4074,0.1833,3
15,0.6,30,10,2,0.1,0.3,0.4074,0.1833,3
15,0.6,30,10,2,0.1,0.4,0.4074,0.1833,3
15,0.6,30,10,2,0.1,0.5,0.4074,0.1833,3
15,0.6,30,10,2,0.1,0.6,0.4074,0.1833,3
15,0.6,30,10,2,0.2,0.3,0.4074,0.1833,3
15,0.6,30,10,2,0.2,0.4,0.4074,0.1833,3
15,0.6,30,10,2,0.2,0.5,0.4074,0.1833,3
15,0.6,90,10,2,0.0,0.4,0.4074,0.1833,3
15,0.6,45,10,5,0.0,0.5,0.4074,0.1833,3
15,0.6,90,10,2,0.0,0.6,0.4074,0.1833,3
15,0.6,90,10,2,0.1,0.3,0.4074,0.1833,3
15,0.6,90,10,2,0.1,0.4,0.4074,0.1833,3
15,0.6,90,10,2,0.1,0.5,0.4074,0.1833,3
15,0.6,90,10,2,0.1,0.6,0.4074,0.1833,3
15,0.6,90,10,2,0.2,0.3,0.4074,0.1833,3
15,0.6,90,10,2,0.2,0.4,0.4074,0.1833,3
15,0.6,90,10,2,0.2,0.5,0.4074,0.1833,3
15,0.6,90,10,2,0.2,0.6,0.4074,0.1833,3
15,0.6,90,10,3,0.0,0.3,0.4074,0.1833,3
15,0.6,90,10,3,0.0,0.4,0.4074,0.1833,3
15,0.6,90,10,3,0.0,0.5,0.4074,0.1833,3
15,0.6,90,10,3,0.0,0.6,0.4074,0.1833,3
15,0.6,90,10,3,0.1,0.3,0.4074,0.1833,3
15,0.6,90,10,3,0.1,0.4,0.4074,0.1833,3
15,0.6,90,10,2,0.0,0.3,0.4074,0.1833,3
15,0.6,90,10,2,0.0,0.5,0.4074,0.1833,3
15,0.6,45,10,5,0.0,0.6,0.4074,0.1833,3
15,0.6,45,10,5,0.1,0.3,0.4074,0.1833,3
15,0.6,45,10,5,0.1,0.4,0.4074,0.1833,3
15,0.6,45,10,5,0.1,0.5,0.4074,0.1833,3
15,0.6,45,10,3,0.0,0.3,0.4074,0.1833,3
15,0.6,45,10,3,0.0,0.4,0.4074,0.1833,3
15,0.6,45,10,3,0.0,0.5,0.4074,0.1833,3
15,0.6,45,10,3,0.0,0.6,0.4074,0.1833,3
15,0.6,90,10,3,0.2,0.4,0.4074,0.1833,3
15,0.6,90,10,3,0.2,0.5,0.4074,0.1833,3
15,0.6,90,10,3,0.2,0.6,0.4074,0.1833,3
15,0.6,90,10,5,0.0,0.3,0.4074,0.1833,3
15,0.6,90,10,5,0.0,0.4,0.4074,0.1833,3
15,0.6,90,10,5,0.0,0.5,0.4074,0.1833,3
15,0.6,90,10,5,0.0,0.6,0.4074,0.1833,3
15,0.6,90,10,5,0.1,0.3,0.4074,0.1833,3
15,0.6,90,10,5,0.1,0.4,0.4074,0.1833,3
15,0.6,90,10,5,0.1,0.5,0.4074,0.1833,3
15,0.6,90,10,5,0.1,0.6,0.4074,0.1833,3
15,0.6,90,10,5,0.2,0.3,0.4074,0.1833,3
15,0.6,90,10,5,0.2,0.4,0.4074,0.1833,3
15,0.6,90,10,5,0.2,0.5,0.4074,0.1833,3
15,0.6,45,10,3,0.1,0.3,0.4074,0.1833,3
15,0.6,45,10,3,0.1,0.4,0.4074,0.1833,3
15,0.6,45,10,3,0.1,0.5,0.4074,0.1833,3
15,0.6,45,10,3,0.1,0.6,0.4074,0.1833,3
15,0.6,90,20,5,0.0,0.7,0.4072,0.203,3
15,0.6,90,20,5,0.1,0.7,0.4072,0.203,3
15,0.6,20,20,2,0.1,0.7,0.4072,0.203,3
15,0.6,20,20,3,0.0,0.7,0.4072,0.203,3
15,0.6,20,20,3,0.1,0.7,0.4072,0.203,3
15,0.6,90,20,2,0.0,0.7,0.4072,0.203,3
15,0.6,90,20,2,0.1,0.7,0.4072,0.203,3
15,0.6,90,20,2,0.2,0.7,0.4072,0.203,3
15,0.6,60,20,5,0.1,0.7,0.4072,0.203,3
15,0.6,60,20,5,0.2,0.7,0.4072,0.203,3
15,0.6,60,20,3,0.1,0.7,0.4072,0.203,3
15,0.6,60,20,3,0.2,0.7,0.4072,0.203,3
15,0.6,60,20,5,0.0,0.7,0.4072,0.203,3
15,0.6,20,20,5,0.0,0.7,0.4072,0.203,3
15,0.6,20,20,5,0.1,0.7,0.4072,0.203,3
15,0.6,20,20,5,0.2,0.7,0.4072,0.203,3
15,0.6,60,20,2,0.2,0.7,0.4072,0.203,3
15,0.6,60,20,3,0.0,0.7,0.4072,0.203,3
15,0.6,60,20,2,0.0,0.7,0.4072,0.203,3
15,0.6,60,20,2,0.1,0.7,0.4072,0.203,3
15,0.6,30,20,2,0.0,0.7,0.4072,0.203,3
15,0.6,45,20,5,0.1,0.7,0.4072,0.203,3
15,0.6,45,20,5,0.2,0.7,0.4072,0.203,3
15,0.6,45,20,3,0.1,0.7,0.4072,0.203,3
15,0.6,45,20,3,0.2,0.7,0.4072,0.203,3
15,0.6,45,20,5,0.0,0.7,0.4072,0.203,3
15,0.6,45,20,2,0.1,0.7,0.4072,0.203,3
15,0.6,45,20,2,0.2,0.7,0.4072,0.203,3
15,0.6,45,20,3,0.0,0.7,0.4072,0.203,3
15,0.6,30,20,2,0.1,0.7,0.4072,0.203,3
15,0.6,30,20,2,0.2,0.7,0.4072,0.203,3
15,0.6,30,20,3,0.0,0.7,0.4072,0.203,3
15,0.6,30,20,3,0.1,0.7,0.4072,0.203,3
15,0.6,45,20,2,0.0,0.7,0.4072,0.203,3
15,0.6,30,20,3,0.2,0.7,0.4072,0.203,3
15,0.6,30,20,5,0.0,0.7,0.4072,0.203,3
15,0.6,30,20,5,0.1,0.7,0.4072,0.203,3
15,0.6,30,20,5,0.2,0.7,0.4072,0.203,3
15,0.6,90,20,5,0.2,0.7,0.4072,0.203,3
15,0.6,20,20,2,0.2,0.7,0.4072,0.203,3
15,0.6,20,20,2,0.0,0.7,0.4072,0.203,3
15,0.6,20,20,3,0.2,0.7,0.4072,0.203,3
15,0.6,90,20,3,0.0,0.7,0.4072,0.203,3
15,0.6,90,20,3,0.1,0.7,0.4072,0.203,3
15,0.6,90,20,3,0.2,0.7,0.4072,0.203,3
11,0.4,30,30,3,0.1,0.3,0.4061,0.1502,3
11,0.4,30,30,5,0.0,0.3,0.4061,0.1502,3
11,0.4,30,30,5,0.0,0.4,0.4061,0.1502,3
11,0.4,30,30,3,0.1,0.4,0.4061,0.1502,3
11,0.4,30,30,2,0.0,0.3,0.4061,0.1502,3
11,0.4,30,30,2,0.0,0.4,0.4061,0.1502,3
11,0.4,30,30,5,0.1,0.3,0.4061,0.1502,3
7,0.6,90,30,3,0.2,0.5,0.4061,0.1712,3
7,0.6,90,30,3,0.2,0.4,0.4061,0.1712,3
7,0.6,90,30,3,0.2,0.7,0.4061,0.1712,3
7,0.6,90,30,3,0.2,0.6,0.4061,0.1712,3
7,0.6,90,30,5,0.2,0.7,0.4061,0.1712,3
7,0.6,90,30,3,0.2,0.3,0.4061,0.1712,3
7,0.6,90,30,5,0.2,0.5,0.4061,0.1712,3
7,0.6,90,30,5,0.2,0.6,0.4061,0.1712,3
7,0.6,90,30,5,0.2,0.4,0.4061,0.1712,3
7,0.6,90,30,5,0.2,0.3,0.4061,0.1712,3
11,0.4,30,30,2,0.1,0.4,0.4061,0.1502,3
11,0.4,30,30,3,0.0,0.3,0.4061,0.1502,3
11,0.4,30,30,2,0.1,0.3,0.4061,0.1502,3
7,0.6,90,30,2,0.2,0.5,0.4061,0.1712,3
11,0.4,30,30,5,0.1,0.4,0.4061,0.1502,3
7,0.6,90,30,2,0.2,0.7,0.4061,0.1712,3
7,0.6,90,30,2,0.2,0.6,0.4061,0.1712,3
7,0.6,90,30,2,0.2,0.3,0.4061,0.1712,3
7,0.6,90,30,2,0.2,0.4,0.4061,0.1712,3
11,0.4,30,30,3,0.0,0.4,0.4061,0.1502,3
15,0.5,20,30,2,0.2,0.7,0.4057,0.2131,3
15,0.5,20,30,2,0.0,0.7,0.4057,0.2131,3
15,0.5,20,30,3,0.1,0.7,0.4057,0.2131,3
15,0.5,20,30,3,0.2,0.7,0.4057,0.2131,3
15,0.5,30,30,2,0.2,0.7,0.4057,0.2131,3
15,0.5,90,30,5,0.2,0.7,0.4057,0.2131,3
15,0.5,90,30,3,0.2,0.7,0.4057,0.2131,3
15,0.5,20,30,5,0.0,0.7,0.4057,0.2131,3
15,0.5,45,30,3,0.2,0.7,0.4057,0.2131,3
15,0.5,45,30,2,0.2,0.7,0.4057,0.2131,3
15,0.5,45,30,5,0.2,0.7,0.4057,0.2131,3
15,0.5,20,30,5,0.2,0.7,0.4057,0.2131,3
15,0.5,60,30,3,0.2,0.7,0.4057,0.2131,3
15,0.5,60,30,2,0.1,0.7,0.4057,0.2131,3
15,0.5,60,30,2,0.2,0.7,0.4057,0.2131,3
15,0.5,30,30,3,0.0,0.7,0.4057,0.2131,3
15,0.5,90,30,2,0.2,0.7,0.4057,0.2131,3
15,0.5,90,30,3,0.0,0.7,0.4057,0.2131,3
15,0.5,30,30,3,0.1,0.7,0.4057,0.2131,3
15,0.5,30,30,2,0.0,0.7,0.4057,0.2131,3
15,0.5,30,30,2,0.1,0.7,0.4057,0.2131,3
15,0.5,30,30,5,0.1,0.7,0.4057,0.2131,3
15,0.5,90,30,5,0.0,0.7,0.4057,0.2131,3
15,0.5,30,30,3,0.2,0.7,0.4057,0.2131,3
15,0.5,45,30,2,0.1,0.7,0.4057,0.2131,3
15,0.5,45,30,5,0.0,0.7,0.4057,0.2131,3
15,0.5,45,30,5,0.1,0.7,0.4057,0.2131,3
15,0.5,60,30,5,0.2,0.7,0.4057,0.2131,3
15,0.5,60,30,3,0.1,0.7,0.4057,0.2131,3
15,0.5,60,30,3,0.0,0.7,0.4057,0.2131,3
15,0.5,20,30,3,0.0,0.7,0.4057,0.2131,3
15,0.5,20,30,5,0.1,0.7,0.4057,0.2131,3
15,0.5,45,30,3,0.0,0.7,0.4057,0.2131,3
15,0.5,60,30,5,0.0,0.7,0.4057,0.2131,3
15,0.5,90,30,3,0.1,0.7,0.4057,0.2131,3
15,0.5,90,30,5,0.1,0.7,0.4057,0.2131,3
15,0.5,30,30,5,0.2,0.7,0.4057,0.2131,3
15,0.5,20,30,2,0.1,0.7,0.4057,0.2131,3
15,0.5,30,30,5,0.0,0.7,0.4057,0.2131,3
15,0.5,60,30,2,0.0,0.7,0.4057,0.2131,3
15,0.5,60,30,5,0.1,0.7,0.4057,0.2131,3
15,0.5,90,30,2,0.1,0.7,0.4057,0.2131,3
15,0.5,45,30,3,0.1,0.7,0.4057,0.2131,3
15,0.5,45,30,2,0.0,0.7,0.4057,0.2131,3
15,0.5,90,30,2,0.0,0.7,0.4057,0.2131,3
5,0.6,45,30,5,0.1,0.5,0.4027,0.1561,3
5,0.6,45,30,5,0.1,0.6,0.4027,0.1561,3
5,0.6,45,30,5,0.1,0.7,0.4027,0.1561,3
5,0.6,45,30,3,0.1,0.3,0.4027,0.1561,3
5,0.6,45,30,2,0.0,0.7,0.4027,0.1561,3
5,0.6,45,30,2,0.1,0.3,0.4027,0.1561,3
5,0.6,45,30,2,0.1,0.4,0.4027,0.1561,3
5,0.6,45,30,3,0.0,0.7,0.4027,0.1561,3
5,0.6,45,30,3,0.1,0.7,0.4027,0.1561,3
5,0.6,45,30,5,0.0,0.7,0.4027,0.1561,3
5,0.6,45,30,5,0.1,0.3,0.4027,0.1561,3
5,0.6,45,30,5,0.1,0.4,0.4027,0.1561,3
5,0.6,90,30,3,0.1,0.7,0.4027,0.1561,3
5,0.6,90,30,5,0.0,0.3,0.4027,0.1561,3
5,0.6,90,30,3,0.1,0.5,0.4027,0.1561,3
5,0.6,90,30,3,0.0,0.6,0.4027,0.1561,3
5,0.6,90,30,3,0.0,0.7,0.4027,0.1561,3
5,0.6,90,30,3,0.1,0.6,0.4027,0.1561,3
5,0.6,90,30,3,0.1,0.4,0.4027,0.1561,3
5,0.6,90,30,5,0.1,0.4,0.4027,0.1561,3
5,0.6,90,30,5,0.1,0.3,0.4027,0.1561,3
5,0.6,90,30,5,0.0,0.5,0.4027,0.1561,3
5,0.6,90,30,5,0.0,0.4,0.4027,0.1561,3
5,0.6,90,30,2,0.1,0.3,0.4027,0.1561,3
5,0.6,90,30,5,0.0,0.6,0.4027,0.1561,3
5,0.6,90,30,3,0.1,0.3,0.4027,0.1561,3
5,0.6,90,30,3,0.0,0.3,0.4027,0.1561,3
5,0.6,90,30,5,0.1,0.5,0.4027,0.1561,3
5,0.6,90,30,2,0.1,0.7,0.4027,0.1561,3
5,0.6,90,30,2,0.1,0.5,0.4027,0.1561,3
5,0.6,90,30,5,0.1,0.6,0.4027,0.1561,3
5,0.6,90,30,2,0.0,0.4,0.4027,0.1561,3
5,0.6,90,30,5,0.1,0.7,0.4027,0.1561,3
5,0.6,90,30,3,0.0,0.4,0.4027,0.1561,3
5,0.6,90,30,2,0.0,0.3,0.4027,0.1561,3
5,0.6,90,30,2,0.0,0.7,0.4027,0.1561,3
5,0.6,90,30,2,0.0,0.6,0.4027,0.1561,3
5,0.6,90,30,2,0.0,0.5,0.4027,0.1561,3
5,0.6,90,30,2,0.1,0.4,0.4027,0.1561,3
5,0.6,90,30,5,0.0,0.7,0.4027,0.1561,3
5,0.6,90,30,3,0.0,0.5,0.4027,0.1561,3
5,0.6,90,30,2,0.1,0.6,0.4027,0.1561,3
5,0.6,45,30,2,0.1,0.7,0.4027,0.1561,3
5,0.6,45,30,3,0.1,0.5,0.4027,0.1561,3
5,0.6,45,30,3,0.1,0.4,0.4027,0.1561,3
5,0.6,45,30,2,0.1,0.5,0.4027,0.1561,3
5,0.6,45,30,2,0.1,0.6,0.4027,0.1561,3
5,0.6,45,30,3,0.1,0.6,0.4027,0.1561,3
7,0.4,30,30,3,0.1,0.4,0.3983,0.1445,3
7,0.4,30,30,3,0.0,0.4,0.3983,0.1445,3
7,0.4,30,30,3,0.1,0.3,0.3983,0.1445,3
7,0.4,30,30,2,0.0,0.3,0.3983,0.1445,3
7,0.4,30,30,2,0.1,0.3,0.3983,0.1445,3
7,0.4,30,30,2,0.1,0.4,0.3983,0.1445,3
7,0.4,30,30,2,0.1,0.5,0.3983,0.1445,3
7,0.4,30,30,2,0.2,0.3,0.3983,0.1445,3
7,0.4,30,30,2,0.2,0.4,0.3983,0.1445,3
7,0.4,30,30,2,0.2,0.5,0.3983,0.1445,3
7,0.4,30,30,3,0.0,0.3,0.3983,0.1445,3
7,0.4,30,30,3,0.2,0.5,0.3983,0.1445,3
7,0.4,30,30,5,0.0,0.3,0.3983,0.1445,3
7,0.4,30,30,3,0.2,0.3,0.3983,0.1445,3
7,0.4,30,30,3,0.2,0.4,0.3983,0.1445,3
7,0.4,30,30,3,0.1,0.5,0.3983,0.1445,3
7,0.4,30,30,5,0.2,0.4,0.3983,0.1445,3
7,0.4,30,30,5,0.2,0.5,0.3983,0.1445,3
7,0.4,30,30,2,0.0,0.4,0.3983,0.1445,3
7,0.4,30,30,5,0.0,0.4,0.3983,0.1445,3
7,0.4,30,30,2,0.0,0.5,0.3983,0.1445,3
7,0.4,30,30,5,0.2,0.3,0.3983,0.1445,3
7,0.4,30,30,5,0.1,0.5,0.3983,0.1445,3
7,0.4,30,30,5,0.1,0.4,0.3983,0.1445,3
7,0.4,30,30,5,0.1,0.3,0.3983,0.1445,3
7,0.4,30,30,5,0.0,0.5,0.3983,0.1445,3
7,0.4,30,30,3,0.0,0.5,0.3983,0.1445,3
15,0.6,20,20,2,0.1,0.6,0.3959,0.1926,3
15,0.6,20,20,2,0.0,0.4,0.3959,0.1926,3
15,0.6,20,20,3,0.0,0.4,0.3959,0.1926,3
15,0.6,20,20,2,0.0,0.5,0.3959,0.1926,3
15,0.6,20,20,3,0.0,0.5,0.3959,0.1926,3
15,0.6,20,20,3,0.0,0.3,0.3959,0.1926,3
15,0.6,20,20,5,0.1,0.5,0.3959,0.1926,3
15,0.6,20,20,5,0.1,0.6,0.3959,0.1926,3
15,0.6,20,20,2,0.2,0.6,0.3959,0.1926,3
15,0.6,20,20,2,0.2,0.5,0.3959,0.1926,3
15,0.6,20,20,3,0.1,0.5,0.3959,0.1926,3
15,0.6,20,20,3,0.1,0.6,0.3959,0.1926,3
15,0.6,20,20,3,0.2,0.5,0.3959,0.1926,3
15,0.6,20,20,3,0.2,0.6,0.3959,0.1926,3
15,0.6,20,20,3,0.0,0.6,0.3959,0.1926,3
15,0.6,20,20,2,0.0,0.6,0.3959,0.1926,3
15,0.6,20,20,2,0.1,0.5,0.3959,0.1926,3
15,0.6,20,20,2,0.0,0.3,0.3959,0.1926,3
15,0.6,20,20,2,0.2,0.4,0.3959,0.1926,3
15,0.6,20,20,2,0.2,0.3,0.3959,0.1926,3
15,0.6,20,20,3,0.1,0.3,0.3959,0.1926,3
15,0.6,20,20,3,0.1,0.4,0.3959,0.1926,3
15,0.6,20,20,2,0.1,0.3,0.3959,0.1926,3
15,0.6,20,20,2,0.1,0.4,0.3959,0.1926,3
15,0.6,20,20,5,0.2,0.3,0.3959,0.1926,3
15,0.6,20,20,5,0.2,0.4,0.3959,0.1926,3
15,0.6,20,20,3,0.2,0.3,0.3959,0.1926,3
15,0.6,20,20,3,0.2,0.4,0.3959,0.1926,3
15,0.6,20,20,5,0.0,0.4,0.3959,0.1926,3
15,0.6,20,20,5,0.0,0.3,0.3959,0.1926,3
15,0.6,20,20,5,0.0,0.6,0.3959,0.1926,3
15,0.6,20,20,5,0.0,0.5,0.3959,0.1926,3
15,0.6,20,20,5,0.1,0.3,0.3959,0.1926,3
15,0.6,20,20,5,0.1,0.4,0.3959,0.1926,3
15,0.6,20,20,5,0.2,0.5,0.3959,0.1926,3
15,0.6,20,20,5,0.2,0.6,0.3959,0.1926,3
5,0.6,60,30,3,0.1,0.3,0.3936,0.1486,3
5,0.6,45,30,5,0.0,0.6,0.3936,0.1486,3
5,0.6,45,30,2,0.0,0.4,0.3936,0.1486,3
5,0.6,45,30,3,0.0,0.5,0.3936,0.1486,3
5,0.6,60,30,3,0.0,0.5,0.3936,0.1486,3
5,0.6,60,30,2,0.1,0.7,0.3936,0.1486,3
5,0.6,60,30,3,0.0,0.3,0.3936,0.1486,3
5,0.6,60,30,2,0.1,0.5,0.3936,0.1486,3
5,0.6,60,30,2,0.0,0.4,0.3936,0.1486,3
5,0.6,60,30,2,0.0,0.5,0.3936,0.1486,3
5,0.6,60,30,3,0.0,0.4,0.3936,0.1486,3
5,0.6,60,30,5,0.0,0.6,0.3936,0.1486,3
5,0.6,60,30,5,0.0,0.7,0.3936,0.1486,3
5,0.6,60,30,5,0.1,0.3,0.3936,0.1486,3
5,0.6,45,30,3,0.0,0.3,0.3936,0.1486,3
5,0.6,45,30,3,0.0,0.4,0.3936,0.1486,3
5,0.6,45,30,2,0.0,0.6,0.3936,0.1486,3
5,0.6,45,30,2,0.0,0.5,0.3936,0.1486,3
5,0.6,60,30,3,0.1,0.6,0.3936,0.1486,3
5,0.6,60,30,2,0.0,0.3,0.3936,0.1486,3
5,0.6,60,30,5,0.1,0.6,0.3936,0.1486,3
5,0.6,60,30,2,0.0,0.6,0.3936,0.1486,3
5,0.6,60,30,5,0.1,0.7,0.3936,0.1486,3
5,0.6,60,30,3,0.0,0.6,0.3936,0.1486,3
5,0.6,60,30,3,0.1,0.7,0.3936,0.1486,3
5,0.6,45,30,5,0.0,0.5,0.3936,0.1486,3
5,0.6,45,30,5,0.0,0.4,0.3936,0.1486,3
5,0.6,60,30,2,0.1,0.4,0.3936,0.1486,3
5,0.6,45,30,2,0.0,0.3,0.3936,0.1486,3
5,0.6,45,30,5,0.0,0.3,0.3936,0.1486,3
5,0.6,45,30,3,0.0,0.6,0.3936,0.1486,3
5,0.6,60,30,2,0.0,0.7,0.3936,0.1486,3
5,0.6,60,30,2,0.1,0.3,0.3936,0.1486,3
5,0.6,60,30,3,0.0,0.7,0.3936,0.1486,3
5,0.6,60,30,3,0.1,0.4,0.3936,0.1486,3
5,0.6,60,30,3,0.1,0.5,0.3936,0.1486,3
5,0.6,60,30,5,0.1,0.4,0.3936,0.1486,3
5,0.6,60,30,5,0.0,0.4,0.3936,0.1486,3
5,0.6,60,30,5,0.0,0.5,0.3936,0.1486,3
5,0.6,60,30,5,0.1,0.5,0.3936,0.1486,3
5,0.6,60,30,5,0.0,0.3,0.3936,0.1486,3
5,0.6,60,30,2,0.1,0.6,0.3936,0.1486,3
7,0.6,60,30,2,0.2,0.3,0.3859,0.1542,3
7,0.6,60,30,2,0.2,0.4,0.3859,0.1542,3
7,0.6,20,30,2,0.2,0.4,0.3859,0.1542,3
7,0.6,20,30,3,0.2,0.7,0.3859,0.1542,3
7,0.6,20,30,3,0.2,0.6,0.3859,0.1542,3
7,0.6,20,30,2,0.2,0.3,0.3859,0.1542,3
7,0.6,20,30,2,0.1,0.7,0.3859,0.1542,3
7,0.6,20,30,3,0.0,0.5,0.3859,0.1542,3
7,0.6,20,30,3,0.0,0.6,0.3859,0.1542,3
7,0.6,20,30,3,0.0,0.7,0.3859,0.1542,3
7,0.6,20,30,5,0.2,0.7,0.3859,0.1542,3
7,0.6,20,30,5,0.2,0.6,0.3859,0.1542,3
7,0.6,20,30,5,0.2,0.5,0.3859,0.1542,3
7,0.6,20,30,2,0.1,0.3,0.3859,0.1542,3
7,0.6,20,30,2,0.0,0.7,0.3859,0.1542,3
7,0.6,20,30,2,0.1,0.6,0.3859,0.1542,3
7,0.6,20,30,3,0.2,0.5,0.3859,0.1542,3
7,0.6,20,30,3,0.1,0.3,0.3859,0.1542,3
7,0.6,20,30,2,0.0,0.6,0.3859,0.1542,3
7,0.6,60,30,3,0.2,0.4,0.3859,0.1542,3
7,0.6,60,30,3,0.2,0.3,0.3859,0.1542,3
7,0.6,20,30,5,0.0,0.7,0.3859,0.1542,3
7,0.6,20,30,5,0.0,0.6,0.3859,0.1542,3
7,0.6,60,30,2,0.2,0.7,0.3859,0.1542,3
7,0.6,60,30,3,0.2,0.5,0.3859,0.1542,3
7,0.6,60,30,2,0.2,0.5,0.3859,0.1542,3
7,0.6,20,30,2,0.2,0.6,0.3859,0.1542,3
7,0.6,20,30,2,0.2,0.5,0.3859,0.1542,3
7,0.6,20,30,2,0.0,0.5,0.3859,0.1542,3
7,0.6,20,30,2,0.0,0.4,0.3859,0.1542,3
7,0.6,20,30,5,0.1,0.6,0.3859,0.1542,3
7,0.6,20,30,5,0.1,0.7,0.3859,0.1542,3
7,0.6,20,30,5,0.2,0.3,0.3859,0.1542,3
7,0.6,20,30,5,0.2,0.4,0.3859,0.1542,3
7,0.6,60,30,5,0.2,0.4,0.3859,0.1542,3
7,0.6,60,30,5,0.2,0.5,0.3859,0.1542,3
7,0.6,60,30,5,0.2,0.6,0.3859,0.1542,3
7,0.6,60,30,5,0.2,0.7,0.3859,0.1542,3
7,0.6,60,30,3,0.2,0.6,0.3859,0.1542,3
7,0.6,60,30,3,0.2,0.7,0.3859,0.1542,3
7,0.6,60,30,5,0.2,0.3,0.3859,0.1542,3
7,0.6,20,30,2,0.1,0.4,0.3859,0.1542,3
7,0.6,20,30,5,0.1,0.5,0.3859,0.1542,3
7,0.6,20,30,5,0.1,0.4,0.3859,0.1542,3
7,0.6,20,30,2,0.1,0.5,0.3859,0.1542,3
7,0.6,60,30,2,0.2,0.6,0.3859,0.1542,3
7,0.6,20,30,2,0.0,0.3,0.3859,0.1542,3
7,0.6,20,30,5,0.1,0.3,0.3859,0.1542,3
7,0.6,90,30,3,0.0,0.3,0.3859,0.1542,3
7,0.6,90,30,2,0.0,0.6,0.3859,0.1542,3
7,0.6,20,30,3,0.2,0.4,0.3859,0.1542,3
7,0.6,20,30,3,0.1,0.4,0.3859,0.1542,3
7,0.6,90,30,2,0.0,0.7,0.3859,0.1542,3
7,0.6,20,30,2,0.2,0.7,0.3859,0.1542,3
7,0.6,20,30,3,0.0,0.3,0.3859,0.1542,3
7,0.6,20,30,3,0.0,0.4,0.3859,0.1542,3
7,0.6,20,30,3,0.1,0.7,0.3859,0.1542,3
7,0.6,20,30,3,0.2,0.3,0.3859,0.1542,3
7,0.6,90,30,3,0.0,0.4,0.3859,0.1542,3
7,0.6,90,30,5,0.1,0.6,0.3859,0.1542,3
7,0.6,90,30,5,0.1,0.5,0.3859,0.1542,3
7,0.6,90,30,3,0.1,0.7,0.3859,0.1542,3
7,0.6,90,30,3,0.1,0.6,0.3859,0.1542,3
7,0.6,90,30,3,0.1,0.5,0.3859,0.1542,3
7,0.6,90,30,3,0.1,0.4,0.3859,0.1542,3
7,0.6,90,30,2,0.1,0.5,0.3859,0.1542,3
7,0.6,90,30,2,0.1,0.4,0.3859,0.1542,3
7,0.6,90,30,2,0.1,0.3,0.3859,0.1542,3
7,0.6,90,30,5,0.1,0.4,0.3859,0.1542,3
7,0.6,90,30,5,0.1,0.3,0.3859,0.1542,3
7,0.6,90,30,5,0.0,0.7,0.3859,0.1542,3
7,0.6,90,30,2,0.1,0.7,0.3859,0.1542,3
7,0.6,90,30,2,0.1,0.6,0.3859,0.1542,3
7,0.6,90,30,5,0.0,0.6,0.3859,0.1542,3
7,0.6,90,30,5,0.1,0.7,0.3859,0.1542,3
7,0.6,20,30,5,0.0,0.5,0.3859,0.1542,3
7,0.6,20,30,5,0.0,0.4,0.3859,0.1542,3
7,0.6,20,30,5,0.0,0.3,0.3859,0.1542,3
7,0.6,20,30,3,0.1,0.6,0.3859,0.1542,3
7,0.6,20,30,3,0.1,0.5,0.3859,0.1542,3
7,0.6,90,30,5,0.0,0.5,0.3859,0.1542,3
7,0.6,90,30,5,0.0,0.4,0.3859,0.1542,3
7,0.6,90,30,3,0.0,0.6,0.3859,0.1542,3
7,0.6,90,30,3,0.0,0.5,0.3859,0.1542,3
7,0.6,90,30,3,0.0,0.7,0.3859,0.1542,3
7,0.6,90,30,3,0.1,0.3,0.3859,0.1542,3
7,0.6,90,30,2,0.0,0.3,0.3859,0.1542,3
7,0.6,90,30,2,0.0,0.4,0.3859,0.1542,3
7,0.6,90,30,2,0.0,0.5,0.3859,0.1542,3
7,0.6,90,30,5,0.0,0.3,0.3859,0.1542,3
15,0.6,90,20,3,0.2,0.6,0.3857,0.1833,3
15,0.6,90,20,3,0.2,0.5,0.3857,0.1833,3
15,0.6,90,20,3,0.2,0.4,0.3857,0.1833,3
15,0.6,90,20,3,0.2,0.3,0.3857,0.1833,3
15,0.6,90,20,3,0.1,0.6,0.3857,0.1833,3
15,0.6,90,20,3,0.1,0.5,0.3857,0.1833,3
15,0.6,90,20,3,0.1,0.4,0.3857,0.1833,3
15,0.6,90,20,3,0.1,0.3,0.3857,0.1833,3
15,0.6,90,20,3,0.0,0.6,0.3857,0.1833,3
15,0.6,90,20,3,0.0,0.5,0.3857,0.1833,3
15,0.6,90,20,3,0.0,0.3,0.3857,0.1833,3
15,0.6,90,20,2,0.2,0.6,0.3857,0.1833,3
15,0.6,90,20,2,0.2,0.5,0.3857,0.1833,3
15,0.6,90,20,2,0.2,0.4,0.3857,0.1833,3
15,0.6,90,20,2,0.2,0.3,0.3857,0.1833,3
15,0.6,90,20,2,0.1,0.6,0.3857,0.1833,3
15,0.6,90,20,2,0.1,0.5,0.3857,0.1833,3
15,0.6,90,20,2,0.1,0.4,0.3857,0.1833,3
15,0.6,90,20,2,0.1,0.3,0.3857,0.1833,3
15,0.6,90,20,2,0.0,0.6,0.3857,0.1833,3
15,0.6,90,20,2,0.0,0.5,0.3857,0.1833,3
15,0.6,90,20,2,0.0,0.4,0.3857,0.1833,3
15,0.6,90,20,2,0.0,0.3,0.3857,0.1833,3
15,0.6,30,20,3,0.1,0.5,0.3857,0.1833,3
15,0.6,30,20,3,0.1,0.4,0.3857,0.1833,3
15,0.6,30,20,3,0.1,0.3,0.3857,0.1833,3
15,0.6,30,20,3,0.0,0.6,0.3857,0.1833,3
15,0.6,30,20,3,0.0,0.5,0.3857,0.1833,3
15,0.6,30,20,3,0.0,0.4,0.3857,0.1833,3
15,0.6,30,20,3,0.0,0.3,0.3857,0.1833,3
15,0.6,30,20,2,0.2,0.6,0.3857,0.1833,3
15,0.6,30,20,2,0.2,0.5,0.3857,0.1833,3
15,0.6,30,20,2,0.2,0.4,0.3857,0.1833,3
15,0.6,30,20,2,0.2,0.3,0.3857,0.1833,3
15,0.6,30,20,2,0.1,0.6,0.3857,0.1833,3
15,0.6,45,20,3,0.1,0.3,0.3857,0.1833,3
15,0.6,45,20,3,0.0,0.6,0.3857,0.1833,3
15,0.6,45,20,3,0.0,0.5,0.3857,0.1833,3
15,0.6,45,20,3,0.0,0.4,0.3857,0.1833,3
15,0.6,45,20,3,0.0,0.3,0.3857,0.1833,3
15,0.6,45,20,2,0.2,0.6,0.3857,0.1833,3
15,0.6,45,20,2,0.2,0.5,0.3857,0.1833,3
15,0.6,45,20,2,0.2,0.4,0.3857,0.1833,3
15,0.6,45,20,2,0.2,0.3,0.3857,0.1833,3
15,0.6,45,20,2,0.1,0.6,0.3857,0.1833,3
15,0.6,45,20,2,0.1,0.5,0.3857,0.1833,3
15,0.6,45,20,2,0.1,0.4,0.3857,0.1833,3
15,0.6,45,20,2,0.1,0.3,0.3857,0.1833,3
15,0.6,30,20,2,0.1,0.5,0.3857,0.1833,3
15,0.6,30,20,2,0.1,0.4,0.3857,0.1833,3
15,0.6,30,20,5,0.0,0.3,0.3857,0.1833,3
15,0.6,30,20,3,0.2,0.6,0.3857,0.1833,3
15,0.6,30,20,3,0.2,0.5,0.3857,0.1833,3
15,0.6,45,20,2,0.0,0.6,0.3857,0.1833,3
15,0.6,45,20,2,0.0,0.5,0.3857,0.1833,3
15,0.6,45,20,2,0.0,0.4,0.3857,0.1833,3
15,0.6,45,20,2,0.0,0.3,0.3857,0.1833,3
15,0.6,30,20,3,0.2,0.4,0.3857,0.1833,3
15,0.6,30,20,3,0.2,0.3,0.3857,0.1833,3
15,0.6,30,20,3,0.1,0.6,0.3857,0.1833,3
15,0.6,90,20,3,0.0,0.4,0.3857,0.1833,3
15,0.6,30,20,5,0.1,0.5,0.3857,0.1833,3
15,0.6,30,20,5,0.1,0.4,0.3857,0.1833,3
15,0.6,30,20,5,0.1,0.3,0.3857,0.1833,3
15,0.6,30,20,5,0.0,0.6,0.3857,0.1833,3
15,0.6,30,20,5,0.0,0.5,0.3857,0.1833,3
15,0.6,30,20,5,0.0,0.4,0.3857,0.1833,3
15,0.6,45,20,5,0.1,0.4,0.3857,0.1833,3
15,0.6,45,20,5,0.1,0.3,0.3857,0.1833,3
15,0.6,45,20,5,0.0,0.6,0.3857,0.1833,3
15,0.6,45,20,5,0.0,0.5,0.3857,0.1833,3
15,0.6,45,20,5,0.0,0.4,0.3857,0.1833,3
15,0.6,45,20,5,0.0,0.3,0.3857,0.1833,3
15,0.6,45,20,3,0.2,0.6,0.3857,0.1833,3
15,0.6,45,20,3,0.2,0.5,0.3857,0.1833,3
15,0.6,45,20,3,0.2,0.4,0.3857,0.1833,3
15,0.6,45,20,3,0.2,0.3,0.3857,0.1833,3
15,0.6,45,20,3,0.1,0.6,0.3857,0.1833,3
15,0.6,45,20,3,0.1,0.5,0.3857,0.1833,3
15,0.6,45,20,3,0.1,0.4,0.3857,0.1833,3
15,0.6,45,20,5,0.2,0.6,0.3857,0.1833,3
15,0.6,45,20,5,0.2,0.5,0.3857,0.1833,3
15,0.6,45,20,5,0.2,0.4,0.3857,0.1833,3
15,0.6,45,20,5,0.2,0.3,0.3857,0.1833,3
15,0.6,45,20,5,0.1,0.6,0.3857,0.1833,3
15,0.6,45,20,5,0.1,0.5,0.3857,0.1833,3
15,0.6,30,20,2,0.1,0.3,0.3857,0.1833,3
15,0.6,30,20,2,0.0,0.6,0.3857,0.1833,3
15,0.6,30,20,2,0.0,0.5,0.3857,0.1833,3
15,0.6,30,20,2,0.0,0.4,0.3857,0.1833,3
15,0.6,30,20,2,0.0,0.3,0.3857,0.1833,3
15,0.6,60,20,5,0.2,0.5,0.3857,0.1833,3
15,0.6,60,20,5,0.2,0.4,0.3857,0.1833,3
15,0.6,60,20,5,0.2,0.3,0.3857,0.1833,3
15,0.6,60,20,5,0.1,0.6,0.3857,0.1833,3
15,0.6,60,20,2,0.0,0.4,0.3857,0.1833,3
15,0.6,60,20,2,0.0,0.3,0.3857,0.1833,3
15,0.6,30,20,5,0.2,0.6,0.3857,0.1833,3
15,0.6,30,20,5,0.2,0.5,0.3857,0.1833,3
15,0.6,30,20,5,0.2,0.4,0.3857,0.1833,3
15,0.6,30,20,5,0.2,0.3,0.3857,0.1833,3
15,0.6,30,20,5,0.1,0.6,0.3857,0.1833,3
15,0.6,60,20,5,0.1,0.5,0.3857,0.1833,3
15,0.6,60,20,5,0.1,0.4,0.3857,0.1833,3
15,0.6,60,20,5,0.1,0.3,0.3857,0.1833,3
15,0.6,60,20,5,0.0,0.6,0.3857,0.1833,3
15,0.6,60,20,5,0.0,0.5,0.3857,0.1833,3
15,0.6,60,20,5,0.0,0.4,0.3857,0.1833,3
15,0.6,60,20,5,0.0,0.3,0.3857,0.1833,3
15,0.6,60,20,3,0.2,0.6,0.3857,0.1833,3
15,0.6,60,20,3,0.2,0.5,0.3857,0.1833,3
15,0.6,60,20,3,0.2,0.4,0.3857,0.1833,3
15,0.6,60,20,3,0.2,0.3,0.3857,0.1833,3
15,0.6,60,20,5,0.2,0.6,0.3857,0.1833,3
15,0.6,60,20,2,0.2,0.6,0.3857,0.1833,3
15,0.6,60,20,2,0.2,0.5,0.3857,0.1833,3
15,0.6,60,20,2,0.1,0.6,0.3857,0.1833,3
15,0.6,60,20,2,0.1,0.5,0.3857,0.1833,3
15,0.6,60,20,2,0.1,0.4,0.3857,0.1833,3
15,0.6,60,20,2,0.1,0.3,0.3857,0.1833,3
15,0.6,60,20,2,0.0,0.6,0.3857,0.1833,3
15,0.6,60,20,2,0.0,0.5,0.3857,0.1833,3
15,0.6,60,20,3,0.1,0.6,0.3857,0.1833,3
15,0.6,60,20,3,0.1,0.5,0.3857,0.1833,3
15,0.6,60,20,3,0.1,0.4,0.3857,0.1833,3
15,0.6,60,20,3,0.1,0.3,0.3857,0.1833,3
15,0.6,60,20,3,0.0,0.6,0.3857,0.1833,3
15,0.6,60,20,3,0.0,0.5,0.3857,0.1833,3
15,0.6,60,20,3,0.0,0.4,0.3857,0.1833,3
15,0.6,60,20,3,0.0,0.3,0.3857,0.1833,3
15,0.6,60,20,2,0.2,0.4,0.3857,0.1833,3
15,0.6,60,20,2,0.2,0.3,0.3857,0.1833,3
15,0.6,90,20,5,0.2,0.6,0.3857,0.1833,3
15,0.6,90,20,5,0.2,0.5,0.3857,0.1833,3
15,0.6,90,20,5,0.2,0.4,0.3857,0.1833,3
15,0.6,90,20,5,0.2,0.3,0.3857,0.1833,3
15,0.6,90,20,5,0.0,0.4,0.3857,0.1833,3
15,0.6,90,20,5,0.0,0.3,0.3857,0.1833,3
15,0.6,90,20,5,0.1,0.6,0.3857,0.1833,3
15,0.6,90,20,5,0.1,0.5,0.3857,0.1833,3
15,0.6,90,20,5,0.1,0.4,0.3857,0.1833,3
15,0.6,90,20,5,0.1,0.3,0.3857,0.1833,3
15,0.6,90,20,5,0.0,0.5,0.3857,0.1833,3
15,0.6,90,20,5,0.0,0.6,0.3857,0.1833,3
7,0.6,60,30,5,0.1,0.5,0.3768,0.147,3
7,0.6,60,30,5,0.1,0.4,0.3768,0.147,3
7,0.6,60,30,5,0.1,0.3,0.3768,0.147,3
7,0.6,60,30,3,0.0,0.5,0.3768,0.147,3
7,0.6,60,30,5,0.0,0.7,0.3768,0.147,3
7,0.6,60,30,5,0.0,0.6,0.3768,0.147,3
7,0.6,30,30,2,0.1,0.3,0.3768,0.147,3
7,0.6,30,30,2,0.0,0.7,0.3768,0.147,3
7,0.6,30,30,2,0.0,0.6,0.3768,0.147,3
7,0.6,30,30,2,0.0,0.5,0.3768,0.147,3
7,0.6,30,30,2,0.0,0.4,0.3768,0.147,3
7,0.6,30,30,2,0.0,0.3,0.3768,0.147,3
7,0.6,30,30,3,0.1,0.3,0.3768,0.147,3
7,0.6,30,30,3,0.0,0.7,0.3768,0.147,3
7,0.6,30,30,3,0.0,0.6,0.3768,0.147,3
7,0.6,30,30,3,0.0,0.5,0.3768,0.147,3
7,0.6,30,30,3,0.0,0.4,0.3768,0.147,3
7,0.6,30,30,3,0.0,0.3,0.3768,0.147,3
7,0.6,60,30,5,0.0,0.4,0.3768,0.147,3
7,0.6,60,30,5,0.0,0.3,0.3768,0.147,3
7,0.6,30,30,2,0.2,0.7,0.3768,0.147,3
7,0.6,30,30,2,0.2,0.6,0.3768,0.147,3
7,0.6,30,30,2,0.2,0.5,0.3768,0.147,3
7,0.6,30,30,2,0.1,0.7,0.3768,0.147,3
7,0.6,30,30,2,0.1,0.6,0.3768,0.147,3
7,0.6,30,30,2,0.1,0.5,0.3768,0.147,3
7,0.6,30,30,2,0.1,0.4,0.3768,0.147,3
7,0.6,30,30,3,0.1,0.6,0.3768,0.147,3
7,0.6,30,30,3,0.1,0.5,0.3768,0.147,3
7,0.6,30,30,3,0.1,0.4,0.3768,0.147,3
7,0.6,30,30,5,0.0,0.3,0.3768,0.147,3
7,0.6,30,30,3,0.2,0.7,0.3768,0.147,3
7,0.6,30,30,3,0.2,0.6,0.3768,0.147,3
7,0.6,30,30,3,0.2,0.5,0.3768,0.147,3
7,0.6,30,30,3,0.2,0.4,0.3768,0.147,3
7,0.6,30,30,2,0.2,0.4,0.3768,0.147,3
7,0.6,45,30,5,0.1,0.4,0.3768,0.147,3
7,0.6,45,30,5,0.1,0.3,0.3768,0.147,3
7,0.6,60,30,2,0.1,0.7,0.3768,0.147,3
7,0.6,60,30,2,0.1,0.6,0.3768,0.147,3
7,0.6,60,30,2,0.1,0.5,0.3768,0.147,3
7,0.6,60,30,2,0.1,0.4,0.3768,0.147,3
7,0.6,60,30,2,0.1,0.3,0.3768,0.147,3
7,0.6,30,30,5,0.2,0.4,0.3768,0.147,3
7,0.6,30,30,5,0.2,0.3,0.3768,0.147,3
7,0.6,30,30,5,0.1,0.7,0.3768,0.147,3
7,0.6,30,30,5,0.1,0.6,0.3768,0.147,3
7,0.6,30,30,5,0.1,0.5,0.3768,0.147,3
7,0.6,30,30,5,0.1,0.4,0.3768,0.147,3
7,0.6,45,30,3,0.0,0.5,0.3768,0.147,3
7,0.6,45,30,3,0.0,0.4,0.3768,0.147,3
7,0.6,45,30,3,0.0,0.3,0.3768,0.147,3
7,0.6,45,30,2,0.2,0.7,0.3768,0.147,3
7,0.6,45,30,2,0.2,0.6,0.3768,0.147,3
7,0.6,45,30,2,0.2,0.5,0.3768,0.147,3
7,0.6,45,30,2,0.2,0.3,0.3768,0.147,3
7,0.6,45,30,2,0.1,0.7,0.3768,0.147,3
7,0.6,45,30,2,0.1,0.6,0.3768,0.147,3
7,0.6,45,30,3,0.1,0.6,0.3768,0.147,3
7,0.6,45,30,3,0.1,0.5,0.3768,0.147,3
7,0.6,45,30,3,0.1,0.4,0.3768,0.147,3
7,0.6,45,30,3,0.1,0.3,0.3768,0.147,3
7,0.6,45,30,3,0.0,0.7,0.3768,0.147,3
7,0.6,45,30,5,0.2,0.7,0.3768,0.147,3
7,0.6,45,30,5,0.2,0.6,0.3768,0.147,3
7,0.6,60,30,3,0.1,0.6,0.3768,0.147,3
7,0.6,60,30,3,0.1,0.5,0.3768,0.147,3
7,0.6,60,30,3,0.1,0.4,0.3768,0.147,3
7,0.6,60,30,3,0.1,0.3,0.3768,0.147,3
7,0.6,45,30,2,0.1,0.5,0.3768,0.147,3
7,0.6,45,30,2,0.1,0.4,0.3768,0.147,3
7,0.6,45,30,2,0.1,0.3,0.3768,0.147,3
7,0.6,45,30,2,0.0,0.7,0.3768,0.147,3
7,0.6,45,30,2,0.0,0.6,0.3768,0.147,3
7,0.6,45,30,5,0.0,0.7,0.3768,0.147,3
7,0.6,45,30,5,0.0,0.6,0.3768,0.147,3
7,0.6,60,30,2,0.0,0.7,0.3768,0.147,3
7,0.6,60,30,2,0.0,0.6,0.3768,0.147,3
7,0.6,45,30,3,0.2,0.5,0.3768,0.147,3
7,0.6,60,30,3,0.0,0.4,0.3768,0.147,3
7,0.6,60,30,3,0.0,0.3,0.3768,0.147,3
7,0.6,60,30,2,0.0,0.5,0.3768,0.147,3
7,0.6,60,30,2,0.0,0.4,0.3768,0.147,3
7,0.6,60,30,2,0.0,0.3,0.3768,0.147,3
7,0.6,60,30,3,0.1,0.7,0.3768,0.147,3
7,0.6,30,30,2,0.2,0.3,0.3768,0.147,3
7,0.6,30,30,5,0.2,0.6,0.3768,0.147,3
7,0.6,30,30,5,0.2,0.5,0.3768,0.147,3
7,0.6,45,30,2,0.0,0.5,0.3768,0.147,3
7,0.6,45,30,2,0.0,0.4,0.3768,0.147,3
7,0.6,45,30,2,0.0,0.3,0.3768,0.147,3
7,0.6,45,30,3,0.0,0.6,0.3768,0.147,3
7,0.6,45,30,5,0.2,0.5,0.3768,0.147,3
7,0.6,45,30,5,0.2,0.4,0.3768,0.147,3
7,0.6,45,30,5,0.2,0.3,0.3768,0.147,3
7,0.6,45,30,5,0.1,0.7,0.3768,0.147,3
7,0.6,45,30,5,0.1,0.6,0.3768,0.147,3
7,0.6,45,30,2,0.2,0.4,0.3768,0.147,3
7,0.6,60,30,3,0.0,0.7,0.3768,0.147,3
7,0.6,60,30,3,0.0,0.6,0.3768,0.147,3
7,0.6,45,30,5,0.1,0.5,0.3768,0.147,3
7,0.6,30,30,5,0.1,0.3,0.3768,0.147,3
7,0.6,30,30,5,0.0,0.7,0.3768,0.147,3
7,0.6,30,30,5,0.0,0.6,0.3768,0.147,3
7,0.6,30,30,5,0.0,0.5,0.3768,0.147,3
7,0.6,30,30,5,0.0,0.4,0.3768,0.147,3
7,0.6,30,30,3,0.2,0.3,0.3768,0.147,3
7,0.6,30,30,3,0.1,0.7,0.3768,0.147,3
7,0.6,45,30,5,0.0,0.5,0.3768,0.147,3
7,0.6,45,30,5,0.0,0.4,0.3768,0.147,3
7,0.6,45,30,5,0.0,0.3,0.3768,0.147,3
7,0.6,45,30,3,0.2,0.7,0.3768,0.147,3
7,0.6,45,30,3,0.2,0.6,0.3768,0.147,3
7,0.6,30,30,5,0.2,0.7,0.3768,0.147,3
7,0.6,45,30,3,0.2,0.4,0.3768,0.147,3
7,0.6,45,30,3,0.2,0.3,0.3768,0.147,3
7,0.6,45,30,3,0.1,0.7,0.3768,0.147,3
7,0.6,60,30,5,0.1,0.7,0.3768,0.147,3
7,0.6,60,30,5,0.1,0.6,0.3768,0.147,3
7,0.6,60,30,5,0.0,0.5,0.3768,0.147,3
11,0.6,30,30,5,0.1,0.4,0.3693,0.2111,3
11,0.6,30,30,5,0.1,0.5,0.3693,0.2111,3
11,0.6,90,30,5,0.1,0.7,0.3693,0.2111,3
11,0.6,90,30,5,0.2,0.3,0.3693,0.2111,3
11,0.6,90,30,3,0.0,0.4,0.3693,0.2111,3
11,0.6,90,30,3,0.0,0.3,0.3693,0.2111,3
11,0.6,90,30,2,0.2,0.7,0.3693,0.2111,3
11,0.6,90,30,2,0.2,0.6,0.3693,0.2111,3
11,0.6,90,30,2,0.1,0.6,0.3693,0.2111,3
11,0.6,90,30,5,0.2,0.4,0.3693,0.2111,3
11,0.6,90,30,5,0.2,0.5,0.3693,0.2111,3
11,0.6,90,30,5,0.2,0.6,0.3693,0.2111,3
11,0.6,90,30,5,0.2,0.7,0.3693,0.2111,3
11,0.6,90,30,3,0.1,0.7,0.3693,0.2111,3
11,0.6,90,30,3,0.2,0.3,0.3693,0.2111,3
11,0.6,90,30,5,0.0,0.6,0.3693,0.2111,3
11,0.6,90,30,5,0.0,0.7,0.3693,0.2111,3
11,0.6,90,30,5,0.1,0.3,0.3693,0.2111,3
11,0.6,90,30,5,0.1,0.4,0.3693,0.2111,3
11,0.6,90,30,5,0.1,0.5,0.3693,0.2111,3
11,0.6,90,30,5,0.1,0.6,0.3693,0.2111,3
11,0.6,90,30,2,0.1,0.7,0.3693,0.2111,3
11,0.6,90,30,2,0.2,0.3,0.3693,0.2111,3
11,0.6,30,30,5,0.1,0.6,0.3693,0.2111,3
11,0.6,30,30,5,0.1,0.7,0.3693,0.2111,3
11,0.6,30,30,3,0.1,0.4,0.3693,0.2111,3
11,0.6,30,30,3,0.1,0.5,0.3693,0.2111,3
11,0.6,30,30,3,0.1,0.6,0.3693,0.2111,3
11,0.6,30,30,3,0.1,0.7,0.3693,0.2111,3
11,0.6,60,30,3,0.2,0.7,0.3693,0.2111,3
11,0.6,60,30,5,0.0,0.3,0.3693,0.2111,3
11,0.6,60,30,5,0.0,0.4,0.3693,0.2111,3
11,0.6,60,30,2,0.0,0.6,0.3693,0.2111,3
11,0.6,60,30,2,0.0,0.7,0.3693,0.2111,3
11,0.6,60,30,3,0.2,0.6,0.3693,0.2111,3
11,0.6,60,30,5,0.1,0.7,0.3693,0.2111,3
11,0.6,60,30,5,0.2,0.3,0.3693,0.2111,3
11,0.6,60,30,5,0.2,0.4,0.3693,0.2111,3
11,0.6,60,30,3,0.0,0.7,0.3693,0.2111,3
11,0.6,60,30,3,0.1,0.3,0.3693,0.2111,3
11,0.6,60,30,5,0.2,0.6,0.3693,0.2111,3
11,0.6,60,30,5,0.2,0.7,0.3693,0.2111,3
11,0.6,60,30,5,0.2,0.5,0.3693,0.2111,3
11,0.6,90,30,3,0.0,0.5,0.3693,0.2111,3
11,0.6,60,30,2,0.2,0.3,0.3693,0.2111,3
11,0.6,60,30,2,0.2,0.4,0.3693,0.2111,3
11,0.6,60,30,2,0.2,0.5,0.3693,0.2111,3
11,0.6,60,30,2,0.2,0.6,0.3693,0.2111,3
11,0.6,60,30,2,0.2,0.7,0.3693,0.2111,3
11,0.6,60,30,3,0.0,0.3,0.3693,0.2111,3
11,0.6,60,30,3,0.0,0.4,0.3693,0.2111,3
11,0.6,60,30,3,0.0,0.5,0.3693,0.2111,3
11,0.6,60,30,3,0.0,0.6,0.3693,0.2111,3
11,0.6,60,30,3,0.1,0.4,0.3693,0.2111,3
11,0.6,60,30,3,0.1,0.5,0.3693,0.2111,3
11,0.6,60,30,3,0.1,0.6,0.3693,0.2111,3
11,0.6,60,30,3,0.1,0.7,0.3693,0.2111,3
11,0.6,60,30,3,0.2,0.3,0.3693,0.2111,3
11,0.6,60,30,3,0.2,0.4,0.3693,0.2111,3
11,0.6,60,30,3,0.2,0.5,0.3693,0.2111,3
11,0.6,45,30,5,0.1,0.4,0.3693,0.2111,3
11,0.6,45,30,5,0.1,0.5,0.3693,0.2111,3
11,0.6,45,30,5,0.1,0.6,0.3693,0.2111,3
11,0.6,45,30,2,0.2,0.5,0.3693,0.2111,3
11,0.6,45,30,2,0.2,0.6,0.3693,0.2111,3
11,0.6,45,30,5,0.1,0.7,0.3693,0.2111,3
11,0.6,45,30,5,0.2,0.3,0.3693,0.2111,3
11,0.6,45,30,5,0.2,0.4,0.3693,0.2111,3
11,0.6,60,30,2,0.0,0.3,0.3693,0.2111,3
11,0.6,60,30,2,0.0,0.4,0.3693,0.2111,3
11,0.6,60,30,2,0.0,0.5,0.3693,0.2111,3
11,0.6,60,30,2,0.1,0.3,0.3693,0.2111,3
11,0.6,60,30,2,0.1,0.4,0.3693,0.2111,3
11,0.6,60,30,2,0.1,0.5,0.3693,0.2111,3
11,0.6,60,30,2,0.1,0.6,0.3693,0.2111,3
11,0.6,60,30,2,0.1,0.7,0.3693,0.2111,3
11,0.6,45,30,3,0.2,0.4,0.3693,0.2111,3
11,0.6,45,30,3,0.2,0.5,0.3693,0.2111,3
11,0.6,45,30,2,0.0,0.3,0.3693,0.2111,3
11,0.6,45,30,2,0.0,0.4,0.3693,0.2111,3
11,0.6,45,30,5,0.2,0.5,0.3693,0.2111,3
11,0.6,45,30,5,0.2,0.6,0.3693,0.2111,3
11,0.6,45,30,5,0.2,0.7,0.3693,0.2111,3
11,0.6,45,30,3,0.2,0.6,0.3693,0.2111,3
11,0.6,45,30,3,0.2,0.7,0.3693,0.2111,3
11,0.6,45,30,5,0.0,0.3,0.3693,0.2111,3
11,0.6,45,30,5,0.0,0.4,0.3693,0.2111,3
11,0.6,45,30,5,0.0,0.5,0.3693,0.2111,3
11,0.6,45,30,5,0.0,0.6,0.3693,0.2111,3
11,0.6,45,30,5,0.0,0.7,0.3693,0.2111,3
11,0.6,45,30,5,0.1,0.3,0.3693,0.2111,3
11,0.6,20,30,3,0.1,0.5,0.3693,0.2111,3
11,0.6,90,30,2,0.0,0.4,0.3693,0.2111,3
11,0.6,90,30,2,0.0,0.5,0.3693,0.2111,3
11,0.6,90,30,2,0.0,0.6,0.3693,0.2111,3
11,0.6,90,30,2,0.0,0.7,0.3693,0.2111,3
11,0.6,90,30,2,0.1,0.3,0.3693,0.2111,3
11,0.6,90,30,2,0.1,0.4,0.3693,0.2111,3
11,0.6,90,30,2,0.1,0.5,0.3693,0.2111,3
11,0.6,60,30,5,0.0,0.5,0.3693,0.2111,3
11,0.6,60,30,5,0.0,0.6,0.3693,0.2111,3
11,0.6,60,30,5,0.0,0.7,0.3693,0.2111,3
11,0.6,60,30,5,0.1,0.3,0.3693,0.2111,3
11,0.6,60,30,5,0.1,0.4,0.3693,0.2111,3
11,0.6,60,30,5,0.1,0.5,0.3693,0.2111,3
11,0.6,60,30,5,0.1,0.6,0.3693,0.2111,3
11,0.6,45,30,3,0.1,0.6,0.3693,0.2111,3
11,0.6,45,30,3,0.1,0.7,0.3693,0.2111,3
11,0.6,45,30,3,0.2,0.3,0.3693,0.2111,3
11,0.6,20,30,5,0.1,0.4,0.3693,0.2111,3
11,0.6,20,30,2,0.1,0.4,0.3693,0.2111,3
11,0.6,20,30,2,0.1,0.5,0.3693,0.2111,3
11,0.6,20,30,2,0.1,0.6,0.3693,0.2111,3
11,0.6,20,30,2,0.1,0.7,0.3693,0.2111,3
11,0.6,20,30,2,0.2,0.3,0.3693,0.2111,3
11,0.6,20,30,2,0.2,0.4,0.3693,0.2111,3
11,0.6,20,30,2,0.2,0.5,0.3693,0.2111,3
11,0.6,20,30,2,0.2,0.6,0.3693,0.2111,3
11,0.6,20,30,3,0.1,0.4,0.3693,0.2111,3
11,0.6,20,30,5,0.2,0.7,0.3693,0.2111,3
11,0.6,20,30,3,0.1,0.6,0.3693,0.2111,3
11,0.6,20,30,3,0.1,0.7,0.3693,0.2111,3
11,0.6,20,30,3,0.2,0.3,0.3693,0.2111,3
11,0.6,20,30,3,0.2,0.4,0.3693,0.2111,3
11,0.6,20,30,3,0.2,0.5,0.3693,0.2111,3
11,0.6,20,30,3,0.2,0.6,0.3693,0.2111,3
11,0.6,20,30,3,0.2,0.7,0.3693,0.2111,3
11,0.6,20,30,2,0.0,0.3,0.3693,0.2111,3
11,0.6,20,30,2,0.0,0.4,0.3693,0.2111,3
11,0.6,20,30,2,0.0,0.5,0.3693,0.2111,3
11,0.6,20,30,2,0.0,0.6,0.3693,0.2111,3
11,0.6,20,30,2,0.0,0.7,0.3693,0.2111,3
11,0.6,20,30,2,0.1,0.3,0.3693,0.2111,3
11,0.6,20,30,5,0.0,0.7,0.3693,0.2111,3
11,0.6,20,30,5,0.1,0.3,0.3693,0.2111,3
11,0.6,30,30,2,0.2,0.7,0.3693,0.2111,3
11,0.6,20,30,2,0.2,0.7,0.3693,0.2111,3
11,0.6,20,30,3,0.0,0.3,0.3693,0.2111,3
11,0.6,20,30,3,0.0,0.4,0.3693,0.2111,3
11,0.6,20,30,3,0.0,0.5,0.3693,0.2111,3
11,0.6,20,30,3,0.0,0.6,0.3693,0.2111,3
11,0.6,20,30,3,0.0,0.7,0.3693,0.2111,3
11,0.6,20,30,3,0.1,0.3,0.3693,0.2111,3
11,0.6,30,30,2,0.0,0.4,0.3693,0.2111,3
11,0.6,30,30,2,0.0,0.5,0.3693,0.2111,3
11,0.6,30,30,2,0.0,0.6,0.3693,0.2111,3
11,0.6,30,30,2,0.0,0.7,0.3693,0.2111,3
11,0.6,20,30,5,0.2,0.3,0.3693,0.2111,3
11,0.6,20,30,5,0.2,0.4,0.3693,0.2111,3
11,0.6,20,30,5,0.2,0.5,0.3693,0.2111,3
11,0.6,20,30,5,0.2,0.6,0.3693,0.2111,3
11,0.6,30,30,2,0.0,0.3,0.3693,0.2111,3
11,0.6,20,30,5,0.1,0.5,0.3693,0.2111,3
11,0.6,20,30,5,0.1,0.6,0.3693,0.2111,3
11,0.6,20,30,5,0.1,0.7,0.3693,0.2111,3
11,0.6,20,30,5,0.0,0.3,0.3693,0.2111,3
11,0.6,20,30,5,0.0,0.4,0.3693,0.2111,3
11,0.6,20,30,5,0.0,0.5,0.3693,0.2111,3
11,0.6,20,30,5,0.0,0.6,0.3693,0.2111,3
11,0.6,30,30,2,0.1,0.4,0.3693,0.2111,3
11,0.6,30,30,2,0.1,0.5,0.3693,0.2111,3
11,0.6,30,30,2,0.1,0.6,0.3693,0.2111,3
11,0.6,30,30,2,0.1,0.7,0.3693,0.2111,3
11,0.6,30,30,2,0.2,0.3,0.3693,0.2111,3
11,0.6,30,30,2,0.2,0.4,0.3693,0.2111,3
11,0.6,30,30,2,0.2,0.5,0.3693,0.2111,3
11,0.6,30,30,2,0.2,0.6,0.3693,0.2111,3
11,0.6,30,30,5,0.2,0.7,0.3693,0.2111,3
11,0.6,45,30,2,0.2,0.7,0.3693,0.2111,3
11,0.6,45,30,3,0.0,0.3,0.3693,0.2111,3
11,0.6,45,30,3,0.0,0.4,0.3693,0.2111,3
11,0.6,45,30,3,0.0,0.5,0.3693,0.2111,3
11,0.6,45,30,3,0.0,0.6,0.3693,0.2111,3
11,0.6,45,30,3,0.0,0.7,0.3693,0.2111,3
11,0.6,45,30,3,0.1,0.3,0.3693,0.2111,3
11,0.6,45,30,3,0.1,0.4,0.3693,0.2111,3
11,0.6,45,30,3,0.1,0.5,0.3693,0.2111,3
11,0.6,30,30,3,0.0,0.3,0.3693,0.2111,3
11,0.6,30,30,3,0.0,0.4,0.3693,0.2111,3
11,0.6,30,30,3,0.0,0.5,0.3693,0.2111,3
11,0.6,30,30,3,0.0,0.6,0.3693,0.2111,3
11,0.6,30,30,3,0.0,0.7,0.3693,0.2111,3
11,0.6,30,30,3,0.1,0.3,0.3693,0.2111,3
11,0.6,30,30,5,0.0,0.6,0.3693,0.2111,3
11,0.6,30,30,5,0.0,0.7,0.3693,0.2111,3
11,0.6,45,30,2,0.0,0.5,0.3693,0.2111,3
11,0.6,45,30,2,0.0,0.6,0.3693,0.2111,3
11,0.6,45,30,2,0.0,0.7,0.3693,0.2111,3
11,0.6,45,30,2,0.1,0.3,0.3693,0.2111,3
11,0.6,45,30,2,0.1,0.4,0.3693,0.2111,3
11,0.6,90,30,3,0.2,0.4,0.3693,0.2111,3
11,0.6,90,30,3,0.2,0.5,0.3693,0.2111,3
11,0.6,90,30,3,0.2,0.6,0.3693,0.2111,3
11,0.6,90,30,3,0.2,0.7,0.3693,0.2111,3
11,0.6,90,30,5,0.0,0.3,0.3693,0.2111,3
11,0.6,90,30,5,0.0,0.4,0.3693,0.2111,3
11,0.6,90,30,5,0.0,0.5,0.3693,0.2111,3
11,0.6,30,30,5,0.1,0.3,0.3693,0.2111,3
11,0.6,90,30,2,0.2,0.4,0.3693,0.2111,3
11,0.6,90,30,3,0.0,0.6,0.3693,0.2111,3
11,0.6,90,30,3,0.0,0.7,0.3693,0.2111,3
11,0.6,90,30,3,0.1,0.3,0.3693,0.2111,3
11,0.6,90,30,3,0.1,0.4,0.3693,0.2111,3
11,0.6,90,30,3,0.1,0.5,0.3693,0.2111,3
11,0.6,90,30,3,0.1,0.6,0.3693,0.2111,3
11,0.6,90,30,2,0.0,0.3,0.3693,0.2111,3
11,0.6,45,30,2,0.1,0.5,0.3693,0.2111,3
11,0.6,45,30,2,0.1,0.6,0.3693,0.2111,3
11,0.6,45,30,2,0.1,0.7,0.3693,0.2111,3
11,0.6,45,30,2,0.2,0.3,0.3693,0.2111,3
11,0.6,45,30,2,0.2,0.4,0.3693,0.2111,3
11,0.6,30,30,5,0.2,0.3,0.3693,0.2111,3
11,0.6,30,30,5,0.2,0.4,0.3693,0.2111,3
11,0.6,30,30,5,0.2,0.5,0.3693,0.2111,3
11,0.6,30,30,5,0.2,0.6,0.3693,0.2111,3
11,0.6,90,30,2,0.2,0.5,0.3693,0.2111,3
11,0.6,30,30,3,0.2,0.3,0.3693,0.2111,3
11,0.6,30,30,3,0.2,0.4,0.3693,0.2111,3
11,0.6,30,30,3,0.2,0.5,0.3693,0.2111,3
11,0.6,30,30,3,0.2,0.6,0.3693,0.2111,3
11,0.6,30,30,3,0.2,0.7,0.3693,0.2111,3
11,0.6,30,30,2,0.1,0.3,0.3693,0.2111,3
11,0.6,30,30,5,0.0,0.3,0.3693,0.2111,3
11,0.6,30,30,5,0.0,0.4,0.3693,0.2111,3
11,0.6,30,30,5,0.0,0.5,0.3693,0.2111,3
15,0.6,90,30,3,0.2,0.7,0.3058,0.1945,3
15,0.6,90,30,2,0.1,0.7,0.3058,0.1945,3
15,0.6,90,30,2,0.2,0.7,0.3058,0.1945,3
15,0.6,90,30,3,0.0,0.7,0.3058,0.1945,3
15,0.6,45,30,5,0.2,0.7,0.3058,0.1945,3
15,0.6,45,30,3,0.2,0.7,0.3058,0.1945,3
15,0.6,45,30,5,0.0,0.7,0.3058,0.1945,3
15,0.6,30,30,2,0.2,0.7,0.3058,0.1945,3
15,0.6,30,30,5,0.0,0.7,0.3058,0.1945,3
15,0.6,30,30,5,0.2,0.7,0.3058,0.1945,3
15,0.6,30,30,3,0.2,0.7,0.3058,0.1945,3
15,0.6,45,30,3,0.1,0.7,0.3058,0.1945,3
15,0.6,45,30,2,0.0,0.7,0.3058,0.1945,3
15,0.6,45,30,2,0.2,0.7,0.3058,0.1945,3
15,0.6,45,30,3,0.0,0.7,0.3058,0.1945,3
15,0.6,45,30,2,0.1,0.7,0.3058,0.1945,3
15,0.6,45,30,5,0.1,0.7,0.3058,0.1945,3
15,0.6,30,30,3,0.0,0.7,0.3058,0.1945,3
15,0.6,30,30,3,0.1,0.7,0.3058,0.1945,3
15,0.6,30,30,5,0.1,0.7,0.3058,0.1945,3
15,0.6,20,30,5,0.1,0.4,0.3058,0.1945,3
15,0.6,20,30,5,0.1,0.5,0.3058,0.1945,3
15,0.6,20,30,5,0.1,0.6,0.3058,0.1945,3
15,0.6,20,30,5,0.2,0.3,0.3058,0.1945,3
15,0.6,20,30,5,0.1,0.7,0.3058,0.1945,3
15,0.6,20,30,5,0.0,0.6,0.3058,0.1945,3
15,0.6,20,30,5,0.0,0.7,0.3058,0.1945,3
15,0.6,60,30,3,0.2,0.7,0.3058,0.1945,3
15,0.6,60,30,3,0.1,0.7,0.3058,0.1945,3
15,0.6,60,30,3,0.0,0.7,0.3058,0.1945,3
15,0.6,60,30,2,0.2,0.7,0.3058,0.1945,3
15,0.6,60,30,2,0.1,0.7,0.3058,0.1945,3
15,0.6,60,30,2,0.0,0.7,0.3058,0.1945,3
15,0.6,20,30,3,0.0,0.4,0.3058,0.1945,3
15,0.6,20,30,2,0.0,0.3,0.3058,0.1945,3
15,0.6,90,30,2,0.0,0.7,0.3058,0.1945,3
15,0.6,20,30,5,0.2,0.5,0.3058,0.1945,3
15,0.6,20,30,5,0.2,0.4,0.3058,0.1945,3
15,0.6,20,30,3,0.1,0.3,0.3058,0.1945,3
15,0.6,20,30,3,0.0,0.5,0.3058,0.1945,3
15,0.6,20,30,3,0.0,0.6,0.3058,0.1945,3
15,0.6,20,30,3,0.1,0.4,0.3058,0.1945,3
15,0.6,20,30,3,0.1,0.5,0.3058,0.1945,3
15,0.6,20,30,5,0.2,0.6,0.3058,0.1945,3
15,0.6,20,30,5,0.2,0.7,0.3058,0.1945,3
15,0.6,90,30,5,0.0,0.7,0.3058,0.1945,3
15,0.6,20,30,3,0.2,0.3,0.3058,0.1945,3
15,0.6,20,30,3,0.1,0.7,0.3058,0.1945,3
15,0.6,20,30,3,0.1,0.6,0.3058,0.1945,3
15,0.6,20,30,5,0.0,0.4,0.3058,0.1945,3
15,0.6,20,30,5,0.0,0.5,0.3058,0.1945,3
15,0.6,90,30,5,0.1,0.7,0.3058,0.1945,3
15,0.6,20,30,5,0.0,0.3,0.3058,0.1945,3
15,0.6,20,30,3,0.2,0.7,0.3058,0.1945,3
15,0.6,20,30,3,0.2,0.6,0.3058,0.1945,3
15,0.6,20,30,2,0.1,0.7,0.3058,0.1945,3
15,0.6,20,30,2,0.1,0.6,0.3058,0.1945,3
15,0.6,20,30,2,0.1,0.5,0.3058,0.1945,3
15,0.6,20,30,2,0.1,0.4,0.3058,0.1945,3
15,0.6,20,30,2,0.1,0.3,0.3058,0.1945,3
15,0.6,20,30,2,0.0,0.7,0.3058,0.1945,3
15,0.6,20,30,2,0.0,0.6,0.3058,0.1945,3
15,0.6,20,30,2,0.0,0.5,0.3058,0.1945,3
15,0.6,20,30,2,0.0,0.4,0.3058,0.1945,3
15,0.6,90,30,5,0.2,0.7,0.3058,0.1945,3
15,0.6,60,30,5,0.0,0.7,0.3058,0.1945,3
15,0.6,60,30,5,0.1,0.7,0.3058,0.1945,3
15,0.6,60,30,5,0.2,0.7,0.3058,0.1945,3
15,0.6,90,30,3,0.1,0.7,0.3058,0.1945,3
15,0.6,20,30,2,0.2,0.5,0.3058,0.1945,3
15,0.6,20,30,2,0.2,0.6,0.3058,0.1945,3
15,0.6,20,30,2,0.2,0.7,0.3058,0.1945,3
15,0.6,20,30,3,0.0,0.3,0.3058,0.1945,3
15,0.6,20,30,2,0.2,0.3,0.3058,0.1945,3
15,0.6,20,30,2,0.2,0.4,0.3058,0.1945,3
15,0.6,20,30,3,0.0,0.7,0.3058,0.1945,3
15,0.6,20,30,3,0.2,0.5,0.3058,0.1945,3
15,0.6,20,30,3,0.2,0.4,0.3058,0.1945,3
15,0.6,30,30,2,0.1,0.7,0.3058,0.1945,3
15,0.6,20,30,5,0.1,0.3,0.3058,0.1945,3
15,0.6,30,30,2,0.0,0.7,0.3058,0.1945,3
15,0.6,45,30,5,0.1,0.3,0.2971,0.1858,3
15,0.6,45,30,5,0.0,0.6,0.2971,0.1858,3
15,0.6,45,30,5,0.0,0.5,0.2971,0.1858,3
15,0.6,90,30,3,0.0,0.6,0.2971,0.1858,3
15,0.6,90,30,3,0.1,0.4,0.2971,0.1858,3
15,0.6,90,30,3,0.1,0.3,0.2971,0.1858,3
15,0.6,90,30,2,0.2,0.3,0.2971,0.1858,3
15,0.6,90,30,5,0.0,0.3,0.2971,0.1858,3
15,0.6,90,30,2,0.2,0.6,0.2971,0.1858,3
15,0.6,90,30,2,0.2,0.5,0.2971,0.1858,3
15,0.6,90,30,3,0.0,0.4,0.2971,0.1858,3
15,0.6,90,30,3,0.0,0.3,0.2971,0.1858,3
15,0.6,90,30,3,0.0,0.5,0.2971,0.1858,3
15,0.6,90,30,2,0.2,0.4,0.2971,0.1858,3
15,0.6,90,30,5,0.0,0.4,0.2971,0.1858,3
15,0.6,90,30,2,0.1,0.6,0.2971,0.1858,3
15,0.6,30,30,3,0.1,0.6,0.2971,0.1858,3
15,0.6,30,30,3,0.1,0.5,0.2971,0.1858,3
15,0.6,30,30,3,0.1,0.4,0.2971,0.1858,3
15,0.6,30,30,3,0.1,0.3,0.2971,0.1858,3
15,0.6,30,30,3,0.0,0.5,0.2971,0.1858,3
15,0.6,30,30,3,0.0,0.6,0.2971,0.1858,3
15,0.6,30,30,3,0.0,0.3,0.2971,0.1858,3
15,0.6,30,30,3,0.0,0.4,0.2971,0.1858,3
15,0.6,30,30,2,0.2,0.3,0.2971,0.1858,3
15,0.6,30,30,2,0.2,0.4,0.2971,0.1858,3
15,0.6,30,30,2,0.2,0.6,0.2971,0.1858,3
15,0.6,30,30,2,0.2,0.5,0.2971,0.1858,3
15,0.6,30,30,5,0.2,0.3,0.2971,0.1858,3
15,0.6,30,30,5,0.1,0.4,0.2971,0.1858,3
15,0.6,30,30,5,0.1,0.5,0.2971,0.1858,3
15,0.6,30,30,5,0.1,0.6,0.2971,0.1858,3
15,0.6,30,30,5,0.2,0.6,0.2971,0.1858,3
15,0.6,30,30,3,0.2,0.4,0.2971,0.1858,3
15,0.6,30,30,3,0.2,0.6,0.2971,0.1858,3
15,0.6,30,30,5,0.1,0.3,0.2971,0.1858,3
15,0.6,30,30,5,0.0,0.5,0.2971,0.1858,3
15,0.6,30,30,5,0.0,0.6,0.2971,0.1858,3
15,0.6,30,30,5,0.0,0.3,0.2971,0.1858,3
15,0.6,30,30,5,0.0,0.4,0.2971,0.1858,3
15,0.6,30,30,3,0.2,0.5,0.2971,0.1858,3
15,0.6,45,30,2,0.0,0.6,0.2971,0.1858,3
15,0.6,45,30,2,0.1,0.3,0.2971,0.1858,3
15,0.6,45,30,2,0.1,0.4,0.2971,0.1858,3
15,0.6,45,30,2,0.1,0.5,0.2971,0.1858,3
15,0.6,45,30,2,0.1,0.6,0.2971,0.1858,3
15,0.6,30,30,5,0.2,0.4,0.2971,0.1858,3
15,0.6,30,30,5,0.2,0.5,0.2971,0.1858,3
15,0.6,45,30,5,0.1,0.4,0.2971,0.1858,3
15,0.6,45,30,5,0.1,0.5,0.2971,0.1858,3
15,0.6,45,30,3,0.0,0.4,0.2971,0.1858,3
15,0.6,45,30,3,0.0,0.3,0.2971,0.1858,3
15,0.6,45,30,2,0.2,0.5,0.2971,0.1858,3
15,0.6,45,30,2,0.2,0.6,0.2971,0.1858,3
15,0.6,45,30,2,0.2,0.3,0.2971,0.1858,3
15,0.6,45,30,2,0.0,0.5,0.2971,0.1858,3
15,0.6,45,30,3,0.1,0.4,0.2971,0.1858,3
15,0.6,45,30,2,0.0,0.4,0.2971,0.1858,3
15,0.6,45,30,2,0.0,0.3,0.2971,0.1858,3
15,0.6,45,30,3,0.1,0.6,0.2971,0.1858,3
15,0.6,45,30,3,0.1,0.3,0.2971,0.1858,3
15,0.6,45,30,3,0.1,0.5,0.2971,0.1858,3
15,0.6,45,30,3,0.0,0.5,0.2971,0.1858,3
15,0.6,45,30,3,0.0,0.6,0.2971,0.1858,3
15,0.6,45,30,5,0.2,0.3,0.2971,0.1858,3
15,0.6,45,30,5,0.1,0.6,0.2971,0.1858,3
15,0.6,45,30,2,0.2,0.4,0.2971,0.1858,3
15,0.6,90,30,3,0.1,0.5,0.2971,0.1858,3
15,0.6,45,30,5,0.2,0.6,0.2971,0.1858,3
15,0.6,45,30,3,0.2,0.3,0.2971,0.1858,3
15,0.6,45,30,5,0.2,0.5,0.2971,0.1858,3
15,0.6,45,30,5,0.2,0.4,0.2971,0.1858,3
15,0.6,45,30,3,0.2,0.5,0.2971,0.1858,3
15,0.6,45,30,3,0.2,0.4,0.2971,0.1858,3
15,0.6,45,30,5,0.0,0.3,0.2971,0.1858,3
15,0.6,45,30,3,0.2,0.6,0.2971,0.1858,3
15,0.6,45,30,5,0.0,0.4,0.2971,0.1858,3
15,0.6,60,30,2,0.2,0.5,0.2971,0.1858,3
15,0.6,60,30,2,0.2,0.6,0.2971,0.1858,3
15,0.6,60,30,2,0.2,0.4,0.2971,0.1858,3
15,0.6,30,30,2,0.1,0.3,0.2971,0.1858,3
15,0.6,30,30,2,0.1,0.4,0.2971,0.1858,3
15,0.6,30,30,2,0.0,0.6,0.2971,0.1858,3
15,0.6,30,30,2,0.0,0.5,0.2971,0.1858,3
15,0.6,30,30,2,0.1,0.5,0.2971,0.1858,3
15,0.6,30,30,2,0.1,0.6,0.2971,0.1858,3
15,0.6,60,30,5,0.0,0.5,0.2971,0.1858,3
15,0.6,60,30,5,0.0,0.6,0.2971,0.1858,3
15,0.6,60,30,5,0.1,0.6,0.2971,0.1858,3
15,0.6,60,30,5,0.1,0.5,0.2971,0.1858,3
15,0.6,60,30,5,0.2,0.4,0.2971,0.1858,3
15,0.6,60,30,5,0.2,0.3,0.2971,0.1858,3
15,0.6,60,30,5,0.2,0.5,0.2971,0.1858,3
15,0.6,60,30,5,0.2,0.6,0.2971,0.1858,3
15,0.6,30,30,2,0.0,0.3,0.2971,0.1858,3
15,0.6,30,30,2,0.0,0.4,0.2971,0.1858,3
15,0.6,60,30,5,0.0,0.4,0.2971,0.1858,3
15,0.6,60,30,5,0.1,0.3,0.2971,0.1858,3
15,0.6,60,30,5,0.1,0.4,0.2971,0.1858,3
15,0.6,60,30,3,0.0,0.3,0.2971,0.1858,3
15,0.6,60,30,3,0.0,0.6,0.2971,0.1858,3
15,0.6,60,30,3,0.1,0.3,0.2971,0.1858,3
15,0.6,60,30,3,0.0,0.5,0.2971,0.1858,3
15,0.6,60,30,3,0.0,0.4,0.2971,0.1858,3
15,0.6,60,30,3,0.1,0.5,0.2971,0.1858,3
15,0.6,60,30,3,0.1,0.4,0.2971,0.1858,3
15,0.6,60,30,3,0.2,0.3,0.2971,0.1858,3
15,0.6,60,30,3,0.1,0.6,0.2971,0.1858,3
15,0.6,60,30,3,0.2,0.4,0.2971,0.1858,3
15,0.6,60,30,3,0.2,0.5,0.2971,0.1858,3
15,0.6,60,30,3,0.2,0.6,0.2971,0.1858,3
15,0.6,60,30,5,0.0,0.3,0.2971,0.1858,3
15,0.6,60,30,2,0.0,0.3,0.2971,0.1858,3
15,0.6,60,30,2,0.0,0.4,0.2971,0.1858,3
15,0.6,60,30,2,0.0,0.6,0.2971,0.1858,3
15,0.6,60,30,2,0.2,0.3,0.2971,0.1858,3
15,0.6,60,30,2,0.1,0.5,0.2971,0.1858,3
15,0.6,60,30,2,0.1,0.6,0.2971,0.1858,3
15,0.6,60,30,2,0.1,0.3,0.2971,0.1858,3
15,0.6,60,30,2,0.1,0.4,0.2971,0.1858,3
15,0.6,30,30,3,0.2,0.3,0.2971,0.1858,3
15,0.6,60,30,2,0.0,0.5,0.2971,0.1858,3
15,0.6,90,30,5,0.1,0.3,0.2971,0.1858,3
15,0.6,90,30,5,0.0,0.5,0.2971,0.1858,3
15,0.6,90,30,5,0.1,0.6,0.2971,0.1858,3
15,0.6,90,30,5,0.0,0.6,0.2971,0.1858,3
15,0.6,90,30,5,0.1,0.4,0.2971,0.1858,3
15,0.6,90,30,5,0.1,0.5,0.2971,0.1858,3
15,0.6,90,30,5,0.2,0.6,0.2971,0.1858,3
15,0.6,90,30,5,0.2,0.5,0.2971,0.1858,3
15,0.6,90,30,5,0.2,0.4,0.2971,0.1858,3
15,0.6,90,30,5,0.2,0.3,0.2971,0.1858,3
15,0.6,90,30,2,0.0,0.5,0.2971,0.1858,3
15,0.6,90,30,2,0.0,0.4,0.2971,0.1858,3
15,0.6,90,30,2,0.0,0.6,0.2971,0.1858,3
15,0.6,90,30,2,0.0,0.3,0.2971,0.1858,3
15,0.6,90,30,3,0.1,0.6,0.2971,0.1858,3
15,0.6,90,30,2,0.1,0.3,0.2971,0.1858,3
15,0.6,90,30,2,0.1,0.4,0.2971,0.1858,3
15,0.6,90,30,2,0.1,0.5,0.2971,0.1858,3
15,0.6,90,30,3,0.2,0.3,0.2971,0.1858,3
15,0.6,90,30,3,0.2,0.4,0.2971,0.1858,3
15,0.6,90,30,3,0.2,0.5,0.2971,0.1858,3
15,0.6,90,30,3,0.2,0.6,0.2971,0.1858,3
