2026-06-08 22:31:51,861 - [INFO] - ================================================================================
2026-06-08 22:31:51,861 - [INFO] - NeuroVision Omega - Phase 4 Production Pipeline
2026-06-08 22:31:51,861 - [INFO] - Channel-Aware Aggregated Features (ULTIMATE PRODUCTION VERSION v3)
2026-06-08 22:31:51,861 - [INFO] - Window: 4.0s, Stride: 2.0s (matches V1-V3)
2026-06-08 22:31:51,862 - [INFO] - ================================================================================
2026-06-08 22:31:51,862 - [INFO] - Loading seizure interval database from: E:\Project\neurovision_ai\SEIZURE_INTERVAL_DATABASE.json
2026-06-08 22:31:51,863 - [INFO] - Loaded database for 24 patients
2026-06-08 22:31:51,863 - [INFO] - Validating seizure intervals...
2026-06-08 22:31:51,864 - [INFO] - Seizure database validation passed
2026-06-08 22:31:51,864 - [INFO] - Scanning for EDF files in: E:\NeuroVision\datasets\chbmit
2026-06-08 22:31:51,881 - [INFO] - Found 686 EDF files across 24 patients
2026-06-08 22:31:51,881 - [INFO] - Found 686 EDF files
2026-06-08 22:31:51,881 - [INFO] - Resuming: 686 files pending out of 686 total
2026-06-08 22:31:51,882 - [INFO] - [1/686] Processing chb01_01.edf (Patient: chb01)
2026-06-08 22:34:25,523 - [INFO] -   Running totals - Seizures: 0, Background: 1,798
2026-06-08 22:34:25,523 - [INFO] -   Total rows written: 1,798
2026-06-08 22:34:25,523 - [INFO] - [2/686] Processing chb01_02.edf (Patient: chb01)
2026-06-08 22:36:58,062 - [INFO] -   Running totals - Seizures: 0, Background: 3,596
2026-06-08 22:36:58,062 - [INFO] -   Total rows written: 3,596
2026-06-08 22:36:58,062 - [INFO] - [3/686] Processing chb01_03.edf (Patient: chb01)
2026-06-08 22:39:41,124 - [INFO] -   Running totals - Seizures: 23, Background: 5,371
2026-06-08 22:39:41,124 - [INFO] -   Total rows written: 5,394
2026-06-08 22:39:41,124 - [INFO] - [4/686] Processing chb01_04.edf (Patient: chb01)
2026-06-08 22:42:23,946 - [INFO] -   Running totals - Seizures: 39, Background: 7,153
2026-06-08 22:42:23,946 - [INFO] -   Total rows written: 7,192
2026-06-08 22:42:23,946 - [INFO] - [5/686] Processing chb01_05.edf (Patient: chb01)
2026-06-08 22:45:05,804 - [INFO] -   Running totals - Seizures: 39, Background: 8,951
2026-06-08 22:45:05,804 - [INFO] -   Total rows written: 8,990
2026-06-08 22:45:05,804 - [INFO] - [6/686] Processing chb01_06.edf (Patient: chb01)
2026-06-08 22:47:50,013 - [INFO] -   Running totals - Seizures: 39, Background: 10,749
2026-06-08 22:47:50,013 - [INFO] -   Total rows written: 10,788
2026-06-08 22:47:50,013 - [INFO] - [7/686] Processing chb01_07.edf (Patient: chb01)
2026-06-08 22:50:33,748 - [INFO] -   Running totals - Seizures: 39, Background: 12,547
2026-06-08 22:50:33,748 - [INFO] -   Total rows written: 12,586
2026-06-08 22:50:33,748 - [INFO] - [8/686] Processing chb01_08.edf (Patient: chb01)
2026-06-08 22:53:11,216 - [INFO] -   Running totals - Seizures: 39, Background: 14,345
2026-06-08 22:53:11,217 - [INFO] -   Total rows written: 14,384
2026-06-08 22:53:11,217 - [INFO] - [9/686] Processing chb01_09.edf (Patient: chb01)
2026-06-08 22:55:49,772 - [INFO] -   Running totals - Seizures: 39, Background: 16,143
2026-06-08 22:55:49,772 - [INFO] -   Total rows written: 16,182
2026-06-08 22:55:49,772 - [INFO] - [10/686] Processing chb01_10.edf (Patient: chb01)
2026-06-08 22:58:22,755 - [INFO] -   Running totals - Seizures: 39, Background: 17,941
2026-06-08 22:58:22,755 - [INFO] -   Total rows written: 17,980
2026-06-08 22:58:22,759 - [INFO] - Progress: 10/686 files, Rows: 17,980, Time: 26.5 min, Memory: 52%
2026-06-08 22:58:22,759 - [INFO] - [11/686] Processing chb01_11.edf (Patient: chb01)
2026-06-08 23:00:54,753 - [INFO] -   Running totals - Seizures: 39, Background: 19,739
2026-06-08 23:00:54,754 - [INFO] -   Total rows written: 19,778
2026-06-08 23:00:54,754 - [INFO] - [12/686] Processing chb01_12.edf (Patient: chb01)
2026-06-08 22:58:42,416 - [INFO] -   Running totals - Seizures: 39, Background: 21,537
2026-06-08 22:58:42,416 - [INFO] -   Total rows written: 21,576
2026-06-08 22:58:42,417 - [INFO] - [13/686] Processing chb01_13.edf (Patient: chb01)
2026-06-08 23:01:25,951 - [INFO] -   Running totals - Seizures: 39, Background: 23,335
2026-06-08 23:01:25,951 - [INFO] -   Total rows written: 23,374
2026-06-08 23:01:25,951 - [INFO] - [14/686] Processing chb01_14.edf (Patient: chb01)
2026-06-08 23:04:08,015 - [INFO] -   Running totals - Seizures: 39, Background: 25,133
2026-06-08 23:04:08,015 - [INFO] -   Total rows written: 25,172
2026-06-08 23:04:08,015 - [INFO] - [15/686] Processing chb01_15.edf (Patient: chb01)
2026-06-08 23:06:50,786 - [INFO] -   Running totals - Seizures: 62, Background: 26,908
2026-06-08 23:06:50,786 - [INFO] -   Total rows written: 26,970
2026-06-08 23:06:50,786 - [INFO] - [16/686] Processing chb01_16.edf (Patient: chb01)
2026-06-08 23:09:33,189 - [INFO] -   Running totals - Seizures: 90, Background: 28,678
2026-06-08 23:09:33,189 - [INFO] -   Total rows written: 28,768
2026-06-08 23:09:33,189 - [INFO] - [17/686] Processing chb01_17.edf (Patient: chb01)
2026-06-08 23:12:16,256 - [INFO] -   Running totals - Seizures: 90, Background: 30,476
2026-06-08 23:12:16,256 - [INFO] -   Total rows written: 30,566
2026-06-08 23:12:16,256 - [INFO] - [18/686] Processing chb01_18.edf (Patient: chb01)
2026-06-08 23:14:58,904 - [INFO] -   Running totals - Seizures: 138, Background: 32,226
2026-06-08 23:14:58,904 - [INFO] -   Total rows written: 32,364
2026-06-08 23:14:58,905 - [INFO] - [19/686] Processing chb01_19.edf (Patient: chb01)
2026-06-08 23:17:41,455 - [INFO] -   Running totals - Seizures: 138, Background: 34,024
2026-06-08 23:17:41,455 - [INFO] -   Total rows written: 34,162
2026-06-08 23:17:41,455 - [INFO] - [20/686] Processing chb01_20.edf (Patient: chb01)
2026-06-08 23:19:41,818 - [INFO] -   Running totals - Seizures: 138, Background: 35,354
2026-06-08 23:19:41,818 - [INFO] -   Total rows written: 35,492
2026-06-08 23:19:41,822 - [INFO] - Progress: 20/686 files, Rows: 35,492, Time: 47.8 min, Memory: 50%
2026-06-08 23:19:41,822 - [INFO] - [21/686] Processing chb01_21.edf (Patient: chb01)
2026-06-08 23:22:24,935 - [INFO] -   Running totals - Seizures: 187, Background: 37,103
2026-06-08 23:22:24,935 - [INFO] -   Total rows written: 37,290
2026-06-08 23:22:24,935 - [INFO] - [22/686] Processing chb01_22.edf (Patient: chb01)
2026-06-08 23:25:07,584 - [INFO] -   Running totals - Seizures: 187, Background: 38,901
2026-06-08 23:25:07,584 - [INFO] -   Total rows written: 39,088
2026-06-08 23:25:07,585 - [INFO] - [23/686] Processing chb01_23.edf (Patient: chb01)
2026-06-08 23:27:50,483 - [INFO] -   Running totals - Seizures: 187, Background: 40,699
2026-06-08 23:27:50,483 - [INFO] -   Total rows written: 40,886
2026-06-08 23:27:50,483 - [INFO] - [24/686] Processing chb01_24.edf (Patient: chb01)
2026-06-08 23:30:33,140 - [INFO] -   Running totals - Seizures: 187, Background: 42,497
2026-06-08 23:30:33,140 - [INFO] -   Total rows written: 42,684
2026-06-08 23:30:33,140 - [INFO] - [25/686] Processing chb01_25.edf (Patient: chb01)
2026-06-08 23:33:17,061 - [INFO] -   Running totals - Seizures: 187, Background: 44,295
2026-06-08 23:33:17,061 - [INFO] -   Total rows written: 44,482
2026-06-08 23:33:17,061 - [INFO] - [26/686] Processing chb01_26.edf (Patient: chb01)
2026-06-08 23:35:02,491 - [INFO] -   Running totals - Seizures: 240, Background: 45,403
2026-06-08 23:35:02,491 - [INFO] -   Total rows written: 45,643
2026-06-08 23:35:02,491 - [INFO] - [27/686] Processing chb01_27.edf (Patient: chb01)
2026-06-08 23:35:29,605 - [INFO] -   Running totals - Seizures: 240, Background: 45,701
2026-06-08 23:35:29,605 - [INFO] -   Total rows written: 45,941
2026-06-08 23:35:29,605 - [INFO] - [28/686] Processing chb01_29.edf (Patient: chb01)
2026-06-08 23:38:13,441 - [INFO] -   Running totals - Seizures: 240, Background: 47,499
2026-06-08 23:38:13,441 - [INFO] -   Total rows written: 47,739
2026-06-08 23:38:13,441 - [INFO] - [29/686] Processing chb01_30.edf (Patient: chb01)
2026-06-08 23:40:56,727 - [INFO] -   Running totals - Seizures: 240, Background: 49,297
2026-06-08 23:40:56,727 - [INFO] -   Total rows written: 49,537
2026-06-08 23:40:56,727 - [INFO] - [30/686] Processing chb01_31.edf (Patient: chb01)
2026-06-08 23:43:40,749 - [INFO] -   Running totals - Seizures: 240, Background: 51,095
2026-06-08 23:43:40,749 - [INFO] -   Total rows written: 51,335
2026-06-08 23:43:40,755 - [INFO] - Progress: 30/686 files, Rows: 51,335, Time: 71.8 min, Memory: 50%
2026-06-08 23:43:40,755 - [INFO] - [31/686] Processing chb01_32.edf (Patient: chb01)
2026-06-08 23:46:24,284 - [INFO] -   Running totals - Seizures: 240, Background: 52,893
2026-06-08 23:46:24,284 - [INFO] -   Total rows written: 53,133
2026-06-08 23:46:24,284 - [INFO] - [32/686] Processing chb01_33.edf (Patient: chb01)
2026-06-08 23:49:07,268 - [INFO] -   Running totals - Seizures: 240, Background: 54,691
2026-06-08 23:49:07,268 - [INFO] -   Total rows written: 54,931
2026-06-08 23:49:07,268 - [INFO] - [33/686] Processing chb01_34.edf (Patient: chb01)
2026-06-08 23:51:51,639 - [INFO] -   Running totals - Seizures: 240, Background: 56,489
2026-06-08 23:51:51,639 - [INFO] -   Total rows written: 56,729
2026-06-08 23:51:51,639 - [INFO] - [34/686] Processing chb01_36.edf (Patient: chb01)
2026-06-08 23:54:35,175 - [INFO] -   Running totals - Seizures: 240, Background: 58,287
2026-06-08 23:54:35,175 - [INFO] -   Total rows written: 58,527
2026-06-08 23:54:35,175 - [INFO] - [35/686] Processing chb01_37.edf (Patient: chb01)
2026-06-08 23:57:18,638 - [INFO] -   Running totals - Seizures: 240, Background: 60,085
2026-06-08 23:57:18,638 - [INFO] -   Total rows written: 60,325
2026-06-08 23:57:18,638 - [INFO] - [36/686] Processing chb01_38.edf (Patient: chb01)
2026-06-09 00:00:03,016 - [INFO] -   Running totals - Seizures: 240, Background: 61,883
2026-06-09 00:00:03,016 - [INFO] -   Total rows written: 62,123
2026-06-09 00:00:03,016 - [INFO] - [37/686] Processing chb01_39.edf (Patient: chb01)
2026-06-09 00:02:47,244 - [INFO] -   Running totals - Seizures: 240, Background: 63,681
2026-06-09 00:02:47,244 - [INFO] -   Total rows written: 63,921
2026-06-09 00:02:47,244 - [INFO] - [38/686] Processing chb01_40.edf (Patient: chb01)
2026-06-09 00:05:31,035 - [INFO] -   Running totals - Seizures: 240, Background: 65,479
2026-06-09 00:05:31,036 - [INFO] -   Total rows written: 65,719
2026-06-09 00:05:31,036 - [INFO] - [39/686] Processing chb01_41.edf (Patient: chb01)
2026-06-09 00:08:14,576 - [INFO] -   Running totals - Seizures: 240, Background: 67,277
2026-06-09 00:08:14,576 - [INFO] -   Total rows written: 67,517
2026-06-09 00:08:14,576 - [INFO] - [40/686] Processing chb01_42.edf (Patient: chb01)
2026-06-09 00:10:58,046 - [INFO] -   Running totals - Seizures: 240, Background: 69,075
2026-06-09 00:10:58,047 - [INFO] -   Total rows written: 69,315
2026-06-09 00:10:58,051 - [INFO] - Progress: 40/686 files, Rows: 69,315, Time: 99.1 min, Memory: 51%
2026-06-09 00:10:58,051 - [INFO] - [41/686] Processing chb01_43.edf (Patient: chb01)
2026-06-09 00:13:42,578 - [INFO] -   Running totals - Seizures: 240, Background: 70,873
2026-06-09 00:13:42,578 - [INFO] -   Total rows written: 71,113
2026-06-09 00:13:42,578 - [INFO] - [42/686] Processing chb01_46.edf (Patient: chb01)
2026-06-09 00:16:25,139 - [INFO] -   Running totals - Seizures: 240, Background: 72,671
2026-06-09 00:16:25,139 - [INFO] -   Total rows written: 72,911
2026-06-09 00:16:25,139 - [INFO] - [43/686] Processing chb02_01.edf (Patient: chb02)
2026-06-09 00:19:08,431 - [INFO] -   Running totals - Seizures: 240, Background: 74,469
2026-06-09 00:19:08,431 - [INFO] -   Total rows written: 74,709
2026-06-09 00:19:08,431 - [INFO] - [44/686] Processing chb02_02.edf (Patient: chb02)
2026-06-09 00:21:51,250 - [INFO] -   Running totals - Seizures: 240, Background: 76,267
2026-06-09 00:21:51,250 - [INFO] -   Total rows written: 76,507
2026-06-09 00:21:51,250 - [INFO] - [45/686] Processing chb02_03.edf (Patient: chb02)
2026-06-09 00:24:34,518 - [INFO] -   Running totals - Seizures: 240, Background: 78,065
2026-06-09 00:24:34,518 - [INFO] -   Total rows written: 78,305
2026-06-09 00:24:34,519 - [INFO] - [46/686] Processing chb02_04.edf (Patient: chb02)
2026-06-09 00:27:18,584 - [INFO] -   Running totals - Seizures: 240, Background: 79,863
2026-06-09 00:27:18,584 - [INFO] -   Total rows written: 80,103
2026-06-09 00:27:18,584 - [INFO] - [47/686] Processing chb02_05.edf (Patient: chb02)
2026-06-09 00:30:01,732 - [INFO] -   Running totals - Seizures: 240, Background: 81,661
2026-06-09 00:30:01,733 - [INFO] -   Total rows written: 81,901
2026-06-09 00:30:01,733 - [INFO] - [48/686] Processing chb02_06.edf (Patient: chb02)
2026-06-09 00:32:44,833 - [INFO] -   Running totals - Seizures: 240, Background: 83,459
2026-06-09 00:32:44,834 - [INFO] -   Total rows written: 83,699
2026-06-09 00:32:44,834 - [INFO] - [49/686] Processing chb02_07.edf (Patient: chb02)
2026-06-09 00:35:28,040 - [INFO] -   Running totals - Seizures: 240, Background: 85,257
2026-06-09 00:35:28,040 - [INFO] -   Total rows written: 85,497
2026-06-09 00:35:28,040 - [INFO] - [50/686] Processing chb02_08.edf (Patient: chb02)
2026-06-09 00:38:10,761 - [INFO] -   Running totals - Seizures: 240, Background: 87,055
2026-06-09 00:38:10,761 - [INFO] -   Total rows written: 87,295
2026-06-09 00:38:10,765 - [INFO] - Progress: 50/686 files, Rows: 87,295, Time: 126.3 min, Memory: 51%
2026-06-09 00:38:10,765 - [INFO] - [51/686] Processing chb02_09.edf (Patient: chb02)
2026-06-09 00:40:53,415 - [INFO] -   Running totals - Seizures: 240, Background: 88,853
2026-06-09 00:40:53,415 - [INFO] -   Total rows written: 89,093
2026-06-09 00:40:53,416 - [INFO] - [52/686] Processing chb02_10.edf (Patient: chb02)
2026-06-09 00:43:37,188 - [INFO] -   Running totals - Seizures: 240, Background: 90,651
2026-06-09 00:43:37,188 - [INFO] -   Total rows written: 90,891
2026-06-09 00:43:37,189 - [INFO] - [53/686] Processing chb02_11.edf (Patient: chb02)
2026-06-09 00:46:20,556 - [INFO] -   Running totals - Seizures: 240, Background: 92,449
2026-06-09 00:46:20,556 - [INFO] -   Total rows written: 92,689
2026-06-09 00:46:20,556 - [INFO] - [54/686] Processing chb02_12.edf (Patient: chb02)
2026-06-09 00:49:03,627 - [INFO] -   Running totals - Seizures: 240, Background: 94,247
2026-06-09 00:49:03,627 - [INFO] -   Total rows written: 94,487
2026-06-09 00:49:03,627 - [INFO] - [55/686] Processing chb02_13.edf (Patient: chb02)
2026-06-09 00:51:46,778 - [INFO] -   Running totals - Seizures: 240, Background: 96,045
2026-06-09 00:51:46,778 - [INFO] -   Total rows written: 96,285
2026-06-09 00:51:46,778 - [INFO] - [56/686] Processing chb02_14.edf (Patient: chb02)
2026-06-09 00:54:30,183 - [INFO] -   Running totals - Seizures: 240, Background: 97,843
2026-06-09 00:54:30,183 - [INFO] -   Total rows written: 98,083
2026-06-09 00:54:30,183 - [INFO] - [57/686] Processing chb02_15.edf (Patient: chb02)
2026-06-09 00:57:13,385 - [INFO] -   Running totals - Seizures: 240, Background: 99,641
2026-06-09 00:57:13,385 - [INFO] -   Total rows written: 99,881
2026-06-09 00:57:13,385 - [INFO] - [58/686] Processing chb02_16+.edf (Patient: chb02)
2026-06-09 00:59:56,293 - [INFO] -   Running totals - Seizures: 283, Background: 101,396
2026-06-09 00:59:56,293 - [INFO] -   Total rows written: 101,679
2026-06-09 00:59:56,293 - [INFO] - [59/686] Processing chb02_16.edf (Patient: chb02)
2026-06-09 01:00:39,789 - [INFO] -   Running totals - Seizures: 327, Background: 101,830
2026-06-09 01:00:39,789 - [INFO] -   Total rows written: 102,157
2026-06-09 01:00:39,789 - [INFO] - [60/686] Processing chb02_17.edf (Patient: chb02)
2026-06-09 01:03:22,543 - [INFO] -   Running totals - Seizures: 327, Background: 103,628
2026-06-09 01:03:22,543 - [INFO] -   Total rows written: 103,955
2026-06-09 01:03:22,548 - [INFO] - Progress: 60/686 files, Rows: 103,955, Time: 151.5 min, Memory: 51%
2026-06-09 01:03:22,548 - [INFO] - [61/686] Processing chb02_18.edf (Patient: chb02)
2026-06-09 01:06:06,165 - [INFO] -   Running totals - Seizures: 327, Background: 105,426
2026-06-09 01:06:06,165 - [INFO] -   Total rows written: 105,753
2026-06-09 01:06:06,165 - [INFO] - [62/686] Processing chb02_19.edf (Patient: chb02)
2026-06-09 01:08:48,853 - [INFO] -   Running totals - Seizures: 334, Background: 107,217
2026-06-09 01:08:48,853 - [INFO] -   Total rows written: 107,551
2026-06-09 01:08:48,854 - [INFO] - [63/686] Processing chb02_20.edf (Patient: chb02)
2026-06-09 01:11:32,311 - [INFO] -   Running totals - Seizures: 334, Background: 109,015
2026-06-09 01:11:32,311 - [INFO] -   Total rows written: 109,349
2026-06-09 01:11:32,311 - [INFO] - [64/686] Processing chb02_21.edf (Patient: chb02)
2026-06-09 01:14:15,855 - [INFO] -   Running totals - Seizures: 334, Background: 110,813
2026-06-09 01:14:15,856 - [INFO] -   Total rows written: 111,147
2026-06-09 01:14:15,856 - [INFO] - [65/686] Processing chb02_22.edf (Patient: chb02)
2026-06-09 01:16:58,788 - [INFO] -   Running totals - Seizures: 334, Background: 112,611
2026-06-09 01:16:58,788 - [INFO] -   Total rows written: 112,945
2026-06-09 01:16:58,788 - [INFO] - [66/686] Processing chb02_23.edf (Patient: chb02)
2026-06-09 01:19:41,783 - [INFO] -   Running totals - Seizures: 334, Background: 114,409
2026-06-09 01:19:41,784 - [INFO] -   Total rows written: 114,743
2026-06-09 01:19:41,784 - [INFO] - [67/686] Processing chb02_24.edf (Patient: chb02)
2026-06-09 01:22:24,876 - [INFO] -   Running totals - Seizures: 334, Background: 116,207
2026-06-09 01:22:24,876 - [INFO] -   Total rows written: 116,541
2026-06-09 01:22:24,876 - [INFO] - [68/686] Processing chb02_25.edf (Patient: chb02)
2026-06-09 01:25:07,651 - [INFO] -   Running totals - Seizures: 334, Background: 118,005
2026-06-09 01:25:07,652 - [INFO] -   Total rows written: 118,339
2026-06-09 01:25:07,652 - [INFO] - [69/686] Processing chb02_26.edf (Patient: chb02)
2026-06-09 01:27:50,755 - [INFO] -   Running totals - Seizures: 334, Background: 119,803
2026-06-09 01:27:50,756 - [INFO] -   Total rows written: 120,137
2026-06-09 01:27:50,756 - [INFO] - [70/686] Processing chb02_27.edf (Patient: chb02)
2026-06-09 01:30:33,868 - [INFO] -   Running totals - Seizures: 334, Background: 121,601
2026-06-09 01:30:33,869 - [INFO] -   Total rows written: 121,935
2026-06-09 01:30:33,873 - [INFO] - Progress: 70/686 files, Rows: 121,935, Time: 178.7 min, Memory: 51%
2026-06-09 01:30:33,873 - [INFO] - [71/686] Processing chb02_28.edf (Patient: chb02)
2026-06-09 01:33:16,885 - [INFO] -   Running totals - Seizures: 334, Background: 123,399
2026-06-09 01:33:16,885 - [INFO] -   Total rows written: 123,733
2026-06-09 01:33:16,885 - [INFO] - [72/686] Processing chb02_29.edf (Patient: chb02)
2026-06-09 01:36:00,406 - [INFO] -   Running totals - Seizures: 334, Background: 125,197
2026-06-09 01:36:00,406 - [INFO] -   Total rows written: 125,531
2026-06-09 01:36:00,406 - [INFO] - [73/686] Processing chb02_30.edf (Patient: chb02)
2026-06-09 01:38:44,073 - [INFO] -   Running totals - Seizures: 334, Background: 126,995
2026-06-09 01:38:44,074 - [INFO] -   Total rows written: 127,329
2026-06-09 01:38:44,074 - [INFO] - [74/686] Processing chb02_31.edf (Patient: chb02)
2026-06-09 01:41:27,748 - [INFO] -   Running totals - Seizures: 334, Background: 128,793
2026-06-09 01:41:27,748 - [INFO] -   Total rows written: 129,127
2026-06-09 01:41:27,748 - [INFO] - [75/686] Processing chb02_32.edf (Patient: chb02)
2026-06-09 01:44:12,118 - [INFO] -   Running totals - Seizures: 334, Background: 130,591
2026-06-09 01:44:12,119 - [INFO] -   Total rows written: 130,925
2026-06-09 01:44:12,119 - [INFO] - [76/686] Processing chb02_33.edf (Patient: chb02)
2026-06-09 01:46:55,452 - [INFO] -   Running totals - Seizures: 334, Background: 132,389
2026-06-09 01:46:55,452 - [INFO] -   Total rows written: 132,723
2026-06-09 01:46:55,452 - [INFO] - [77/686] Processing chb02_34.edf (Patient: chb02)
2026-06-09 01:49:38,771 - [INFO] -   Running totals - Seizures: 334, Background: 134,187
2026-06-09 01:49:38,771 - [INFO] -   Total rows written: 134,521
2026-06-09 01:49:38,771 - [INFO] - [78/686] Processing chb02_35.edf (Patient: chb02)
2026-06-09 01:52:22,783 - [INFO] -   Running totals - Seizures: 334, Background: 135,985
2026-06-09 01:52:22,783 - [INFO] -   Total rows written: 136,319
2026-06-09 01:52:22,784 - [INFO] - [79/686] Processing chb03_01.edf (Patient: chb03)
2026-06-09 01:55:06,553 - [INFO] -   Running totals - Seizures: 363, Background: 137,754
2026-06-09 01:55:06,553 - [INFO] -   Total rows written: 138,117
2026-06-09 01:55:06,553 - [INFO] - [80/686] Processing chb03_02.edf (Patient: chb03)
2026-06-09 01:57:50,600 - [INFO] -   Running totals - Seizures: 398, Background: 139,517
2026-06-09 01:57:50,600 - [INFO] -   Total rows written: 139,915
2026-06-09 01:57:50,606 - [INFO] - Progress: 80/686 files, Rows: 139,915, Time: 206.0 min, Memory: 52%
2026-06-09 01:57:50,606 - [INFO] - [81/686] Processing chb03_03.edf (Patient: chb03)
2026-06-09 02:00:34,243 - [INFO] -   Running totals - Seizures: 435, Background: 141,278
2026-06-09 02:00:34,244 - [INFO] -   Total rows written: 141,713
2026-06-09 02:00:34,244 - [INFO] - [82/686] Processing chb03_04.edf (Patient: chb03)
2026-06-09 02:03:18,473 - [INFO] -   Running totals - Seizures: 464, Background: 143,047
2026-06-09 02:03:18,473 - [INFO] -   Total rows written: 143,511
2026-06-09 02:03:18,473 - [INFO] - [83/686] Processing chb03_05.edf (Patient: chb03)
2026-06-09 02:06:03,053 - [INFO] -   Running totals - Seizures: 464, Background: 144,845
2026-06-09 02:06:03,053 - [INFO] -   Total rows written: 145,309
2026-06-09 02:06:03,053 - [INFO] - [84/686] Processing chb03_06.edf (Patient: chb03)
2026-06-09 02:08:47,222 - [INFO] -   Running totals - Seizures: 464, Background: 146,643
2026-06-09 02:08:47,222 - [INFO] -   Total rows written: 147,107
2026-06-09 02:08:47,222 - [INFO] - [85/686] Processing chb03_07.edf (Patient: chb03)
2026-06-09 02:11:32,783 - [INFO] -   Running totals - Seizures: 464, Background: 148,441
2026-06-09 02:11:32,783 - [INFO] -   Total rows written: 148,905
2026-06-09 02:11:32,783 - [INFO] - [86/686] Processing chb03_08.edf (Patient: chb03)
2026-06-09 02:14:13,456 - [INFO] -   Running totals - Seizures: 464, Background: 150,239
2026-06-09 02:14:13,456 - [INFO] -   Total rows written: 150,703
2026-06-09 02:14:13,456 - [INFO] - [87/686] Processing chb03_09.edf (Patient: chb03)
2026-06-09 02:16:43,802 - [INFO] -   Running totals - Seizures: 464, Background: 152,037
2026-06-09 02:16:43,802 - [INFO] -   Total rows written: 152,501
2026-06-09 02:16:43,802 - [INFO] - [88/686] Processing chb03_10.edf (Patient: chb03)
2026-06-09 02:19:24,521 - [INFO] -   Running totals - Seizures: 464, Background: 153,835
2026-06-09 02:19:24,521 - [INFO] -   Total rows written: 154,299
2026-06-09 02:19:24,521 - [INFO] - [89/686] Processing chb03_11.edf (Patient: chb03)
2026-06-09 02:22:08,349 - [INFO] -   Running totals - Seizures: 464, Background: 155,633
2026-06-09 02:22:08,349 - [INFO] -   Total rows written: 156,097
2026-06-09 02:22:08,349 - [INFO] - [90/686] Processing chb03_12.edf (Patient: chb03)
2026-06-09 02:24:51,464 - [INFO] -   Running totals - Seizures: 464, Background: 157,431
2026-06-09 02:24:51,464 - [INFO] -   Total rows written: 157,895
2026-06-09 02:24:51,468 - [INFO] - Progress: 90/686 files, Rows: 157,895, Time: 233.0 min, Memory: 52%
2026-06-09 02:24:51,468 - [INFO] - [91/686] Processing chb03_13.edf (Patient: chb03)
2026-06-09 02:27:35,573 - [INFO] -   Running totals - Seizures: 464, Background: 159,229
2026-06-09 02:27:35,573 - [INFO] -   Total rows written: 159,693
2026-06-09 02:27:35,573 - [INFO] - [92/686] Processing chb03_14.edf (Patient: chb03)
2026-06-09 02:30:19,320 - [INFO] -   Running totals - Seizures: 464, Background: 161,027
2026-06-09 02:30:19,321 - [INFO] -   Total rows written: 161,491
2026-06-09 02:30:19,321 - [INFO] - [93/686] Processing chb03_15.edf (Patient: chb03)
2026-06-09 02:32:51,537 - [INFO] -   Running totals - Seizures: 464, Background: 162,825
2026-06-09 02:32:51,537 - [INFO] -   Total rows written: 163,289
2026-06-09 02:32:51,537 - [INFO] - [94/686] Processing chb03_16.edf (Patient: chb03)
2026-06-09 02:35:25,338 - [INFO] -   Running totals - Seizures: 464, Background: 164,623
2026-06-09 02:35:25,338 - [INFO] -   Total rows written: 165,087
2026-06-09 02:35:25,338 - [INFO] - [95/686] Processing chb03_17.edf (Patient: chb03)
2026-06-09 02:38:08,725 - [INFO] -   Running totals - Seizures: 464, Background: 166,421
2026-06-09 02:38:08,725 - [INFO] -   Total rows written: 166,885
2026-06-09 02:38:08,725 - [INFO] - [96/686] Processing chb03_18.edf (Patient: chb03)
2026-06-09 02:40:52,595 - [INFO] -   Running totals - Seizures: 464, Background: 168,219
2026-06-09 02:40:52,595 - [INFO] -   Total rows written: 168,683
2026-06-09 02:40:52,595 - [INFO] - [97/686] Processing chb03_19.edf (Patient: chb03)
2026-06-09 02:43:36,709 - [INFO] -   Running totals - Seizures: 464, Background: 170,017
2026-06-09 02:43:36,709 - [INFO] -   Total rows written: 170,481
2026-06-09 02:43:36,709 - [INFO] - [98/686] Processing chb03_20.edf (Patient: chb03)
2026-06-09 02:46:19,914 - [INFO] -   Running totals - Seizures: 464, Background: 171,818
2026-06-09 02:46:19,914 - [INFO] -   Total rows written: 172,282
2026-06-09 02:46:19,915 - [INFO] - [99/686] Processing chb03_21.edf (Patient: chb03)
2026-06-09 02:49:03,006 - [INFO] -   Running totals - Seizures: 464, Background: 173,616
2026-06-09 02:49:03,006 - [INFO] -   Total rows written: 174,080
2026-06-09 02:49:03,006 - [INFO] - [100/686] Processing chb03_22.edf (Patient: chb03)
2026-06-09 02:51:46,039 - [INFO] -   Running totals - Seizures: 464, Background: 175,414
2026-06-09 02:51:46,039 - [INFO] -   Total rows written: 175,878
2026-06-09 02:51:46,043 - [INFO] - Progress: 100/686 files, Rows: 175,878, Time: 259.9 min, Memory: 51%
2026-06-09 02:51:46,043 - [INFO] - [101/686] Processing chb03_23.edf (Patient: chb03)
2026-06-09 02:54:29,274 - [INFO] -   Running totals - Seizures: 464, Background: 177,212
2026-06-09 02:54:29,275 - [INFO] -   Total rows written: 177,676
2026-06-09 02:54:29,275 - [INFO] - [102/686] Processing chb03_24.edf (Patient: chb03)
2026-06-09 02:57:12,974 - [INFO] -   Running totals - Seizures: 464, Background: 179,010
2026-06-09 02:57:12,974 - [INFO] -   Total rows written: 179,474
2026-06-09 02:57:12,974 - [INFO] - [103/686] Processing chb03_25.edf (Patient: chb03)
2026-06-09 02:59:56,673 - [INFO] -   Running totals - Seizures: 464, Background: 180,808
2026-06-09 02:59:56,673 - [INFO] -   Total rows written: 181,272
2026-06-09 02:59:56,673 - [INFO] - [104/686] Processing chb03_26.edf (Patient: chb03)
2026-06-09 03:02:40,245 - [INFO] -   Running totals - Seizures: 464, Background: 182,606
2026-06-09 03:02:40,246 - [INFO] -   Total rows written: 183,070
2026-06-09 03:02:40,246 - [INFO] - [105/686] Processing chb03_27.edf (Patient: chb03)
2026-06-09 03:05:24,401 - [INFO] -   Running totals - Seizures: 464, Background: 184,404
2026-06-09 03:05:24,401 - [INFO] -   Total rows written: 184,868
2026-06-09 03:05:24,401 - [INFO] - [106/686] Processing chb03_28.edf (Patient: chb03)
2026-06-09 03:07:55,995 - [INFO] -   Running totals - Seizures: 464, Background: 186,202
2026-06-09 03:07:55,995 - [INFO] -   Total rows written: 186,666
2026-06-09 03:07:55,996 - [INFO] - [107/686] Processing chb03_29.edf (Patient: chb03)
2026-06-09 03:10:35,423 - [INFO] -   Running totals - Seizures: 464, Background: 188,000
2026-06-09 03:10:35,423 - [INFO] -   Total rows written: 188,464
2026-06-09 03:10:35,424 - [INFO] - [108/686] Processing chb03_30.edf (Patient: chb03)
2026-06-09 03:13:33,040 - [INFO] -   Running totals - Seizures: 464, Background: 189,798
2026-06-09 03:13:33,040 - [INFO] -   Total rows written: 190,262
2026-06-09 03:13:33,041 - [INFO] - [109/686] Processing chb03_31.edf (Patient: chb03)
2026-06-09 03:16:20,762 - [INFO] -   Running totals - Seizures: 464, Background: 191,596
2026-06-09 03:16:20,763 - [INFO] -   Total rows written: 192,060
2026-06-09 03:16:20,763 - [INFO] - [110/686] Processing chb03_32.edf (Patient: chb03)
2026-06-09 03:19:03,465 - [INFO] -   Running totals - Seizures: 464, Background: 193,394
2026-06-09 03:19:03,466 - [INFO] -   Total rows written: 193,858
2026-06-09 03:19:03,470 - [INFO] - Progress: 110/686 files, Rows: 193,858, Time: 287.2 min, Memory: 51%
2026-06-09 03:19:03,470 - [INFO] - [111/686] Processing chb03_33.edf (Patient: chb03)
2026-06-09 03:21:46,504 - [INFO] -   Running totals - Seizures: 464, Background: 195,192
2026-06-09 03:21:46,504 - [INFO] -   Total rows written: 195,656
2026-06-09 03:21:46,504 - [INFO] - [112/686] Processing chb03_34.edf (Patient: chb03)
2026-06-09 03:24:29,507 - [INFO] -   Running totals - Seizures: 490, Background: 196,964
2026-06-09 03:24:29,508 - [INFO] -   Total rows written: 197,454
2026-06-09 03:24:29,508 - [INFO] - [113/686] Processing chb03_35.edf (Patient: chb03)
2026-06-09 03:27:12,326 - [INFO] -   Running totals - Seizures: 525, Background: 198,727
2026-06-09 03:27:12,326 - [INFO] -   Total rows written: 199,252
2026-06-09 03:27:12,326 - [INFO] - [114/686] Processing chb03_36.edf (Patient: chb03)
2026-06-09 03:29:55,600 - [INFO] -   Running totals - Seizures: 554, Background: 200,496
2026-06-09 03:29:55,600 - [INFO] -   Total rows written: 201,050
2026-06-09 03:29:55,600 - [INFO] - [115/686] Processing chb03_37.edf (Patient: chb03)
2026-06-09 03:32:39,227 - [INFO] -   Running totals - Seizures: 554, Background: 202,294
2026-06-09 03:32:39,227 - [INFO] -   Total rows written: 202,848
2026-06-09 03:32:39,227 - [INFO] - [116/686] Processing chb03_38.edf (Patient: chb03)
2026-06-09 03:35:23,122 - [INFO] -   Running totals - Seizures: 554, Background: 204,092
2026-06-09 03:35:23,122 - [INFO] -   Total rows written: 204,646
2026-06-09 03:35:23,122 - [INFO] - [117/686] Processing chb04_01.edf (Patient: chb04)
2026-06-09 03:46:19,985 - [INFO] -   Running totals - Seizures: 554, Background: 211,289
2026-06-09 03:46:19,986 - [INFO] -   Total rows written: 211,843
2026-06-09 03:46:19,986 - [INFO] - [118/686] Processing chb04_02.edf (Patient: chb04)
2026-06-09 03:57:12,894 - [INFO] -   Running totals - Seizures: 554, Background: 218,487
2026-06-09 03:57:12,894 - [INFO] -   Total rows written: 219,041
2026-06-09 03:57:12,895 - [INFO] - [119/686] Processing chb04_03.edf (Patient: chb04)
2026-06-09 04:08:04,892 - [INFO] -   Running totals - Seizures: 554, Background: 225,685
2026-06-09 04:08:04,892 - [INFO] -   Total rows written: 226,239
2026-06-09 04:08:04,893 - [INFO] - [120/686] Processing chb04_04.edf (Patient: chb04)
2026-06-09 04:18:58,006 - [INFO] -   Running totals - Seizures: 554, Background: 232,883
2026-06-09 04:18:58,006 - [INFO] -   Total rows written: 233,437
2026-06-09 04:18:58,009 - [INFO] - Progress: 120/686 files, Rows: 233,437, Time: 347.1 min, Memory: 52%
2026-06-09 04:18:58,009 - [INFO] - [121/686] Processing chb04_05.edf (Patient: chb04)
2026-06-09 04:26:12,441 - [INFO] -   Running totals - Seizures: 581, Background: 237,622
2026-06-09 04:26:12,441 - [INFO] -   Total rows written: 238,203
2026-06-09 04:26:12,441 - [INFO] - [122/686] Processing chb04_06.edf (Patient: chb04)
2026-06-09 04:37:10,269 - [INFO] -   Running totals - Seizures: 581, Background: 244,820
2026-06-09 04:37:10,269 - [INFO] -   Total rows written: 245,401
2026-06-09 04:37:10,269 - [INFO] - [123/686] Processing chb04_07.edf (Patient: chb04)
2026-06-09 04:43:06,384 - [INFO] -   Running totals - Seizures: 581, Background: 248,566
2026-06-09 04:43:06,384 - [INFO] -   Total rows written: 249,147
2026-06-09 04:43:06,384 - [INFO] - [124/686] Processing chb04_08.edf (Patient: chb04)
2026-06-09 04:54:32,630 - [INFO] -   Running totals - Seizures: 639, Background: 255,706
2026-06-09 04:54:32,631 - [INFO] -   Total rows written: 256,345
2026-06-09 04:54:32,631 - [INFO] - [125/686] Processing chb04_09.edf (Patient: chb04)
2026-06-09 05:05:59,324 - [INFO] -   Running totals - Seizures: 639, Background: 262,904
2026-06-09 05:05:59,324 - [INFO] -   Total rows written: 263,543
2026-06-09 05:05:59,324 - [INFO] - [126/686] Processing chb04_10.edf (Patient: chb04)
2026-06-09 05:17:24,746 - [INFO] -   Running totals - Seizures: 639, Background: 270,102
2026-06-09 05:17:24,746 - [INFO] -   Total rows written: 270,741
2026-06-09 05:17:24,746 - [INFO] - [127/686] Processing chb04_11.edf (Patient: chb04)
2026-06-09 05:21:13,631 - [INFO] -   Running totals - Seizures: 639, Background: 272,516
2026-06-09 05:21:13,632 - [INFO] -   Total rows written: 273,155
2026-06-09 05:21:13,632 - [INFO] - [128/686] Processing chb04_12.edf (Patient: chb04)
2026-06-09 05:32:36,509 - [INFO] -   Running totals - Seizures: 639, Background: 279,724
2026-06-09 05:32:36,509 - [INFO] -   Total rows written: 280,363
2026-06-09 05:32:36,510 - [INFO] - [129/686] Processing chb04_13.edf (Patient: chb04)
2026-06-09 05:44:01,382 - [INFO] -   Running totals - Seizures: 639, Background: 286,921
2026-06-09 05:44:01,383 - [INFO] -   Total rows written: 287,560
2026-06-09 05:44:01,383 - [INFO] - [130/686] Processing chb04_14.edf (Patient: chb04)
2026-06-09 05:55:27,012 - [INFO] -   Running totals - Seizures: 639, Background: 294,128
2026-06-09 05:55:27,012 - [INFO] -   Total rows written: 294,767
2026-06-09 05:55:27,016 - [INFO] - Progress: 130/686 files, Rows: 294,767, Time: 443.6 min, Memory: 53%
2026-06-09 05:55:27,016 - [INFO] - [131/686] Processing chb04_15.edf (Patient: chb04)
2026-06-09 06:06:48,123 - [INFO] -   Running totals - Seizures: 639, Background: 301,326
2026-06-09 06:06:48,123 - [INFO] -   Total rows written: 301,965
2026-06-09 06:06:48,123 - [INFO] - [132/686] Processing chb04_16.edf (Patient: chb04)
2026-06-09 06:18:06,486 - [INFO] -   Running totals - Seizures: 639, Background: 308,524
2026-06-09 06:18:06,486 - [INFO] -   Total rows written: 309,163
2026-06-09 06:18:06,486 - [INFO] - [133/686] Processing chb04_17.edf (Patient: chb04)
2026-06-09 06:28:56,486 - [INFO] -   Running totals - Seizures: 639, Background: 315,388
2026-06-09 06:28:56,486 - [INFO] -   Total rows written: 316,027
2026-06-09 06:28:56,486 - [INFO] - [134/686] Processing chb04_18.edf (Patient: chb04)
2026-06-09 06:40:17,886 - [INFO] -   Running totals - Seizures: 639, Background: 322,599
2026-06-09 06:40:17,886 - [INFO] -   Total rows written: 323,238
2026-06-09 06:40:17,887 - [INFO] - [135/686] Processing chb04_19.edf (Patient: chb04)
2026-06-09 06:51:40,624 - [INFO] -   Running totals - Seizures: 639, Background: 329,797
2026-06-09 06:51:40,624 - [INFO] -   Total rows written: 330,436
2026-06-09 06:51:40,624 - [INFO] - [136/686] Processing chb04_21.edf (Patient: chb04)
2026-06-09 07:03:02,855 - [INFO] -   Running totals - Seizures: 639, Background: 336,995
2026-06-09 07:03:02,856 - [INFO] -   Total rows written: 337,634
2026-06-09 07:03:02,856 - [INFO] - [137/686] Processing chb04_22.edf (Patient: chb04)
2026-06-09 07:14:22,843 - [INFO] -   Running totals - Seizures: 639, Background: 344,193
2026-06-09 07:14:22,843 - [INFO] -   Total rows written: 344,832
2026-06-09 07:14:22,843 - [INFO] - [138/686] Processing chb04_23.edf (Patient: chb04)
2026-06-09 07:22:48,652 - [INFO] -   Running totals - Seizures: 639, Background: 349,533
2026-06-09 07:22:48,652 - [INFO] -   Total rows written: 350,172
2026-06-09 07:22:48,653 - [INFO] - [139/686] Processing chb04_24.edf (Patient: chb04)
2026-06-09 07:34:08,942 - [INFO] -   Running totals - Seizures: 639, Background: 356,734
2026-06-09 07:34:08,942 - [INFO] -   Total rows written: 357,373
2026-06-09 07:34:08,942 - [INFO] - [140/686] Processing chb04_25.edf (Patient: chb04)
2026-06-09 07:45:31,094 - [INFO] -   Running totals - Seizures: 639, Background: 363,932
2026-06-09 07:45:31,095 - [INFO] -   Total rows written: 364,571
2026-06-09 07:45:31,099 - [INFO] - Progress: 140/686 files, Rows: 364,571, Time: 553.7 min, Memory: 53%
2026-06-09 07:45:31,099 - [INFO] - [141/686] Processing chb04_26.edf (Patient: chb04)
2026-06-09 07:56:55,268 - [INFO] -   Running totals - Seizures: 639, Background: 371,130
2026-06-09 07:56:55,268 - [INFO] -   Total rows written: 371,769
2026-06-09 07:56:55,268 - [INFO] - [142/686] Processing chb04_27.edf (Patient: chb04)
2026-06-09 08:08:19,285 - [INFO] -   Running totals - Seizures: 639, Background: 378,342
2026-06-09 08:08:19,286 - [INFO] -   Total rows written: 378,981
2026-06-09 08:08:19,286 - [INFO] - [143/686] Processing chb04_28.edf (Patient: chb04)
2026-06-09 08:19:42,898 - [INFO] -   Running totals - Seizures: 753, Background: 385,438
2026-06-09 08:19:42,898 - [INFO] -   Total rows written: 386,191
2026-06-09 08:19:42,899 - [INFO] - [144/686] Processing chb04_29.edf (Patient: chb04)
2026-06-09 08:31:03,957 - [INFO] -   Running totals - Seizures: 753, Background: 392,638
2026-06-09 08:31:03,957 - [INFO] -   Total rows written: 393,391
2026-06-09 08:31:03,957 - [INFO] - [145/686] Processing chb04_30.edf (Patient: chb04)
2026-06-09 08:42:24,862 - [INFO] -   Running totals - Seizures: 753, Background: 399,836
2026-06-09 08:42:24,862 - [INFO] -   Total rows written: 400,589
2026-06-09 08:42:24,862 - [INFO] - [146/686] Processing chb04_31.edf (Patient: chb04)
2026-06-09 08:53:46,581 - [INFO] -   Running totals - Seizures: 753, Background: 407,034
2026-06-09 08:53:46,581 - [INFO] -   Total rows written: 407,787
2026-06-09 08:53:46,581 - [INFO] - [147/686] Processing chb04_32.edf (Patient: chb04)
2026-06-09 09:05:08,161 - [INFO] -   Running totals - Seizures: 753, Background: 414,232
2026-06-09 09:05:08,161 - [INFO] -   Total rows written: 414,985
2026-06-09 09:05:08,162 - [INFO] - [148/686] Processing chb04_33.edf (Patient: chb04)
2026-06-09 09:16:30,822 - [INFO] -   Running totals - Seizures: 753, Background: 421,430
2026-06-09 09:16:30,822 - [INFO] -   Total rows written: 422,183
2026-06-09 09:16:30,823 - [INFO] - [149/686] Processing chb04_34.edf (Patient: chb04)
2026-06-09 09:27:54,295 - [INFO] -   Running totals - Seizures: 753, Background: 428,628
2026-06-09 09:27:54,295 - [INFO] -   Total rows written: 429,381
2026-06-09 09:27:54,295 - [INFO] - [150/686] Processing chb04_35.edf (Patient: chb04)
2026-06-09 09:39:17,598 - [INFO] -   Running totals - Seizures: 753, Background: 435,826
2026-06-09 09:39:17,598 - [INFO] -   Total rows written: 436,579
2026-06-09 09:39:17,602 - [INFO] - Progress: 150/686 files, Rows: 436,579, Time: 667.4 min, Memory: 54%
2026-06-09 09:39:17,602 - [INFO] - [151/686] Processing chb04_36.edf (Patient: chb04)
2026-06-09 09:50:41,565 - [INFO] -   Running totals - Seizures: 753, Background: 443,024
2026-06-09 09:50:41,565 - [INFO] -   Total rows written: 443,777
2026-06-09 09:50:41,565 - [INFO] - [152/686] Processing chb04_37.edf (Patient: chb04)
2026-06-09 09:55:07,940 - [INFO] -   Running totals - Seizures: 753, Background: 445,829
2026-06-09 09:55:07,940 - [INFO] -   Total rows written: 446,582
2026-06-09 09:55:07,940 - [INFO] - [153/686] Processing chb04_38.edf (Patient: chb04)
2026-06-09 10:06:33,716 - [INFO] -   Running totals - Seizures: 753, Background: 453,027
2026-06-09 10:06:33,717 - [INFO] -   Total rows written: 453,780
2026-06-09 10:06:33,717 - [INFO] - [154/686] Processing chb04_39.edf (Patient: chb04)
2026-06-09 10:17:56,160 - [INFO] -   Running totals - Seizures: 753, Background: 460,225
2026-06-09 10:17:56,160 - [INFO] -   Total rows written: 460,978
2026-06-09 10:17:56,160 - [INFO] - [155/686] Processing chb04_40.edf (Patient: chb04)
2026-06-09 10:29:17,296 - [INFO] -   Running totals - Seizures: 753, Background: 467,423
2026-06-09 10:29:17,296 - [INFO] -   Total rows written: 468,176
2026-06-09 10:29:17,297 - [INFO] - [156/686] Processing chb04_41.edf (Patient: chb04)
2026-06-09 10:40:38,933 - [INFO] -   Running totals - Seizures: 753, Background: 474,621
2026-06-09 10:40:38,933 - [INFO] -   Total rows written: 475,374
2026-06-09 10:40:38,934 - [INFO] - [157/686] Processing chb04_42.edf (Patient: chb04)
2026-06-09 10:45:13,805 - [INFO] -   Running totals - Seizures: 753, Background: 477,531
2026-06-09 10:45:13,805 - [INFO] -   Total rows written: 478,284
2026-06-09 10:45:13,806 - [INFO] - [158/686] Processing chb04_43.edf (Patient: chb04)
2026-06-09 10:56:32,699 - [INFO] -   Running totals - Seizures: 753, Background: 484,729
2026-06-09 10:56:32,699 - [INFO] -   Total rows written: 485,482
2026-06-09 10:56:32,699 - [INFO] - [159/686] Processing chb05_01.edf (Patient: chb05)
2026-06-09 10:59:16,364 - [INFO] -   Running totals - Seizures: 753, Background: 486,532
2026-06-09 10:59:16,365 - [INFO] -   Total rows written: 487,285
2026-06-09 10:59:16,365 - [INFO] - [160/686] Processing chb05_02.edf (Patient: chb05)
2026-06-09 11:01:59,559 - [INFO] -   Running totals - Seizures: 753, Background: 488,330
2026-06-09 11:01:59,559 - [INFO] -   Total rows written: 489,083
2026-06-09 11:01:59,563 - [INFO] - Progress: 160/686 files, Rows: 489,083, Time: 750.1 min, Memory: 54%
2026-06-09 11:01:59,563 - [INFO] - [161/686] Processing chb05_03.edf (Patient: chb05)
2026-06-09 11:04:43,713 - [INFO] -   Running totals - Seizures: 753, Background: 490,128
2026-06-09 11:04:43,713 - [INFO] -   Total rows written: 490,881
2026-06-09 11:04:43,714 - [INFO] - [162/686] Processing chb05_04.edf (Patient: chb05)
2026-06-09 11:07:27,645 - [INFO] -   Running totals - Seizures: 753, Background: 491,926
2026-06-09 11:07:27,646 - [INFO] -   Total rows written: 492,679
2026-06-09 11:07:27,646 - [INFO] - [163/686] Processing chb05_05.edf (Patient: chb05)
2026-06-09 11:10:11,555 - [INFO] -   Running totals - Seizures: 753, Background: 493,724
2026-06-09 11:10:11,555 - [INFO] -   Total rows written: 494,477
2026-06-09 11:10:11,555 - [INFO] - [164/686] Processing chb05_06.edf (Patient: chb05)
2026-06-09 11:12:56,084 - [INFO] -   Running totals - Seizures: 813, Background: 495,462
2026-06-09 11:12:56,084 - [INFO] -   Total rows written: 496,275
2026-06-09 11:12:56,084 - [INFO] - [165/686] Processing chb05_07.edf (Patient: chb05)
2026-06-09 11:15:39,904 - [INFO] -   Running totals - Seizures: 813, Background: 497,260
2026-06-09 11:15:39,905 - [INFO] -   Total rows written: 498,073
2026-06-09 11:15:39,905 - [INFO] - [166/686] Processing chb05_08.edf (Patient: chb05)
2026-06-09 11:18:23,568 - [INFO] -   Running totals - Seizures: 813, Background: 499,058
2026-06-09 11:18:23,568 - [INFO] -   Total rows written: 499,871
2026-06-09 11:18:23,568 - [INFO] - [167/686] Processing chb05_09.edf (Patient: chb05)
2026-06-09 11:21:07,858 - [INFO] -   Running totals - Seizures: 813, Background: 500,856
2026-06-09 11:21:07,858 - [INFO] -   Total rows written: 501,669
2026-06-09 11:21:07,858 - [INFO] - [168/686] Processing chb05_10.edf (Patient: chb05)
2026-06-09 11:23:51,662 - [INFO] -   Running totals - Seizures: 813, Background: 502,654
2026-06-09 11:23:51,662 - [INFO] -   Total rows written: 503,467
2026-06-09 11:23:51,662 - [INFO] - [169/686] Processing chb05_11.edf (Patient: chb05)
2026-06-09 11:26:35,539 - [INFO] -   Running totals - Seizures: 813, Background: 504,452
2026-06-09 11:26:35,540 - [INFO] -   Total rows written: 505,265
2026-06-09 11:26:35,540 - [INFO] - [170/686] Processing chb05_12.edf (Patient: chb05)
2026-06-09 11:29:19,009 - [INFO] -   Running totals - Seizures: 813, Background: 506,250
2026-06-09 11:29:19,009 - [INFO] -   Total rows written: 507,063
2026-06-09 11:29:19,015 - [INFO] - Progress: 170/686 files, Rows: 507,063, Time: 777.5 min, Memory: 53%
2026-06-09 11:29:19,015 - [INFO] - [171/686] Processing chb05_13.edf (Patient: chb05)
2026-06-09 11:32:02,626 - [INFO] -   Running totals - Seizures: 871, Background: 507,990
2026-06-09 11:32:02,627 - [INFO] -   Total rows written: 508,861
2026-06-09 11:32:02,627 - [INFO] - [172/686] Processing chb05_14.edf (Patient: chb05)
2026-06-09 11:34:46,146 - [INFO] -   Running totals - Seizures: 871, Background: 509,788
2026-06-09 11:34:46,146 - [INFO] -   Total rows written: 510,659
2026-06-09 11:34:46,146 - [INFO] - [173/686] Processing chb05_15.edf (Patient: chb05)
2026-06-09 11:37:29,570 - [INFO] -   Running totals - Seizures: 871, Background: 511,586
2026-06-09 11:37:29,570 - [INFO] -   Total rows written: 512,457
2026-06-09 11:37:29,571 - [INFO] - [174/686] Processing chb05_16.edf (Patient: chb05)
2026-06-09 11:40:12,973 - [INFO] -   Running totals - Seizures: 921, Background: 513,334
2026-06-09 11:40:12,973 - [INFO] -   Total rows written: 514,255
2026-06-09 11:40:12,973 - [INFO] - [175/686] Processing chb05_17.edf (Patient: chb05)
2026-06-09 11:42:56,262 - [INFO] -   Running totals - Seizures: 983, Background: 515,070
2026-06-09 11:42:56,262 - [INFO] -   Total rows written: 516,053
2026-06-09 11:42:56,262 - [INFO] - [176/686] Processing chb05_18.edf (Patient: chb05)
2026-06-09 11:45:40,031 - [INFO] -   Running totals - Seizures: 983, Background: 516,868
2026-06-09 11:45:40,031 - [INFO] -   Total rows written: 517,851
2026-06-09 11:45:40,031 - [INFO] - [177/686] Processing chb05_19.edf (Patient: chb05)
2026-06-09 11:48:23,549 - [INFO] -   Running totals - Seizures: 983, Background: 518,666
2026-06-09 11:48:23,549 - [INFO] -   Total rows written: 519,649
2026-06-09 11:48:23,550 - [INFO] - [178/686] Processing chb05_20.edf (Patient: chb05)
2026-06-09 11:51:07,290 - [INFO] -   Running totals - Seizures: 983, Background: 520,464
2026-06-09 11:51:07,290 - [INFO] -   Total rows written: 521,447
2026-06-09 11:51:07,291 - [INFO] - [179/686] Processing chb05_21.edf (Patient: chb05)
2026-06-09 11:53:50,767 - [INFO] -   Running totals - Seizures: 983, Background: 522,262
2026-06-09 11:53:50,767 - [INFO] -   Total rows written: 523,245
2026-06-09 11:53:50,767 - [INFO] - [180/686] Processing chb05_22.edf (Patient: chb05)
2026-06-09 11:56:34,552 - [INFO] -   Running totals - Seizures: 1,044, Background: 523,999
2026-06-09 11:56:34,552 - [INFO] -   Total rows written: 525,043
2026-06-09 11:56:34,556 - [INFO] - Progress: 180/686 files, Rows: 525,043, Time: 804.7 min, Memory: 54%
2026-06-09 11:56:34,556 - [INFO] - [181/686] Processing chb05_23.edf (Patient: chb05)
2026-06-09 11:59:18,411 - [INFO] -   Running totals - Seizures: 1,044, Background: 525,797
2026-06-09 11:59:18,411 - [INFO] -   Total rows written: 526,841
2026-06-09 11:59:18,411 - [INFO] - [182/686] Processing chb05_24.edf (Patient: chb05)
2026-06-09 12:02:02,363 - [INFO] -   Running totals - Seizures: 1,044, Background: 527,595
2026-06-09 12:02:02,363 - [INFO] -   Total rows written: 528,639
2026-06-09 12:02:02,363 - [INFO] - [183/686] Processing chb05_25.edf (Patient: chb05)
2026-06-09 12:04:46,081 - [INFO] -   Running totals - Seizures: 1,044, Background: 529,393
2026-06-09 12:04:46,082 - [INFO] -   Total rows written: 530,437
2026-06-09 12:04:46,082 - [INFO] - [184/686] Processing chb05_26.edf (Patient: chb05)
2026-06-09 12:07:30,241 - [INFO] -   Running totals - Seizures: 1,044, Background: 531,191
2026-06-09 12:07:30,241 - [INFO] -   Total rows written: 532,235
2026-06-09 12:07:30,241 - [INFO] - [185/686] Processing chb05_27.edf (Patient: chb05)
2026-06-09 12:10:14,425 - [INFO] -   Running totals - Seizures: 1,044, Background: 532,989
2026-06-09 12:10:14,426 - [INFO] -   Total rows written: 534,033
2026-06-09 12:10:14,426 - [INFO] - [186/686] Processing chb05_28.edf (Patient: chb05)
2026-06-09 12:12:58,068 - [INFO] -   Running totals - Seizures: 1,044, Background: 534,787
2026-06-09 12:12:58,069 - [INFO] -   Total rows written: 535,831
2026-06-09 12:12:58,069 - [INFO] - [187/686] Processing chb05_29.edf (Patient: chb05)
2026-06-09 12:15:41,970 - [INFO] -   Running totals - Seizures: 1,044, Background: 536,585
2026-06-09 12:15:41,970 - [INFO] -   Total rows written: 537,629
2026-06-09 12:15:41,970 - [INFO] - [188/686] Processing chb05_30.edf (Patient: chb05)
2026-06-09 12:18:25,678 - [INFO] -   Running totals - Seizures: 1,044, Background: 538,383
2026-06-09 12:18:25,678 - [INFO] -   Total rows written: 539,427
2026-06-09 12:18:25,678 - [INFO] - [189/686] Processing chb05_31.edf (Patient: chb05)
2026-06-09 12:21:09,798 - [INFO] -   Running totals - Seizures: 1,044, Background: 540,181
2026-06-09 12:21:09,799 - [INFO] -   Total rows written: 541,225
2026-06-09 12:21:09,799 - [INFO] - [190/686] Processing chb05_32.edf (Patient: chb05)
2026-06-09 12:23:52,711 - [INFO] -   Running totals - Seizures: 1,044, Background: 541,979
2026-06-09 12:23:52,711 - [INFO] -   Total rows written: 543,023
2026-06-09 12:23:52,717 - [INFO] - Progress: 190/686 files, Rows: 543,023, Time: 832.0 min, Memory: 54%
2026-06-09 12:23:52,718 - [INFO] - [191/686] Processing chb05_33.edf (Patient: chb05)
2026-06-09 12:26:35,628 - [INFO] -   Running totals - Seizures: 1,044, Background: 543,777
2026-06-09 12:26:35,628 - [INFO] -   Total rows written: 544,821
2026-06-09 12:26:35,628 - [INFO] - [192/686] Processing chb05_34.edf (Patient: chb05)
2026-06-09 12:29:18,898 - [INFO] -   Running totals - Seizures: 1,044, Background: 545,575
2026-06-09 12:29:18,898 - [INFO] -   Total rows written: 546,619
2026-06-09 12:29:18,899 - [INFO] - [193/686] Processing chb05_35.edf (Patient: chb05)
2026-06-09 12:32:02,202 - [INFO] -   Running totals - Seizures: 1,044, Background: 547,373
2026-06-09 12:32:02,202 - [INFO] -   Total rows written: 548,417
2026-06-09 12:32:02,203 - [INFO] - [194/686] Processing chb05_36.edf (Patient: chb05)
2026-06-09 12:34:45,402 - [INFO] -   Running totals - Seizures: 1,044, Background: 549,171
2026-06-09 12:34:45,403 - [INFO] -   Total rows written: 550,215
2026-06-09 12:34:45,403 - [INFO] - [195/686] Processing chb05_37.edf (Patient: chb05)
2026-06-09 12:37:29,645 - [INFO] -   Running totals - Seizures: 1,044, Background: 550,969
2026-06-09 12:37:29,645 - [INFO] -   Total rows written: 552,013
2026-06-09 12:37:29,645 - [INFO] - [196/686] Processing chb05_38.edf (Patient: chb05)
2026-06-09 12:40:14,176 - [INFO] -   Running totals - Seizures: 1,044, Background: 552,767
2026-06-09 12:40:14,176 - [INFO] -   Total rows written: 553,811
2026-06-09 12:40:14,177 - [INFO] - [197/686] Processing chb05_39.edf (Patient: chb05)
2026-06-09 12:42:59,022 - [INFO] -   Running totals - Seizures: 1,044, Background: 554,565
2026-06-09 12:42:59,022 - [INFO] -   Total rows written: 555,609
2026-06-09 12:42:59,022 - [INFO] - [198/686] Processing chb06_01.edf (Patient: chb06)
2026-06-09 12:53:57,910 - [INFO] -   Running totals - Seizures: 1,074, Background: 561,747
2026-06-09 12:53:57,910 - [INFO] -   Total rows written: 562,821
2026-06-09 12:53:57,910 - [INFO] - [199/686] Processing chb06_02.edf (Patient: chb06)
2026-06-09 13:04:52,527 - [INFO] -   Running totals - Seizures: 1,074, Background: 568,945
2026-06-09 13:04:52,527 - [INFO] -   Total rows written: 570,019
2026-06-09 13:04:52,528 - [INFO] - [200/686] Processing chb06_03.edf (Patient: chb06)
2026-06-09 13:15:41,859 - [INFO] -   Running totals - Seizures: 1,074, Background: 576,143
2026-06-09 13:15:41,860 - [INFO] -   Total rows written: 577,217
2026-06-09 13:15:41,864 - [INFO] - Progress: 200/686 files, Rows: 577,217, Time: 883.8 min, Memory: 53%
2026-06-09 13:15:41,864 - [INFO] - [201/686] Processing chb06_04.edf (Patient: chb06)
2026-06-09 13:25:41,310 - [INFO] -   Running totals - Seizures: 1,098, Background: 582,748
2026-06-09 13:25:41,311 - [INFO] -   Total rows written: 583,846
2026-06-09 13:25:41,311 - [INFO] - [202/686] Processing chb06_05.edf (Patient: chb06)
2026-06-09 13:36:32,116 - [INFO] -   Running totals - Seizures: 1,098, Background: 589,946
2026-06-09 13:36:32,116 - [INFO] -   Total rows written: 591,044
2026-06-09 13:36:32,117 - [INFO] - [203/686] Processing chb06_06.edf (Patient: chb06)
2026-06-09 13:47:22,223 - [INFO] -   Running totals - Seizures: 1,098, Background: 597,144
2026-06-09 13:47:22,223 - [INFO] -   Total rows written: 598,242
2026-06-09 13:47:22,223 - [INFO] - [204/686] Processing chb06_07.edf (Patient: chb06)
2026-06-09 13:58:15,048 - [INFO] -   Running totals - Seizures: 1,098, Background: 604,342
2026-06-09 13:58:15,048 - [INFO] -   Total rows written: 605,440
2026-06-09 13:58:15,048 - [INFO] - [205/686] Processing chb06_08.edf (Patient: chb06)
2026-06-09 14:09:06,378 - [INFO] -   Running totals - Seizures: 1,098, Background: 611,540
2026-06-09 14:09:06,378 - [INFO] -   Total rows written: 612,638
2026-06-09 14:09:06,378 - [INFO] - [206/686] Processing chb06_09.edf (Patient: chb06)
2026-06-09 14:19:56,392 - [INFO] -   Running totals - Seizures: 1,109, Background: 618,727
2026-06-09 14:19:56,392 - [INFO] -   Total rows written: 619,836
2026-06-09 14:19:56,392 - [INFO] - [207/686] Processing chb06_10.edf (Patient: chb06)
2026-06-09 14:30:46,134 - [INFO] -   Running totals - Seizures: 1,117, Background: 625,917
2026-06-09 14:30:46,135 - [INFO] -   Total rows written: 627,034
2026-06-09 14:30:46,135 - [INFO] - [208/686] Processing chb06_12.edf (Patient: chb06)
2026-06-09 14:41:34,088 - [INFO] -   Running totals - Seizures: 1,117, Background: 633,115
2026-06-09 14:41:34,089 - [INFO] -   Total rows written: 634,232
2026-06-09 14:41:34,089 - [INFO] - [209/686] Processing chb06_13.edf (Patient: chb06)
2026-06-09 14:52:26,539 - [INFO] -   Running totals - Seizures: 1,126, Background: 640,304
2026-06-09 14:52:26,539 - [INFO] -   Total rows written: 641,430
2026-06-09 14:52:26,539 - [INFO] - [210/686] Processing chb06_14.edf (Patient: chb06)
2026-06-09 15:03:20,079 - [INFO] -   Running totals - Seizures: 1,126, Background: 647,502
2026-06-09 15:03:20,079 - [INFO] -   Total rows written: 648,628
2026-06-09 15:03:20,084 - [INFO] - Progress: 210/686 files, Rows: 648,628, Time: 991.5 min, Memory: 55%
2026-06-09 15:03:20,084 - [INFO] - [211/686] Processing chb06_15.edf (Patient: chb06)
2026-06-09 15:14:12,279 - [INFO] -   Running totals - Seizures: 1,126, Background: 654,700
2026-06-09 15:14:12,279 - [INFO] -   Total rows written: 655,826
2026-06-09 15:14:12,279 - [INFO] - [212/686] Processing chb06_16.edf (Patient: chb06)
2026-06-09 15:16:30,003 - [INFO] -   Running totals - Seizures: 1,126, Background: 656,213
2026-06-09 15:16:30,004 - [INFO] -   Total rows written: 657,339
2026-06-09 15:16:30,004 - [INFO] - [213/686] Processing chb06_17.edf (Patient: chb06)
2026-06-09 15:27:21,974 - [INFO] -   Running totals - Seizures: 1,126, Background: 663,411
2026-06-09 15:27:21,974 - [INFO] -   Total rows written: 664,537
2026-06-09 15:27:21,974 - [INFO] - [214/686] Processing chb06_18.edf (Patient: chb06)
2026-06-09 15:33:21,541 - [INFO] -   Running totals - Seizures: 1,134, Background: 667,365
2026-06-09 15:33:21,541 - [INFO] -   Total rows written: 668,499
2026-06-09 15:33:21,541 - [INFO] - [215/686] Processing chb06_24.edf (Patient: chb06)
2026-06-09 15:44:15,893 - [INFO] -   Running totals - Seizures: 1,144, Background: 674,553
2026-06-09 15:44:15,893 - [INFO] -   Total rows written: 675,697
2026-06-09 15:44:15,894 - [INFO] - [216/686] Processing chb07_01.edf (Patient: chb07)
2026-06-09 15:54:52,501 - [INFO] -   Running totals - Seizures: 1,144, Background: 681,757
2026-06-09 15:54:52,501 - [INFO] -   Total rows written: 682,901
2026-06-09 15:54:52,501 - [INFO] - [217/686] Processing chb07_02.edf (Patient: chb07)
2026-06-09 16:06:16,228 - [INFO] -   Running totals - Seizures: 1,144, Background: 688,955
2026-06-09 16:06:16,228 - [INFO] -   Total rows written: 690,099
2026-06-09 16:06:16,228 - [INFO] - [218/686] Processing chb07_03.edf (Patient: chb07)
2026-06-09 16:17:17,098 - [INFO] -   Running totals - Seizures: 1,144, Background: 696,153
2026-06-09 16:17:17,098 - [INFO] -   Total rows written: 697,297
2026-06-09 16:17:17,098 - [INFO] - [219/686] Processing chb07_04.edf (Patient: chb07)
2026-06-09 16:28:12,228 - [INFO] -   Running totals - Seizures: 1,144, Background: 703,351
2026-06-09 16:28:12,228 - [INFO] -   Total rows written: 704,495
2026-06-09 16:28:12,228 - [INFO] - [220/686] Processing chb07_05.edf (Patient: chb07)
2026-06-09 16:38:45,046 - [INFO] -   Running totals - Seizures: 1,144, Background: 710,549
2026-06-09 16:38:45,046 - [INFO] -   Total rows written: 711,693
2026-06-09 16:38:45,050 - [INFO] - Progress: 220/686 files, Rows: 711,693, Time: 1086.9 min, Memory: 54%
2026-06-09 16:38:45,051 - [INFO] - [221/686] Processing chb07_06.edf (Patient: chb07)
2026-06-09 16:42:28,990 - [INFO] -   Running totals - Seizures: 1,144, Background: 713,007
2026-06-09 16:42:28,991 - [INFO] -   Total rows written: 714,151
2026-06-09 16:42:28,991 - [INFO] - [222/686] Processing chb07_07.edf (Patient: chb07)
2026-06-09 16:46:01,079 - [INFO] -   Running totals - Seizures: 1,144, Background: 715,335
2026-06-09 16:46:01,080 - [INFO] -   Total rows written: 716,479
2026-06-09 16:46:01,080 - [INFO] - [223/686] Processing chb07_08.edf (Patient: chb07)
2026-06-09 16:56:58,304 - [INFO] -   Running totals - Seizures: 1,144, Background: 722,533
2026-06-09 16:56:58,304 - [INFO] -   Total rows written: 723,677
2026-06-09 16:56:58,304 - [INFO] - [224/686] Processing chb07_09.edf (Patient: chb07)
2026-06-09 17:07:54,585 - [INFO] -   Running totals - Seizures: 1,144, Background: 729,731
2026-06-09 17:07:54,586 - [INFO] -   Total rows written: 730,875
2026-06-09 17:07:54,586 - [INFO] - [225/686] Processing chb07_10.edf (Patient: chb07)
2026-06-09 17:18:45,282 - [INFO] -   Running totals - Seizures: 1,144, Background: 736,929
2026-06-09 17:18:45,283 - [INFO] -   Total rows written: 738,073
2026-06-09 17:18:45,283 - [INFO] - [226/686] Processing chb07_11.edf (Patient: chb07)
2026-06-09 17:29:38,018 - [INFO] -   Running totals - Seizures: 1,144, Background: 744,127
2026-06-09 17:29:38,018 - [INFO] -   Total rows written: 745,271
2026-06-09 17:29:38,019 - [INFO] - [227/686] Processing chb07_12.edf (Patient: chb07)
2026-06-09 17:40:29,164 - [INFO] -   Running totals - Seizures: 1,190, Background: 751,279
2026-06-09 17:40:29,165 - [INFO] -   Total rows written: 752,469
2026-06-09 17:40:29,165 - [INFO] - [228/686] Processing chb07_13.edf (Patient: chb07)
2026-06-09 17:43:17,205 - [INFO] -   Running totals - Seizures: 1,240, Background: 753,090
2026-06-09 17:43:17,205 - [INFO] -   Total rows written: 754,330
2026-06-09 17:43:17,205 - [INFO] - [229/686] Processing chb07_14.edf (Patient: chb07)
2026-06-09 17:54:12,235 - [INFO] -   Running totals - Seizures: 1,240, Background: 760,288
2026-06-09 17:54:12,235 - [INFO] -   Total rows written: 761,528
2026-06-09 17:54:12,236 - [INFO] - [230/686] Processing chb07_15.edf (Patient: chb07)
2026-06-09 18:05:13,147 - [INFO] -   Running totals - Seizures: 1,240, Background: 767,486
2026-06-09 18:05:13,147 - [INFO] -   Total rows written: 768,726
2026-06-09 18:05:13,152 - [INFO] - Progress: 230/686 files, Rows: 768,726, Time: 1173.4 min, Memory: 56%
2026-06-09 18:05:13,152 - [INFO] - [231/686] Processing chb07_16.edf (Patient: chb07)
2026-06-09 18:16:07,895 - [INFO] -   Running totals - Seizures: 1,240, Background: 774,684
2026-06-09 18:16:07,896 - [INFO] -   Total rows written: 775,924
2026-06-09 18:16:07,896 - [INFO] - [232/686] Processing chb07_17.edf (Patient: chb07)
2026-06-09 18:27:02,111 - [INFO] -   Running totals - Seizures: 1,240, Background: 781,882
2026-06-09 18:27:02,112 - [INFO] -   Total rows written: 783,122
2026-06-09 18:27:02,112 - [INFO] - [233/686] Processing chb07_18.edf (Patient: chb07)
2026-06-09 18:36:08,649 - [INFO] -   Running totals - Seizures: 1,240, Background: 787,910
2026-06-09 18:36:08,650 - [INFO] -   Total rows written: 789,150
2026-06-09 18:36:08,650 - [INFO] - [234/686] Processing chb07_19.edf (Patient: chb07)
2026-06-09 18:47:01,489 - [INFO] -   Running totals - Seizures: 1,314, Background: 795,040
2026-06-09 18:47:01,490 - [INFO] -   Total rows written: 796,354
2026-06-09 18:47:01,490 - [INFO] - [235/686] Processing chb08_02.edf (Patient: chb08)
2026-06-09 18:49:44,017 - [INFO] -   Running totals - Seizures: 1,402, Background: 796,750
2026-06-09 18:49:44,017 - [INFO] -   Total rows written: 798,152
2026-06-09 18:49:44,017 - [INFO] - [236/686] Processing chb08_03.edf (Patient: chb08)
2026-06-09 18:52:26,950 - [INFO] -   Running totals - Seizures: 1,402, Background: 798,548
2026-06-09 18:52:26,950 - [INFO] -   Total rows written: 799,950
2026-06-09 18:52:26,950 - [INFO] - [237/686] Processing chb08_04.edf (Patient: chb08)
2026-06-09 18:55:09,598 - [INFO] -   Running totals - Seizures: 1,402, Background: 800,346
2026-06-09 18:55:09,598 - [INFO] -   Total rows written: 801,748
2026-06-09 18:55:09,598 - [INFO] - [238/686] Processing chb08_05.edf (Patient: chb08)
2026-06-09 18:57:53,117 - [INFO] -   Running totals - Seizures: 1,500, Background: 802,046
2026-06-09 18:57:53,117 - [INFO] -   Total rows written: 803,546
2026-06-09 18:57:53,117 - [INFO] - [239/686] Processing chb08_10.edf (Patient: chb08)
2026-06-09 19:00:36,788 - [INFO] -   Running totals - Seizures: 1,500, Background: 803,844
2026-06-09 19:00:36,788 - [INFO] -   Total rows written: 805,344
2026-06-09 19:00:36,788 - [INFO] - [240/686] Processing chb08_11.edf (Patient: chb08)
2026-06-09 19:03:20,681 - [INFO] -   Running totals - Seizures: 1,570, Background: 805,572
2026-06-09 19:03:20,681 - [INFO] -   Total rows written: 807,142
2026-06-09 19:03:20,685 - [INFO] - Progress: 240/686 files, Rows: 807,142, Time: 1231.5 min, Memory: 56%
2026-06-09 19:03:20,685 - [INFO] - [241/686] Processing chb08_12.edf (Patient: chb08)
2026-06-09 19:06:04,455 - [INFO] -   Running totals - Seizures: 1,570, Background: 807,370
2026-06-09 19:06:04,455 - [INFO] -   Total rows written: 808,940
2026-06-09 19:06:04,455 - [INFO] - [242/686] Processing chb08_13.edf (Patient: chb08)
2026-06-09 19:08:48,570 - [INFO] -   Running totals - Seizures: 1,652, Background: 809,086
2026-06-09 19:08:48,571 - [INFO] -   Total rows written: 810,738
2026-06-09 19:08:48,571 - [INFO] - [243/686] Processing chb08_14.edf (Patient: chb08)
2026-06-09 19:11:32,138 - [INFO] -   Running totals - Seizures: 1,652, Background: 810,884
2026-06-09 19:11:32,138 - [INFO] -   Total rows written: 812,536
2026-06-09 19:11:32,139 - [INFO] - [244/686] Processing chb08_15.edf (Patient: chb08)
2026-06-09 19:14:15,606 - [INFO] -   Running totals - Seizures: 1,652, Background: 812,682
2026-06-09 19:14:15,606 - [INFO] -   Total rows written: 814,334
2026-06-09 19:14:15,606 - [INFO] - [245/686] Processing chb08_16.edf (Patient: chb08)
2026-06-09 19:16:58,988 - [INFO] -   Running totals - Seizures: 1,652, Background: 814,480
2026-06-09 19:16:58,988 - [INFO] -   Total rows written: 816,132
2026-06-09 19:16:58,988 - [INFO] - [246/686] Processing chb08_17.edf (Patient: chb08)
2026-06-09 19:19:42,232 - [INFO] -   Running totals - Seizures: 1,652, Background: 816,278
2026-06-09 19:19:42,233 - [INFO] -   Total rows written: 817,930
2026-06-09 19:19:42,233 - [INFO] - [247/686] Processing chb08_18.edf (Patient: chb08)
2026-06-09 19:22:26,182 - [INFO] -   Running totals - Seizures: 1,652, Background: 818,076
2026-06-09 19:22:26,182 - [INFO] -   Total rows written: 819,728
2026-06-09 19:22:26,183 - [INFO] - [248/686] Processing chb08_19.edf (Patient: chb08)
2026-06-09 19:25:09,809 - [INFO] -   Running totals - Seizures: 1,652, Background: 819,874
2026-06-09 19:25:09,809 - [INFO] -   Total rows written: 821,526
2026-06-09 19:25:09,809 - [INFO] - [249/686] Processing chb08_20.edf (Patient: chb08)
2026-06-09 19:27:52,921 - [INFO] -   Running totals - Seizures: 1,652, Background: 821,672
2026-06-09 19:27:52,922 - [INFO] -   Total rows written: 823,324
2026-06-09 19:27:52,922 - [INFO] - [250/686] Processing chb08_21.edf (Patient: chb08)
2026-06-09 19:30:35,730 - [INFO] -   Running totals - Seizures: 1,786, Background: 823,336
2026-06-09 19:30:35,730 - [INFO] -   Total rows written: 825,122
2026-06-09 19:30:35,735 - [INFO] - Progress: 250/686 files, Rows: 825,122, Time: 1258.7 min, Memory: 57%
2026-06-09 19:30:35,735 - [INFO] - [251/686] Processing chb08_22.edf (Patient: chb08)
2026-06-09 19:33:18,794 - [INFO] -   Running totals - Seizures: 1,786, Background: 825,134
2026-06-09 19:33:18,795 - [INFO] -   Total rows written: 826,920
2026-06-09 19:33:18,795 - [INFO] - [252/686] Processing chb08_23.edf (Patient: chb08)
2026-06-09 19:36:01,338 - [INFO] -   Running totals - Seizures: 1,786, Background: 826,932
2026-06-09 19:36:01,339 - [INFO] -   Total rows written: 828,718
2026-06-09 19:36:01,339 - [INFO] - [253/686] Processing chb08_24.edf (Patient: chb08)
2026-06-09 19:38:44,462 - [INFO] -   Running totals - Seizures: 1,786, Background: 828,730
2026-06-09 19:38:44,463 - [INFO] -   Total rows written: 830,516
2026-06-09 19:38:44,463 - [INFO] - [254/686] Processing chb08_29.edf (Patient: chb08)
2026-06-09 19:41:28,360 - [INFO] -   Running totals - Seizures: 1,786, Background: 830,540
2026-06-09 19:41:28,361 - [INFO] -   Total rows written: 832,326
2026-06-09 19:41:28,361 - [INFO] - [255/686] Processing chb09_01.edf (Patient: chb09)
2026-06-09 19:47:31,025 - [INFO] -   Running totals - Seizures: 1,786, Background: 834,550
2026-06-09 19:47:31,025 - [INFO] -   Total rows written: 836,336
2026-06-09 19:47:31,025 - [INFO] - [256/686] Processing chb09_02.edf (Patient: chb09)
2026-06-09 19:58:52,069 - [INFO] -   Running totals - Seizures: 1,786, Background: 841,748
2026-06-09 19:58:52,069 - [INFO] -   Total rows written: 843,534
2026-06-09 19:58:52,069 - [INFO] - [257/686] Processing chb09_03.edf (Patient: chb09)
2026-06-09 20:10:14,137 - [INFO] -   Running totals - Seizures: 1,786, Background: 848,946
2026-06-09 20:10:14,137 - [INFO] -   Total rows written: 850,732
2026-06-09 20:10:14,137 - [INFO] - [258/686] Processing chb09_04.edf (Patient: chb09)
2026-06-09 20:21:14,172 - [INFO] -   Running totals - Seizures: 1,786, Background: 856,152
2026-06-09 20:21:14,172 - [INFO] -   Total rows written: 857,938
2026-06-09 20:21:14,172 - [INFO] - [259/686] Processing chb09_05.edf (Patient: chb09)
2026-06-09 20:32:34,421 - [INFO] -   Running totals - Seizures: 1,786, Background: 863,350
2026-06-09 20:32:34,421 - [INFO] -   Total rows written: 865,136
2026-06-09 20:32:34,421 - [INFO] - [260/686] Processing chb09_06.edf (Patient: chb09)
2026-06-09 20:43:54,324 - [INFO] -   Running totals - Seizures: 1,820, Background: 870,514
2026-06-09 20:43:54,324 - [INFO] -   Total rows written: 872,334
2026-06-09 20:43:54,328 - [INFO] - Progress: 260/686 files, Rows: 872,334, Time: 1332.0 min, Memory: 55%
2026-06-09 20:43:54,328 - [INFO] - [261/686] Processing chb09_07.edf (Patient: chb09)
2026-06-09 20:55:00,225 - [INFO] -   Running totals - Seizures: 1,820, Background: 877,712
2026-06-09 20:55:00,225 - [INFO] -   Total rows written: 879,532
2026-06-09 20:55:00,225 - [INFO] - [262/686] Processing chb09_08.edf (Patient: chb09)
2026-06-09 22:44:21,869 - [INFO] - ================================================================================
2026-06-09 22:44:21,869 - [INFO] - NeuroVision Omega - Phase 4 Production Pipeline
2026-06-09 22:44:21,869 - [INFO] - Channel-Aware Aggregated Features (ULTIMATE PRODUCTION VERSION v3)
2026-06-09 22:44:21,870 - [INFO] - Window: 4.0s, Stride: 2.0s (matches V1-V3)
2026-06-09 22:44:21,870 - [INFO] - ================================================================================
2026-06-09 22:44:21,870 - [INFO] - Loading seizure interval database from: E:\Project\neurovision_ai\SEIZURE_INTERVAL_DATABASE.json
2026-06-09 22:44:21,878 - [INFO] - Loaded database for 24 patients
2026-06-09 22:44:21,878 - [INFO] - Validating seizure intervals...
2026-06-09 22:44:21,878 - [INFO] - Seizure database validation passed
2026-06-09 22:44:21,878 - [INFO] - Scanning for EDF files in: E:\NeuroVision\datasets\chbmit
2026-06-09 22:44:21,948 - [INFO] - Found 686 EDF files across 24 patients
2026-06-09 22:44:21,948 - [INFO] - Found 686 EDF files
2026-06-09 22:44:21,967 - [INFO] - Loaded checkpoint: 261 files already processed
2026-06-09 22:44:21,967 - [INFO] - Resuming: 425 files pending out of 686 total
2026-06-09 22:44:21,968 - [INFO] - [1/425] Processing chb09_08.edf (Patient: chb09)
2026-06-09 23:36:24,695 - [INFO] - ================================================================================
2026-06-09 23:36:24,696 - [INFO] - NeuroVision Omega - Phase 4 Production Pipeline
2026-06-09 23:36:24,696 - [INFO] - Channel-Aware Aggregated Features (ULTIMATE PRODUCTION VERSION v3)
2026-06-09 23:36:24,696 - [INFO] - Window: 4.0s, Stride: 2.0s (matches V1-V3)
2026-06-09 23:36:24,697 - [INFO] - ================================================================================
2026-06-09 23:36:24,697 - [INFO] - Loading seizure interval database from: E:\Project\neurovision_ai\SEIZURE_INTERVAL_DATABASE.json
2026-06-09 23:36:24,706 - [INFO] - Loaded database for 24 patients
2026-06-09 23:36:24,706 - [INFO] - Validating seizure intervals...
2026-06-09 23:36:24,706 - [INFO] - Seizure database validation passed
2026-06-09 23:36:24,707 - [INFO] - Scanning for EDF files in: E:\NeuroVision\datasets\chbmit
2026-06-09 23:36:24,759 - [INFO] - Found 686 EDF files across 24 patients
2026-06-09 23:36:24,759 - [INFO] - Found 686 EDF files
2026-06-09 23:36:24,772 - [INFO] - Loaded checkpoint: 261 files already processed
2026-06-09 23:36:24,773 - [INFO] - Resuming: 425 files pending out of 686 total
2026-06-09 23:36:24,773 - [INFO] - [1/425] Processing chb09_08.edf (Patient: chb09)
2026-06-09 23:46:51,943 - [INFO] -   Running totals - Seizures: 1,900, Background: 884,830
2026-06-09 23:46:51,943 - [INFO] -   Total rows written: 7,198
2026-06-09 23:46:51,943 - [INFO] - [2/425] Processing chb09_09.edf (Patient: chb09)
2026-06-09 23:57:15,184 - [INFO] -   Running totals - Seizures: 1,900, Background: 892,028
2026-06-09 23:57:15,184 - [INFO] -   Total rows written: 14,396
2026-06-09 23:57:15,184 - [INFO] - [3/425] Processing chb09_10.edf (Patient: chb09)
2026-06-10 00:07:35,838 - [INFO] -   Running totals - Seizures: 1,900, Background: 899,226
2026-06-10 00:07:35,838 - [INFO] -   Total rows written: 21,594
2026-06-10 00:07:35,838 - [INFO] - [4/425] Processing chb09_11.edf (Patient: chb09)
2026-06-10 00:18:33,147 - [INFO] -   Running totals - Seizures: 1,900, Background: 906,424
2026-06-10 00:18:33,147 - [INFO] -   Total rows written: 28,792
2026-06-10 00:18:33,148 - [INFO] - [5/425] Processing chb09_12.edf (Patient: chb09)
2026-06-10 00:29:50,887 - [INFO] -   Running totals - Seizures: 1,900, Background: 913,622
2026-06-10 00:29:50,887 - [INFO] -   Total rows written: 35,990
2026-06-10 00:29:50,887 - [INFO] - [6/425] Processing chb09_13.edf (Patient: chb09)
2026-06-10 00:41:13,401 - [INFO] -   Running totals - Seizures: 1,900, Background: 920,823
2026-06-10 00:41:13,401 - [INFO] -   Total rows written: 43,191
2026-06-10 00:41:13,401 - [INFO] - [7/425] Processing chb09_14.edf (Patient: chb09)
2026-06-10 00:52:29,487 - [INFO] -   Running totals - Seizures: 1,900, Background: 928,027
2026-06-10 00:52:29,487 - [INFO] -   Total rows written: 50,395
2026-06-10 00:52:29,487 - [INFO] - [8/425] Processing chb09_15.edf (Patient: chb09)
2026-06-10 01:02:49,277 - [INFO] -   Running totals - Seizures: 1,900, Background: 935,236
2026-06-10 01:02:49,277 - [INFO] -   Total rows written: 57,604
2026-06-10 01:02:49,277 - [INFO] - [9/425] Processing chb09_16.edf (Patient: chb09)
2026-06-10 01:12:34,849 - [INFO] -   Running totals - Seizures: 1,900, Background: 942,030
2026-06-10 01:12:34,849 - [INFO] -   Total rows written: 64,398
2026-06-10 01:12:34,849 - [INFO] - [10/425] Processing chb09_17.edf (Patient: chb09)
2026-06-10 01:13:16,776 - [INFO] -   Running totals - Seizures: 1,900, Background: 942,515
2026-06-10 01:13:16,776 - [INFO] -   Total rows written: 64,883
2026-06-10 01:13:16,776 - [INFO] - Progress: 10/425 files, Rows: 64,883, Time: 96.9 min, Memory: 45%
2026-06-10 01:13:16,777 - [INFO] - [11/425] Processing chb09_18.edf (Patient: chb09)
2026-06-10 01:23:38,090 - [INFO] -   Running totals - Seizures: 1,900, Background: 949,713
2026-06-10 01:23:38,090 - [INFO] -   Total rows written: 72,081
2026-06-10 01:23:38,090 - [INFO] - [12/425] Processing chb09_19.edf (Patient: chb09)
2026-06-10 01:27:45,735 - [INFO] -   Running totals - Seizures: 1,933, Background: 952,528
2026-06-10 01:27:45,735 - [INFO] -   Total rows written: 74,929
2026-06-10 01:27:45,735 - [INFO] - [13/425] Processing chb10_01.edf (Patient: chb10)
2026-06-10 01:32:46,912 - [INFO] -   Running totals - Seizures: 1,933, Background: 956,136
2026-06-10 01:32:46,913 - [INFO] -   Total rows written: 78,537
2026-06-10 01:32:46,913 - [INFO] - [14/425] Processing chb10_02.edf (Patient: chb10)
2026-06-10 01:37:47,308 - [INFO] -   Running totals - Seizures: 1,933, Background: 959,734
2026-06-10 01:37:47,308 - [INFO] -   Total rows written: 82,135
2026-06-10 01:37:47,308 - [INFO] - [15/425] Processing chb10_03.edf (Patient: chb10)
2026-06-10 01:42:44,723 - [INFO] -   Running totals - Seizures: 1,933, Background: 963,332
2026-06-10 01:42:44,723 - [INFO] -   Total rows written: 85,733
2026-06-10 01:42:44,724 - [INFO] - [16/425] Processing chb10_04.edf (Patient: chb10)
2026-06-10 01:47:41,903 - [INFO] -   Running totals - Seizures: 1,933, Background: 966,930
2026-06-10 01:47:41,903 - [INFO] -   Total rows written: 89,331
2026-06-10 01:47:41,904 - [INFO] - [17/425] Processing chb10_05.edf (Patient: chb10)
2026-06-10 01:52:39,952 - [INFO] -   Running totals - Seizures: 1,933, Background: 970,528
2026-06-10 01:52:39,952 - [INFO] -   Total rows written: 92,929
2026-06-10 01:52:39,953 - [INFO] - [18/425] Processing chb10_06.edf (Patient: chb10)
2026-06-10 01:57:36,889 - [INFO] -   Running totals - Seizures: 1,933, Background: 974,126
2026-06-10 01:57:36,889 - [INFO] -   Total rows written: 96,527
2026-06-10 01:57:36,890 - [INFO] - [19/425] Processing chb10_07.edf (Patient: chb10)
2026-06-10 02:02:33,886 - [INFO] -   Running totals - Seizures: 1,933, Background: 977,724
2026-06-10 02:02:33,886 - [INFO] -   Total rows written: 100,125
2026-06-10 02:02:33,886 - [INFO] - [20/425] Processing chb10_08.edf (Patient: chb10)
2026-06-10 02:07:31,804 - [INFO] -   Running totals - Seizures: 1,933, Background: 981,322
2026-06-10 02:07:31,804 - [INFO] -   Total rows written: 103,723
2026-06-10 02:07:31,804 - [INFO] - Progress: 20/425 files, Rows: 103,723, Time: 151.1 min, Memory: 45%
2026-06-10 02:07:31,805 - [INFO] - [21/425] Processing chb10_12.edf (Patient: chb10)
2026-06-10 02:12:31,240 - [INFO] -   Running totals - Seizures: 1,953, Background: 984,900
2026-06-10 02:12:31,240 - [INFO] -   Total rows written: 107,321
2026-06-10 02:12:31,240 - [INFO] - [22/425] Processing chb10_13.edf (Patient: chb10)
2026-06-10 02:17:30,970 - [INFO] -   Running totals - Seizures: 1,953, Background: 988,498
2026-06-10 02:17:30,970 - [INFO] -   Total rows written: 110,919
2026-06-10 02:17:30,970 - [INFO] - [23/425] Processing chb10_14.edf (Patient: chb10)
2026-06-10 02:22:29,781 - [INFO] -   Running totals - Seizures: 1,953, Background: 992,096
2026-06-10 02:22:29,781 - [INFO] -   Total rows written: 114,517
2026-06-10 02:22:29,781 - [INFO] - [24/425] Processing chb10_15.edf (Patient: chb10)
2026-06-10 02:27:28,335 - [INFO] -   Running totals - Seizures: 1,953, Background: 995,694
2026-06-10 02:27:28,335 - [INFO] -   Total rows written: 118,115
2026-06-10 02:27:28,335 - [INFO] - [25/425] Processing chb10_16.edf (Patient: chb10)
2026-06-10 02:32:27,846 - [INFO] -   Running totals - Seizures: 1,953, Background: 999,292
2026-06-10 02:32:27,846 - [INFO] -   Total rows written: 121,713
2026-06-10 02:32:27,846 - [INFO] - [26/425] Processing chb10_17.edf (Patient: chb10)
2026-06-10 02:37:24,438 - [INFO] -   Running totals - Seizures: 1,953, Background: 1,002,890
2026-06-10 02:37:24,438 - [INFO] -   Total rows written: 125,311
2026-06-10 02:37:24,439 - [INFO] - [27/425] Processing chb10_18.edf (Patient: chb10)
2026-06-10 02:42:21,603 - [INFO] -   Running totals - Seizures: 1,953, Background: 1,006,488
2026-06-10 02:42:21,603 - [INFO] -   Total rows written: 128,909
2026-06-10 02:42:21,603 - [INFO] - [28/425] Processing chb10_19.edf (Patient: chb10)
2026-06-10 02:47:18,881 - [INFO] -   Running totals - Seizures: 1,953, Background: 1,010,086
2026-06-10 02:47:18,882 - [INFO] -   Total rows written: 132,507
2026-06-10 02:47:18,882 - [INFO] - [29/425] Processing chb10_20.edf (Patient: chb10)
2026-06-10 02:52:15,951 - [INFO] -   Running totals - Seizures: 1,991, Background: 1,013,652
2026-06-10 02:52:15,952 - [INFO] -   Total rows written: 136,111
2026-06-10 02:52:15,952 - [INFO] - [30/425] Processing chb10_21.edf (Patient: chb10)
2026-06-10 02:57:13,361 - [INFO] -   Running totals - Seizures: 1,991, Background: 1,017,250
2026-06-10 02:57:13,361 - [INFO] -   Total rows written: 139,709
2026-06-10 02:57:13,362 - [INFO] - Progress: 30/425 files, Rows: 139,709, Time: 200.8 min, Memory: 45%
2026-06-10 02:57:13,362 - [INFO] - [31/425] Processing chb10_22.edf (Patient: chb10)
2026-06-10 03:02:13,095 - [INFO] -   Running totals - Seizures: 1,991, Background: 1,020,848
2026-06-10 03:02:13,095 - [INFO] -   Total rows written: 143,307
2026-06-10 03:02:13,095 - [INFO] - [32/425] Processing chb10_27.edf (Patient: chb10)
2026-06-10 03:07:12,497 - [INFO] -   Running totals - Seizures: 2,026, Background: 1,024,420
2026-06-10 03:07:12,498 - [INFO] -   Total rows written: 146,914
2026-06-10 03:07:12,498 - [INFO] - [33/425] Processing chb10_28.edf (Patient: chb10)
2026-06-10 03:12:17,166 - [INFO] -   Running totals - Seizures: 2,026, Background: 1,028,018
2026-06-10 03:12:17,166 - [INFO] -   Total rows written: 150,512
2026-06-10 03:12:17,166 - [INFO] - [34/425] Processing chb10_30.edf (Patient: chb10)
2026-06-10 03:17:24,578 - [INFO] -   Running totals - Seizures: 2,057, Background: 1,031,592
2026-06-10 03:17:24,578 - [INFO] -   Total rows written: 154,117
2026-06-10 03:17:24,578 - [INFO] - [35/425] Processing chb10_31.edf (Patient: chb10)
2026-06-10 03:22:30,977 - [INFO] -   Running totals - Seizures: 2,097, Background: 1,035,161
2026-06-10 03:22:30,977 - [INFO] -   Total rows written: 157,726
2026-06-10 03:22:30,977 - [INFO] - [36/425] Processing chb10_38.edf (Patient: chb10)
2026-06-10 03:27:36,697 - [INFO] -   Running totals - Seizures: 2,144, Background: 1,038,712
2026-06-10 03:27:36,698 - [INFO] -   Total rows written: 161,324
2026-06-10 03:27:36,698 - [INFO] - [37/425] Processing chb10_89.edf (Patient: chb10)
2026-06-10 03:32:41,282 - [INFO] -   Running totals - Seizures: 2,173, Background: 1,042,281
2026-06-10 03:32:41,282 - [INFO] -   Total rows written: 164,922
2026-06-10 03:32:41,282 - [INFO] - [38/425] Processing chb11_01.edf (Patient: chb11)
2026-06-10 03:35:12,340 - [INFO] -   Running totals - Seizures: 2,173, Background: 1,044,078
2026-06-10 03:35:12,340 - [INFO] -   Total rows written: 166,719
2026-06-10 03:35:12,340 - [INFO] - [39/425] Processing chb11_02.edf (Patient: chb11)
2026-06-10 03:37:44,611 - [INFO] -   Running totals - Seizures: 2,173, Background: 1,045,876
2026-06-10 03:37:44,611 - [INFO] -   Total rows written: 168,517
2026-06-10 03:37:44,611 - [INFO] - [40/425] Processing chb11_03.edf (Patient: chb11)
2026-06-10 03:40:15,624 - [INFO] -   Running totals - Seizures: 2,173, Background: 1,047,674
2026-06-10 03:40:15,625 - [INFO] -   Total rows written: 170,315
2026-06-10 03:40:15,625 - [INFO] - Progress: 40/425 files, Rows: 170,315, Time: 243.8 min, Memory: 53%
2026-06-10 03:40:15,625 - [INFO] - [41/425] Processing chb11_04.edf (Patient: chb11)
2026-06-10 03:42:44,914 - [INFO] -   Running totals - Seizures: 2,173, Background: 1,049,472
2026-06-10 03:42:44,914 - [INFO] -   Total rows written: 172,113
2026-06-10 03:42:44,915 - [INFO] - [42/425] Processing chb11_05.edf (Patient: chb11)
2026-06-10 03:45:14,290 - [INFO] -   Running totals - Seizures: 2,173, Background: 1,051,270
2026-06-10 03:45:14,290 - [INFO] -   Total rows written: 173,911
2026-06-10 03:45:14,291 - [INFO] - [43/425] Processing chb11_06.edf (Patient: chb11)
2026-06-10 03:47:43,466 - [INFO] -   Running totals - Seizures: 2,173, Background: 1,053,068
2026-06-10 03:47:43,466 - [INFO] -   Total rows written: 175,709
2026-06-10 03:47:43,466 - [INFO] - [44/425] Processing chb11_07.edf (Patient: chb11)
2026-06-10 03:50:12,698 - [INFO] -   Running totals - Seizures: 2,173, Background: 1,054,866
2026-06-10 03:50:12,698 - [INFO] -   Total rows written: 177,507
2026-06-10 03:50:12,698 - [INFO] - [45/425] Processing chb11_08.edf (Patient: chb11)
2026-06-10 03:52:42,069 - [INFO] -   Running totals - Seizures: 2,173, Background: 1,056,664
2026-06-10 03:52:42,069 - [INFO] -   Total rows written: 179,305
2026-06-10 03:52:42,069 - [INFO] - [46/425] Processing chb11_09.edf (Patient: chb11)
2026-06-10 03:55:11,931 - [INFO] -   Running totals - Seizures: 2,173, Background: 1,058,462
2026-06-10 03:55:11,931 - [INFO] -   Total rows written: 181,103
2026-06-10 03:55:11,931 - [INFO] - [47/425] Processing chb11_10.edf (Patient: chb11)
2026-06-10 03:57:41,437 - [INFO] -   Running totals - Seizures: 2,173, Background: 1,060,260
2026-06-10 03:57:41,438 - [INFO] -   Total rows written: 182,901
2026-06-10 03:57:41,438 - [INFO] - [48/425] Processing chb11_11.edf (Patient: chb11)
2026-06-10 04:00:11,269 - [INFO] -   Running totals - Seizures: 2,173, Background: 1,062,058
2026-06-10 04:00:11,270 - [INFO] -   Total rows written: 184,699
2026-06-10 04:00:11,270 - [INFO] - [49/425] Processing chb11_12.edf (Patient: chb11)
2026-06-10 04:02:41,021 - [INFO] -   Running totals - Seizures: 2,173, Background: 1,063,856
2026-06-10 04:02:41,022 - [INFO] -   Total rows written: 186,497
2026-06-10 04:02:41,022 - [INFO] - [50/425] Processing chb11_13.edf (Patient: chb11)
2026-06-10 04:05:10,766 - [INFO] -   Running totals - Seizures: 2,173, Background: 1,065,654
2026-06-10 04:05:10,766 - [INFO] -   Total rows written: 188,295
2026-06-10 04:05:10,766 - [INFO] - Progress: 50/425 files, Rows: 188,295, Time: 268.8 min, Memory: 52%
2026-06-10 04:05:10,766 - [INFO] - [51/425] Processing chb11_14.edf (Patient: chb11)
2026-06-10 04:07:40,894 - [INFO] -   Running totals - Seizures: 2,173, Background: 1,067,452
2026-06-10 04:07:40,894 - [INFO] -   Total rows written: 190,093
2026-06-10 04:07:40,894 - [INFO] - [52/425] Processing chb11_15.edf (Patient: chb11)
2026-06-10 04:10:10,686 - [INFO] -   Running totals - Seizures: 2,173, Background: 1,069,250
2026-06-10 04:10:10,687 - [INFO] -   Total rows written: 191,891
2026-06-10 04:10:10,687 - [INFO] - [53/425] Processing chb11_16.edf (Patient: chb11)
2026-06-10 04:12:40,333 - [INFO] -   Running totals - Seizures: 2,173, Background: 1,071,048
2026-06-10 04:12:40,333 - [INFO] -   Total rows written: 193,689
2026-06-10 04:12:40,333 - [INFO] - [54/425] Processing chb11_17.edf (Patient: chb11)
2026-06-10 04:15:10,210 - [INFO] -   Running totals - Seizures: 2,173, Background: 1,072,846
2026-06-10 04:15:10,211 - [INFO] -   Total rows written: 195,487
2026-06-10 04:15:10,211 - [INFO] - [55/425] Processing chb11_18.edf (Patient: chb11)
2026-06-10 04:17:40,315 - [INFO] -   Running totals - Seizures: 2,173, Background: 1,074,644
2026-06-10 04:17:40,315 - [INFO] -   Total rows written: 197,285
2026-06-10 04:17:40,315 - [INFO] - [56/425] Processing chb11_19.edf (Patient: chb11)
2026-06-10 04:20:10,311 - [INFO] -   Running totals - Seizures: 2,173, Background: 1,076,442
2026-06-10 04:20:10,311 - [INFO] -   Total rows written: 199,083
2026-06-10 04:20:10,311 - [INFO] - [57/425] Processing chb11_24.edf (Patient: chb11)
2026-06-10 04:22:40,648 - [INFO] -   Running totals - Seizures: 2,173, Background: 1,078,240
2026-06-10 04:22:40,649 - [INFO] -   Total rows written: 200,881
2026-06-10 04:22:40,649 - [INFO] - [58/425] Processing chb11_25.edf (Patient: chb11)
2026-06-10 04:25:10,019 - [INFO] -   Running totals - Seizures: 2,173, Background: 1,080,038
2026-06-10 04:25:10,020 - [INFO] -   Total rows written: 202,679
2026-06-10 04:25:10,020 - [INFO] - [59/425] Processing chb11_26.edf (Patient: chb11)
2026-06-10 04:27:38,955 - [INFO] -   Running totals - Seizures: 2,173, Background: 1,081,836
2026-06-10 04:27:38,955 - [INFO] -   Total rows written: 204,477
2026-06-10 04:27:38,955 - [INFO] - [60/425] Processing chb11_27.edf (Patient: chb11)
2026-06-10 04:30:07,699 - [INFO] -   Running totals - Seizures: 2,173, Background: 1,083,634
2026-06-10 04:30:07,699 - [INFO] -   Total rows written: 206,275
2026-06-10 04:30:07,699 - [INFO] - Progress: 60/425 files, Rows: 206,275, Time: 293.7 min, Memory: 52%
2026-06-10 04:30:07,699 - [INFO] - [61/425] Processing chb11_53.edf (Patient: chb11)
2026-06-10 04:32:36,506 - [INFO] -   Running totals - Seizures: 2,173, Background: 1,085,432
2026-06-10 04:32:36,506 - [INFO] -   Total rows written: 208,073
2026-06-10 04:32:36,507 - [INFO] - [62/425] Processing chb11_54.edf (Patient: chb11)
2026-06-10 04:35:05,117 - [INFO] -   Running totals - Seizures: 2,173, Background: 1,087,230
2026-06-10 04:35:05,117 - [INFO] -   Total rows written: 209,871
2026-06-10 04:35:05,117 - [INFO] - [63/425] Processing chb11_55.edf (Patient: chb11)
2026-06-10 04:37:34,301 - [INFO] -   Running totals - Seizures: 2,173, Background: 1,089,028
2026-06-10 04:37:34,301 - [INFO] -   Total rows written: 211,669
2026-06-10 04:37:34,301 - [INFO] - [64/425] Processing chb11_56.edf (Patient: chb11)
2026-06-10 04:40:03,201 - [INFO] -   Running totals - Seizures: 2,173, Background: 1,090,826
2026-06-10 04:40:03,201 - [INFO] -   Total rows written: 213,467
2026-06-10 04:40:03,201 - [INFO] - [65/425] Processing chb11_58.edf (Patient: chb11)
2026-06-10 04:42:32,007 - [INFO] -   Running totals - Seizures: 2,173, Background: 1,092,624
2026-06-10 04:42:32,007 - [INFO] -   Total rows written: 215,265
2026-06-10 04:42:32,008 - [INFO] - [66/425] Processing chb11_60.edf (Patient: chb11)
2026-06-10 04:45:00,920 - [INFO] -   Running totals - Seizures: 2,173, Background: 1,094,422
2026-06-10 04:45:00,920 - [INFO] -   Total rows written: 217,063
2026-06-10 04:45:00,920 - [INFO] - [67/425] Processing chb11_61.edf (Patient: chb11)
2026-06-10 04:47:30,031 - [INFO] -   Running totals - Seizures: 2,173, Background: 1,096,220
2026-06-10 04:47:30,031 - [INFO] -   Total rows written: 218,861
2026-06-10 04:47:30,032 - [INFO] - [68/425] Processing chb11_62.edf (Patient: chb11)
2026-06-10 04:49:59,164 - [INFO] -   Running totals - Seizures: 2,173, Background: 1,098,018
2026-06-10 04:49:59,165 - [INFO] -   Total rows written: 220,659
2026-06-10 04:49:59,165 - [INFO] - [69/425] Processing chb11_63.edf (Patient: chb11)
2026-06-10 04:52:28,177 - [INFO] -   Running totals - Seizures: 2,173, Background: 1,099,816
2026-06-10 04:52:28,178 - [INFO] -   Total rows written: 222,457
2026-06-10 04:52:28,178 - [INFO] - [70/425] Processing chb11_82.edf (Patient: chb11)
2026-06-10 04:54:56,920 - [INFO] -   Running totals - Seizures: 2,187, Background: 1,101,600
2026-06-10 04:54:56,920 - [INFO] -   Total rows written: 224,255
2026-06-10 04:54:56,920 - [INFO] - Progress: 70/425 files, Rows: 224,255, Time: 318.5 min, Memory: 51%
2026-06-10 04:54:56,920 - [INFO] - [71/425] Processing chb11_92.edf (Patient: chb11)
2026-06-10 04:57:25,934 - [INFO] -   Running totals - Seizures: 2,205, Background: 1,103,380
2026-06-10 04:57:25,935 - [INFO] -   Total rows written: 226,053
2026-06-10 04:57:25,935 - [INFO] - [72/425] Processing chb11_99.edf (Patient: chb11)
2026-06-10 04:59:24,209 - [INFO] -   Running totals - Seizures: 2,584, Background: 1,104,429
2026-06-10 04:59:24,209 - [INFO] -   Total rows written: 227,481
2026-06-10 04:59:24,209 - [INFO] - [73/425] Processing chb12_06.edf (Patient: chb12)
2026-06-10 05:01:53,868 - [INFO] -   Running totals - Seizures: 2,635, Background: 1,106,179
2026-06-10 05:01:53,869 - [INFO] -   Total rows written: 229,282
2026-06-10 05:01:53,869 - [INFO] - [74/425] Processing chb12_08.edf (Patient: chb12)
2026-06-10 05:04:23,449 - [INFO] -   Running totals - Seizures: 2,686, Background: 1,107,926
2026-06-10 05:04:23,449 - [INFO] -   Total rows written: 231,080
2026-06-10 05:04:23,449 - [INFO] - [75/425] Processing chb12_09.edf (Patient: chb12)
2026-06-10 05:06:52,633 - [INFO] -   Running totals - Seizures: 2,723, Background: 1,109,693
2026-06-10 05:06:52,633 - [INFO] -   Total rows written: 232,884
2026-06-10 05:06:52,633 - [INFO] - [76/425] Processing chb12_10.edf (Patient: chb12)
2026-06-10 05:09:21,875 - [INFO] -   Running totals - Seizures: 2,766, Background: 1,111,454
2026-06-10 05:09:21,875 - [INFO] -   Total rows written: 234,688
2026-06-10 05:09:21,875 - [INFO] - [77/425] Processing chb12_11.edf (Patient: chb12)
2026-06-10 05:11:02,425 - [INFO] -   Running totals - Seizures: 2,787, Background: 1,112,647
2026-06-10 05:11:02,425 - [INFO] -   Total rows written: 235,902
2026-06-10 05:11:02,425 - [INFO] - [78/425] Processing chb12_19.edf (Patient: chb12)
2026-06-10 05:13:31,027 - [INFO] -   Running totals - Seizures: 2,787, Background: 1,114,445
2026-06-10 05:13:31,028 - [INFO] -   Total rows written: 237,700
2026-06-10 05:13:31,028 - [INFO] - [79/425] Processing chb12_20.edf (Patient: chb12)
2026-06-10 05:15:59,903 - [INFO] -   Running totals - Seizures: 2,787, Background: 1,116,243
2026-06-10 05:15:59,903 - [INFO] -   Total rows written: 239,498
2026-06-10 05:15:59,904 - [INFO] - [80/425] Processing chb12_21.edf (Patient: chb12)
2026-06-10 05:18:29,079 - [INFO] -   Running totals - Seizures: 2,787, Background: 1,118,041
2026-06-10 05:18:29,079 - [INFO] -   Total rows written: 241,296
2026-06-10 05:18:29,080 - [INFO] - Progress: 80/425 files, Rows: 241,296, Time: 342.1 min, Memory: 51%
2026-06-10 05:18:29,080 - [INFO] - [81/425] Processing chb12_23.edf (Patient: chb12)
2026-06-10 05:20:57,884 - [INFO] -   Running totals - Seizures: 2,903, Background: 1,119,723
2026-06-10 05:20:57,884 - [INFO] -   Total rows written: 243,094
2026-06-10 05:20:57,885 - [INFO] - [82/425] Processing chb12_24.edf (Patient: chb12)
2026-06-10 05:23:26,690 - [INFO] -   Running totals - Seizures: 2,903, Background: 1,121,521
2026-06-10 05:23:26,690 - [INFO] -   Total rows written: 244,892
2026-06-10 05:23:26,690 - [INFO] - [83/425] Processing chb12_27.edf (Patient: chb12)
2026-06-10 05:26:01,806 - [INFO] -   Running totals - Seizures: 3,032, Background: 1,123,190
2026-06-10 05:26:01,806 - [INFO] -   Total rows written: 246,690
2026-06-10 05:26:01,807 - [INFO] - [84/425] Processing chb12_28.edf (Patient: chb12)
2026-06-10 05:28:43,330 - [INFO] -   Running totals - Seizures: 3,051, Background: 1,124,969
2026-06-10 05:28:43,330 - [INFO] -   Total rows written: 248,488
2026-06-10 05:28:43,330 - [INFO] - [85/425] Processing chb12_29.edf (Patient: chb12)
2026-06-10 05:31:26,346 - [INFO] -   Running totals - Seizures: 3,177, Background: 1,126,653
2026-06-10 05:31:26,346 - [INFO] -   Total rows written: 250,298
2026-06-10 05:31:26,346 - [INFO] - [86/425] Processing chb12_32.edf (Patient: chb12)
2026-06-10 05:34:01,652 - [INFO] -   Running totals - Seizures: 3,177, Background: 1,128,451
2026-06-10 05:34:01,652 - [INFO] -   Total rows written: 252,096
2026-06-10 05:34:01,652 - [INFO] - [87/425] Processing chb12_33.edf (Patient: chb12)
2026-06-10 05:36:36,879 - [INFO] -   Running totals - Seizures: 3,204, Background: 1,130,222
2026-06-10 05:36:36,879 - [INFO] -   Total rows written: 253,894
2026-06-10 05:36:36,879 - [INFO] - [88/425] Processing chb12_34.edf (Patient: chb12)
2026-06-10 05:39:12,213 - [INFO] -   Running totals - Seizures: 3,204, Background: 1,132,020
2026-06-10 05:39:12,213 - [INFO] -   Total rows written: 255,692
2026-06-10 05:39:12,213 - [INFO] - [89/425] Processing chb12_35.edf (Patient: chb12)
2026-06-10 05:41:47,223 - [INFO] -   Running totals - Seizures: 3,204, Background: 1,133,818
2026-06-10 05:41:47,223 - [INFO] -   Total rows written: 257,490
2026-06-10 05:41:47,224 - [INFO] - [90/425] Processing chb12_36.edf (Patient: chb12)
2026-06-10 05:44:22,383 - [INFO] -   Running totals - Seizures: 3,220, Background: 1,135,600
2026-06-10 05:44:22,384 - [INFO] -   Total rows written: 259,288
2026-06-10 05:44:22,384 - [INFO] - Progress: 90/425 files, Rows: 259,288, Time: 368.0 min, Memory: 52%
2026-06-10 05:44:22,384 - [INFO] - [91/425] Processing chb12_37.edf (Patient: chb12)
2026-06-10 05:46:58,918 - [INFO] -   Running totals - Seizures: 3,220, Background: 1,137,406
2026-06-10 05:46:58,918 - [INFO] -   Total rows written: 261,094
2026-06-10 05:46:58,918 - [INFO] - [92/425] Processing chb12_38.edf (Patient: chb12)
2026-06-10 05:49:34,575 - [INFO] -   Running totals - Seizures: 3,329, Background: 1,139,095
2026-06-10 05:49:34,575 - [INFO] -   Total rows written: 262,892
2026-06-10 05:49:34,576 - [INFO] - [93/425] Processing chb12_39.edf (Patient: chb12)
2026-06-10 05:52:10,396 - [INFO] -   Running totals - Seizures: 3,329, Background: 1,140,893
2026-06-10 05:52:10,397 - [INFO] -   Total rows written: 264,690
2026-06-10 05:52:10,397 - [INFO] - [94/425] Processing chb12_40.edf (Patient: chb12)
2026-06-10 05:54:45,990 - [INFO] -   Running totals - Seizures: 3,329, Background: 1,142,691
2026-06-10 05:54:45,990 - [INFO] -   Total rows written: 266,488
2026-06-10 05:54:45,990 - [INFO] - [95/425] Processing chb12_41.edf (Patient: chb12)
2026-06-10 05:57:21,519 - [INFO] -   Running totals - Seizures: 3,329, Background: 1,144,489
2026-06-10 05:57:21,519 - [INFO] -   Total rows written: 268,286
2026-06-10 05:57:21,519 - [INFO] - [96/425] Processing chb12_42.edf (Patient: chb12)
2026-06-10 05:59:57,375 - [INFO] -   Running totals - Seizures: 3,419, Background: 1,146,197
2026-06-10 05:59:57,375 - [INFO] -   Total rows written: 270,084
2026-06-10 05:59:57,375 - [INFO] - [97/425] Processing chb13_02.edf (Patient: chb13)
2026-06-10 06:02:27,331 - [INFO] -   Running totals - Seizures: 3,419, Background: 1,147,995
2026-06-10 06:02:27,332 - [INFO] -   Total rows written: 271,882
2026-06-10 06:02:27,332 - [INFO] - [98/425] Processing chb13_03.edf (Patient: chb13)
2026-06-10 06:04:57,296 - [INFO] -   Running totals - Seizures: 3,419, Background: 1,149,793
2026-06-10 06:04:57,296 - [INFO] -   Total rows written: 273,680
2026-06-10 06:04:57,296 - [INFO] - [99/425] Processing chb13_04.edf (Patient: chb13)
2026-06-10 06:06:54,808 - [INFO] -   Running totals - Seizures: 3,419, Background: 1,151,591
2026-06-10 06:06:54,808 - [INFO] -   Total rows written: 275,478
2026-06-10 06:06:54,809 - [INFO] - [100/425] Processing chb13_05.edf (Patient: chb13)
2026-06-10 06:08:52,673 - [INFO] -   Running totals - Seizures: 3,419, Background: 1,153,389
2026-06-10 06:08:52,673 - [INFO] -   Total rows written: 277,276
2026-06-10 06:08:52,673 - [INFO] - Progress: 100/425 files, Rows: 277,276, Time: 392.5 min, Memory: 52%
2026-06-10 06:08:52,673 - [INFO] - [101/425] Processing chb13_06.edf (Patient: chb13)
2026-06-10 06:10:50,401 - [INFO] -   Running totals - Seizures: 3,419, Background: 1,155,187
2026-06-10 06:10:50,401 - [INFO] -   Total rows written: 279,074
2026-06-10 06:10:50,401 - [INFO] - [102/425] Processing chb13_07.edf (Patient: chb13)
2026-06-10 06:12:48,402 - [INFO] -   Running totals - Seizures: 3,419, Background: 1,156,985
2026-06-10 06:12:48,402 - [INFO] -   Total rows written: 280,872
2026-06-10 06:12:48,402 - [INFO] - [103/425] Processing chb13_08.edf (Patient: chb13)
2026-06-10 06:14:46,239 - [INFO] -   Running totals - Seizures: 3,419, Background: 1,158,783
2026-06-10 06:14:46,239 - [INFO] -   Total rows written: 282,670
2026-06-10 06:14:46,239 - [INFO] - [104/425] Processing chb13_09.edf (Patient: chb13)
2026-06-10 06:16:44,193 - [INFO] -   Running totals - Seizures: 3,419, Background: 1,160,581
2026-06-10 06:16:44,194 - [INFO] -   Total rows written: 284,468
2026-06-10 06:16:44,194 - [INFO] - [105/425] Processing chb13_10.edf (Patient: chb13)
2026-06-10 06:18:42,007 - [INFO] -   Running totals - Seizures: 3,419, Background: 1,162,379
2026-06-10 06:18:42,007 - [INFO] -   Total rows written: 286,266
2026-06-10 06:18:42,008 - [INFO] - [106/425] Processing chb13_11.edf (Patient: chb13)
2026-06-10 06:20:39,768 - [INFO] -   Running totals - Seizures: 3,419, Background: 1,164,177
2026-06-10 06:20:39,768 - [INFO] -   Total rows written: 288,064
2026-06-10 06:20:39,768 - [INFO] - [107/425] Processing chb13_12.edf (Patient: chb13)
2026-06-10 06:22:37,832 - [INFO] -   Running totals - Seizures: 3,419, Background: 1,165,975
2026-06-10 06:22:37,833 - [INFO] -   Total rows written: 289,862
2026-06-10 06:22:37,833 - [INFO] - [108/425] Processing chb13_13.edf (Patient: chb13)
2026-06-10 06:24:36,117 - [INFO] -   Running totals - Seizures: 3,419, Background: 1,167,773
2026-06-10 06:24:36,117 - [INFO] -   Total rows written: 291,660
2026-06-10 06:24:36,118 - [INFO] - [109/425] Processing chb13_14.edf (Patient: chb13)
2026-06-10 06:26:33,951 - [INFO] -   Running totals - Seizures: 3,419, Background: 1,169,571
2026-06-10 06:26:33,952 - [INFO] -   Total rows written: 293,458
2026-06-10 06:26:33,952 - [INFO] - [110/425] Processing chb13_15.edf (Patient: chb13)
2026-06-10 06:28:31,780 - [INFO] -   Running totals - Seizures: 3,419, Background: 1,171,369
2026-06-10 06:28:31,780 - [INFO] -   Total rows written: 295,256
2026-06-10 06:28:31,781 - [INFO] - Progress: 110/425 files, Rows: 295,256, Time: 412.1 min, Memory: 52%
2026-06-10 06:28:31,781 - [INFO] - [111/425] Processing chb13_16.edf (Patient: chb13)
2026-06-10 06:30:29,430 - [INFO] -   Running totals - Seizures: 3,419, Background: 1,173,167
2026-06-10 06:30:29,431 - [INFO] -   Total rows written: 297,054
2026-06-10 06:30:29,431 - [INFO] - [112/425] Processing chb13_18.edf (Patient: chb13)
2026-06-10 06:32:27,185 - [INFO] -   Running totals - Seizures: 3,419, Background: 1,174,965
2026-06-10 06:32:27,185 - [INFO] -   Total rows written: 298,852
2026-06-10 06:32:27,186 - [INFO] - [113/425] Processing chb13_19.edf (Patient: chb13)
2026-06-10 06:34:57,353 - [INFO] -   Running totals - Seizures: 3,443, Background: 1,176,739
2026-06-10 06:34:57,353 - [INFO] -   Total rows written: 300,650
2026-06-10 06:34:57,353 - [INFO] - [114/425] Processing chb13_21.edf (Patient: chb13)
2026-06-10 06:37:27,192 - [INFO] -   Running totals - Seizures: 3,481, Background: 1,178,499
2026-06-10 06:37:27,192 - [INFO] -   Total rows written: 302,448
2026-06-10 06:37:27,193 - [INFO] - [115/425] Processing chb13_22.edf (Patient: chb13)
2026-06-10 06:39:57,257 - [INFO] -   Running totals - Seizures: 3,481, Background: 1,180,297
2026-06-10 06:39:57,257 - [INFO] -   Total rows written: 304,246
2026-06-10 06:39:57,257 - [INFO] - [116/425] Processing chb13_24.edf (Patient: chb13)
2026-06-10 06:41:55,133 - [INFO] -   Running totals - Seizures: 3,481, Background: 1,182,095
2026-06-10 06:41:55,133 - [INFO] -   Total rows written: 306,044
2026-06-10 06:41:55,133 - [INFO] - [117/425] Processing chb13_30.edf (Patient: chb13)
2026-06-10 06:43:52,887 - [INFO] -   Running totals - Seizures: 3,481, Background: 1,183,893
2026-06-10 06:43:52,887 - [INFO] -   Total rows written: 307,842
2026-06-10 06:43:52,887 - [INFO] - [118/425] Processing chb13_36.edf (Patient: chb13)
2026-06-10 06:45:50,604 - [INFO] -   Running totals - Seizures: 3,481, Background: 1,185,691
2026-06-10 06:45:50,604 - [INFO] -   Total rows written: 309,640
2026-06-10 06:45:50,604 - [INFO] - [119/425] Processing chb13_37.edf (Patient: chb13)
2026-06-10 06:47:48,905 - [INFO] -   Running totals - Seizures: 3,481, Background: 1,187,489
2026-06-10 06:47:48,905 - [INFO] -   Total rows written: 311,438
2026-06-10 06:47:48,906 - [INFO] - [120/425] Processing chb13_38.edf (Patient: chb13)
2026-06-10 06:49:46,097 - [INFO] -   Running totals - Seizures: 3,481, Background: 1,189,287
2026-06-10 06:49:46,097 - [INFO] -   Total rows written: 313,236
2026-06-10 06:49:46,097 - [INFO] - Progress: 120/425 files, Rows: 313,236, Time: 433.4 min, Memory: 52%
2026-06-10 06:49:46,097 - [INFO] - [121/425] Processing chb13_39.edf (Patient: chb13)
2026-06-10 06:51:43,257 - [INFO] -   Running totals - Seizures: 3,481, Background: 1,191,085
2026-06-10 06:51:43,257 - [INFO] -   Total rows written: 315,034
2026-06-10 06:51:43,257 - [INFO] - [122/425] Processing chb13_40.edf (Patient: chb13)
2026-06-10 06:53:40,472 - [INFO] -   Running totals - Seizures: 3,534, Background: 1,192,830
2026-06-10 06:53:40,472 - [INFO] -   Total rows written: 316,832
2026-06-10 06:53:40,472 - [INFO] - [123/425] Processing chb13_47.edf (Patient: chb13)
2026-06-10 06:55:37,675 - [INFO] -   Running totals - Seizures: 3,534, Background: 1,194,628
2026-06-10 06:55:37,675 - [INFO] -   Total rows written: 318,630
2026-06-10 06:55:37,675 - [INFO] - [124/425] Processing chb13_55.edf (Patient: chb13)
2026-06-10 06:58:08,120 - [INFO] -   Running totals - Seizures: 3,559, Background: 1,196,401
2026-06-10 06:58:08,120 - [INFO] -   Total rows written: 320,428
2026-06-10 06:58:08,121 - [INFO] - [125/425] Processing chb13_56.edf (Patient: chb13)
2026-06-10 07:00:37,819 - [INFO] -   Running totals - Seizures: 3,559, Background: 1,198,199
2026-06-10 07:00:37,820 - [INFO] -   Total rows written: 322,226
2026-06-10 07:00:37,820 - [INFO] - [126/425] Processing chb13_58.edf (Patient: chb13)
2026-06-10 07:03:07,624 - [INFO] -   Running totals - Seizures: 3,570, Background: 1,199,986
2026-06-10 07:03:07,624 - [INFO] -   Total rows written: 324,024
2026-06-10 07:03:07,624 - [INFO] - [127/425] Processing chb13_59.edf (Patient: chb13)
2026-06-10 07:05:37,573 - [INFO] -   Running totals - Seizures: 3,603, Background: 1,201,751
2026-06-10 07:05:37,573 - [INFO] -   Total rows written: 325,822
2026-06-10 07:05:37,573 - [INFO] - [128/425] Processing chb13_60.edf (Patient: chb13)
2026-06-10 07:08:07,174 - [INFO] -   Running totals - Seizures: 3,617, Background: 1,203,535
2026-06-10 07:08:07,175 - [INFO] -   Total rows written: 327,620
2026-06-10 07:08:07,175 - [INFO] - [129/425] Processing chb13_62.edf (Patient: chb13)
2026-06-10 07:10:36,914 - [INFO] -   Running totals - Seizures: 3,718, Background: 1,205,232
2026-06-10 07:10:36,915 - [INFO] -   Total rows written: 329,418
2026-06-10 07:10:36,915 - [INFO] - [130/425] Processing chb14_01.edf (Patient: chb14)
2026-06-10 07:13:06,425 - [INFO] -   Running totals - Seizures: 3,718, Background: 1,207,030
2026-06-10 07:13:06,426 - [INFO] -   Total rows written: 331,216
2026-06-10 07:13:06,426 - [INFO] - Progress: 130/425 files, Rows: 331,216, Time: 456.7 min, Memory: 52%
2026-06-10 07:13:06,426 - [INFO] - [131/425] Processing chb14_02.edf (Patient: chb14)
2026-06-10 07:15:35,664 - [INFO] -   Running totals - Seizures: 3,718, Background: 1,208,828
2026-06-10 07:15:35,664 - [INFO] -   Total rows written: 333,014
2026-06-10 07:15:35,665 - [INFO] - [132/425] Processing chb14_03.edf (Patient: chb14)
2026-06-10 07:18:04,679 - [INFO] -   Running totals - Seizures: 3,728, Background: 1,210,616
2026-06-10 07:18:04,679 - [INFO] -   Total rows written: 334,812
2026-06-10 07:18:04,680 - [INFO] - [133/425] Processing chb14_04.edf (Patient: chb14)
2026-06-10 07:20:33,559 - [INFO] -   Running totals - Seizures: 3,754, Background: 1,212,388
2026-06-10 07:20:33,560 - [INFO] -   Total rows written: 336,610
2026-06-10 07:20:33,560 - [INFO] - [134/425] Processing chb14_06.edf (Patient: chb14)
2026-06-10 07:23:02,481 - [INFO] -   Running totals - Seizures: 3,763, Background: 1,214,177
2026-06-10 07:23:02,481 - [INFO] -   Total rows written: 338,408
2026-06-10 07:23:02,481 - [INFO] - [135/425] Processing chb14_07.edf (Patient: chb14)
2026-06-10 07:25:31,814 - [INFO] -   Running totals - Seizures: 3,763, Background: 1,215,975
2026-06-10 07:25:31,815 - [INFO] -   Total rows written: 340,206
2026-06-10 07:25:31,815 - [INFO] - [136/425] Processing chb14_11.edf (Patient: chb14)
2026-06-10 07:28:00,848 - [INFO] -   Running totals - Seizures: 3,786, Background: 1,217,750
2026-06-10 07:28:00,848 - [INFO] -   Total rows written: 342,004
2026-06-10 07:28:00,849 - [INFO] - [137/425] Processing chb14_12.edf (Patient: chb14)
2026-06-10 07:30:30,139 - [INFO] -   Running totals - Seizures: 3,786, Background: 1,219,548
2026-06-10 07:30:30,139 - [INFO] -   Total rows written: 343,802
2026-06-10 07:30:30,139 - [INFO] - [138/425] Processing chb14_13.edf (Patient: chb14)
2026-06-10 07:32:59,388 - [INFO] -   Running totals - Seizures: 3,786, Background: 1,221,346
2026-06-10 07:32:59,388 - [INFO] -   Total rows written: 345,600
2026-06-10 07:32:59,388 - [INFO] - [139/425] Processing chb14_14.edf (Patient: chb14)
2026-06-10 07:35:28,447 - [INFO] -   Running totals - Seizures: 3,786, Background: 1,223,144
2026-06-10 07:35:28,448 - [INFO] -   Total rows written: 347,398
2026-06-10 07:35:28,448 - [INFO] - [140/425] Processing chb14_16.edf (Patient: chb14)
2026-06-10 07:37:57,514 - [INFO] -   Running totals - Seizures: 3,786, Background: 1,224,942
2026-06-10 07:37:57,514 - [INFO] -   Total rows written: 349,196
2026-06-10 07:37:57,514 - [INFO] - Progress: 140/425 files, Rows: 349,196, Time: 481.5 min, Memory: 51%
2026-06-10 07:37:57,514 - [INFO] - [141/425] Processing chb14_17.edf (Patient: chb14)
2026-06-10 07:40:26,900 - [INFO] -   Running totals - Seizures: 3,798, Background: 1,226,728
2026-06-10 07:40:26,900 - [INFO] -   Total rows written: 350,994
2026-06-10 07:40:26,900 - [INFO] - [142/425] Processing chb14_18.edf (Patient: chb14)
2026-06-10 07:42:55,744 - [INFO] -   Running totals - Seizures: 3,811, Background: 1,228,513
2026-06-10 07:42:55,745 - [INFO] -   Total rows written: 352,792
2026-06-10 07:42:55,745 - [INFO] - [143/425] Processing chb14_19.edf (Patient: chb14)
2026-06-10 07:45:24,865 - [INFO] -   Running totals - Seizures: 3,811, Background: 1,230,311
2026-06-10 07:45:24,865 - [INFO] -   Total rows written: 354,590
2026-06-10 07:45:24,865 - [INFO] - [144/425] Processing chb14_20.edf (Patient: chb14)
2026-06-10 07:47:54,003 - [INFO] -   Running totals - Seizures: 3,811, Background: 1,232,109
2026-06-10 07:47:54,003 - [INFO] -   Total rows written: 356,388
2026-06-10 07:47:54,003 - [INFO] - [145/425] Processing chb14_22.edf (Patient: chb14)
2026-06-10 07:50:22,849 - [INFO] -   Running totals - Seizures: 3,811, Background: 1,233,907
2026-06-10 07:50:22,849 - [INFO] -   Total rows written: 358,186
2026-06-10 07:50:22,849 - [INFO] - [146/425] Processing chb14_24.edf (Patient: chb14)
2026-06-10 07:52:51,825 - [INFO] -   Running totals - Seizures: 3,811, Background: 1,235,705
2026-06-10 07:52:51,825 - [INFO] -   Total rows written: 359,984
2026-06-10 07:52:51,825 - [INFO] - [147/425] Processing chb14_25.edf (Patient: chb14)
2026-06-10 07:55:21,142 - [INFO] -   Running totals - Seizures: 3,811, Background: 1,237,503
2026-06-10 07:55:21,142 - [INFO] -   Total rows written: 361,782
2026-06-10 07:55:21,142 - [INFO] - [148/425] Processing chb14_26.edf (Patient: chb14)
2026-06-10 07:57:50,916 - [INFO] -   Running totals - Seizures: 3,811, Background: 1,239,301
2026-06-10 07:57:50,916 - [INFO] -   Total rows written: 363,580
2026-06-10 07:57:50,916 - [INFO] - [149/425] Processing chb14_27.edf (Patient: chb14)
2026-06-10 08:00:21,007 - [INFO] -   Running totals - Seizures: 3,821, Background: 1,241,089
2026-06-10 08:00:21,008 - [INFO] -   Total rows written: 365,378
2026-06-10 08:00:21,008 - [INFO] - [150/425] Processing chb14_29.edf (Patient: chb14)
2026-06-10 08:02:51,018 - [INFO] -   Running totals - Seizures: 3,821, Background: 1,242,887
2026-06-10 08:02:51,018 - [INFO] -   Total rows written: 367,176
2026-06-10 08:02:51,018 - [INFO] - Progress: 150/425 files, Rows: 367,176, Time: 506.4 min, Memory: 51%
2026-06-10 08:02:51,019 - [INFO] - [151/425] Processing chb14_30.edf (Patient: chb14)
2026-06-10 08:05:20,795 - [INFO] -   Running totals - Seizures: 3,821, Background: 1,244,685
2026-06-10 08:05:20,795 - [INFO] -   Total rows written: 368,974
2026-06-10 08:05:20,795 - [INFO] - [152/425] Processing chb14_32.edf (Patient: chb14)
2026-06-10 08:07:50,944 - [INFO] -   Running totals - Seizures: 3,821, Background: 1,246,483
2026-06-10 08:07:50,944 - [INFO] -   Total rows written: 370,772
2026-06-10 08:07:50,945 - [INFO] - [153/425] Processing chb14_37.edf (Patient: chb14)
2026-06-10 08:10:20,069 - [INFO] -   Running totals - Seizures: 3,821, Background: 1,248,281
2026-06-10 08:10:20,069 - [INFO] -   Total rows written: 372,570
2026-06-10 08:10:20,070 - [INFO] - [154/425] Processing chb14_39.edf (Patient: chb14)
2026-06-10 08:12:49,341 - [INFO] -   Running totals - Seizures: 3,821, Background: 1,250,079
2026-06-10 08:12:49,341 - [INFO] -   Total rows written: 374,368
2026-06-10 08:12:49,341 - [INFO] - [155/425] Processing chb14_42.edf (Patient: chb14)
2026-06-10 08:15:18,531 - [INFO] -   Running totals - Seizures: 3,821, Background: 1,251,877
2026-06-10 08:15:18,532 - [INFO] -   Total rows written: 376,166
2026-06-10 08:15:18,532 - [INFO] - [156/425] Processing chb15_01.edf (Patient: chb15)
2026-06-10 08:18:06,993 - [INFO] -   Running totals - Seizures: 3,821, Background: 1,253,676
2026-06-10 08:18:06,993 - [INFO] -   Total rows written: 377,965
2026-06-10 08:18:06,993 - [INFO] - [157/425] Processing chb15_02.edf (Patient: chb15)
2026-06-10 08:21:33,549 - [INFO] -   Running totals - Seizures: 3,821, Background: 1,255,474
2026-06-10 08:21:33,549 - [INFO] -   Total rows written: 379,763
2026-06-10 08:21:33,549 - [INFO] - [158/425] Processing chb15_03.edf (Patient: chb15)
2026-06-10 08:25:00,238 - [INFO] -   Running totals - Seizures: 3,821, Background: 1,257,272
2026-06-10 08:25:00,238 - [INFO] -   Total rows written: 381,561
2026-06-10 08:25:00,239 - [INFO] - [159/425] Processing chb15_04.edf (Patient: chb15)
2026-06-10 08:28:28,243 - [INFO] -   Running totals - Seizures: 3,821, Background: 1,259,070
2026-06-10 08:28:28,243 - [INFO] -   Total rows written: 383,359
2026-06-10 08:28:28,244 - [INFO] - [160/425] Processing chb15_05.edf (Patient: chb15)
2026-06-10 08:31:56,310 - [INFO] -   Running totals - Seizures: 3,821, Background: 1,260,868
2026-06-10 08:31:56,310 - [INFO] -   Total rows written: 385,157
2026-06-10 08:31:56,310 - [INFO] - Progress: 160/425 files, Rows: 385,157, Time: 535.5 min, Memory: 49%
2026-06-10 08:31:56,310 - [INFO] - [161/425] Processing chb15_06.edf (Patient: chb15)
2026-06-10 08:35:24,081 - [INFO] -   Running totals - Seizures: 3,886, Background: 1,262,601
2026-06-10 08:35:24,081 - [INFO] -   Total rows written: 386,955
2026-06-10 08:35:24,081 - [INFO] - [162/425] Processing chb15_07.edf (Patient: chb15)
2026-06-10 08:38:51,744 - [INFO] -   Running totals - Seizures: 3,886, Background: 1,264,399
2026-06-10 08:38:51,744 - [INFO] -   Total rows written: 388,753
2026-06-10 08:38:51,744 - [INFO] - [163/425] Processing chb15_08.edf (Patient: chb15)
2026-06-10 08:42:20,114 - [INFO] -   Running totals - Seizures: 3,886, Background: 1,266,197
2026-06-10 08:42:20,115 - [INFO] -   Total rows written: 390,551
2026-06-10 08:42:20,115 - [INFO] - [164/425] Processing chb15_09.edf (Patient: chb15)
2026-06-10 08:45:45,973 - [INFO] -   Running totals - Seizures: 3,886, Background: 1,267,995
2026-06-10 08:45:45,973 - [INFO] -   Total rows written: 392,349
2026-06-10 08:45:45,973 - [INFO] - [165/425] Processing chb15_10.edf (Patient: chb15)
2026-06-10 08:49:11,932 - [INFO] -   Running totals - Seizures: 3,904, Background: 1,269,775
2026-06-10 08:49:11,932 - [INFO] -   Total rows written: 394,147
2026-06-10 08:49:11,932 - [INFO] - [166/425] Processing chb15_11.edf (Patient: chb15)
2026-06-10 08:52:37,668 - [INFO] -   Running totals - Seizures: 3,904, Background: 1,271,573
2026-06-10 08:52:37,668 - [INFO] -   Total rows written: 395,945
2026-06-10 08:52:37,668 - [INFO] - [167/425] Processing chb15_12.edf (Patient: chb15)
2026-06-10 08:56:03,553 - [INFO] -   Running totals - Seizures: 3,904, Background: 1,273,371
2026-06-10 08:56:03,554 - [INFO] -   Total rows written: 397,743
2026-06-10 08:56:03,554 - [INFO] - [168/425] Processing chb15_13.edf (Patient: chb15)
2026-06-10 08:59:29,770 - [INFO] -   Running totals - Seizures: 3,904, Background: 1,275,169
2026-06-10 08:59:29,771 - [INFO] -   Total rows written: 399,541
2026-06-10 08:59:29,771 - [INFO] - [169/425] Processing chb15_14.edf (Patient: chb15)
2026-06-10 09:02:56,158 - [INFO] -   Running totals - Seizures: 3,904, Background: 1,276,967
2026-06-10 09:02:56,158 - [INFO] -   Total rows written: 401,339
2026-06-10 09:02:56,158 - [INFO] - [170/425] Processing chb15_15.edf (Patient: chb15)
2026-06-10 09:06:24,053 - [INFO] -   Running totals - Seizures: 3,985, Background: 1,278,684
2026-06-10 09:06:24,054 - [INFO] -   Total rows written: 403,137
2026-06-10 09:06:24,054 - [INFO] - Progress: 170/425 files, Rows: 403,137, Time: 570.0 min, Memory: 48%
2026-06-10 09:06:24,054 - [INFO] - [171/425] Processing chb15_16.edf (Patient: chb15)
2026-06-10 09:09:51,967 - [INFO] -   Running totals - Seizures: 3,985, Background: 1,280,482
2026-06-10 09:09:51,967 - [INFO] -   Total rows written: 404,935
2026-06-10 09:09:51,967 - [INFO] - [172/425] Processing chb15_17.edf (Patient: chb15)
2026-06-10 09:13:19,813 - [INFO] -   Running totals - Seizures: 4,005, Background: 1,282,260
2026-06-10 09:13:19,813 - [INFO] -   Total rows written: 406,733
2026-06-10 09:13:19,813 - [INFO] - [173/425] Processing chb15_19.edf (Patient: chb15)
2026-06-10 09:16:47,635 - [INFO] -   Running totals - Seizures: 4,005, Background: 1,284,058
2026-06-10 09:16:47,636 - [INFO] -   Total rows written: 408,531
2026-06-10 09:16:47,636 - [INFO] - [174/425] Processing chb15_20.edf (Patient: chb15)
2026-06-10 09:20:15,780 - [INFO] -   Running totals - Seizures: 4,035, Background: 1,285,826
2026-06-10 09:20:15,780 - [INFO] -   Total rows written: 410,329
2026-06-10 09:20:15,780 - [INFO] - [175/425] Processing chb15_22.edf (Patient: chb15)
2026-06-10 09:23:42,705 - [INFO] -   Running totals - Seizures: 4,140, Background: 1,287,519
2026-06-10 09:23:42,705 - [INFO] -   Total rows written: 412,127
2026-06-10 09:23:42,705 - [INFO] - [176/425] Processing chb15_26.edf (Patient: chb15)
2026-06-10 09:27:09,332 - [INFO] -   Running totals - Seizures: 4,140, Background: 1,289,317
2026-06-10 09:27:09,333 - [INFO] -   Total rows written: 413,925
2026-06-10 09:27:09,333 - [INFO] - [177/425] Processing chb15_28.edf (Patient: chb15)
2026-06-10 09:30:36,117 - [INFO] -   Running totals - Seizures: 4,238, Background: 1,291,017
2026-06-10 09:30:36,117 - [INFO] -   Total rows written: 415,723
2026-06-10 09:30:36,118 - [INFO] - [178/425] Processing chb15_29.edf (Patient: chb15)
2026-06-10 09:34:02,515 - [INFO] -   Running totals - Seizures: 4,238, Background: 1,292,815
2026-06-10 09:34:02,515 - [INFO] -   Total rows written: 417,521
2026-06-10 09:34:02,515 - [INFO] - [179/425] Processing chb15_30.edf (Patient: chb15)
2026-06-10 09:37:28,946 - [INFO] -   Running totals - Seizures: 4,238, Background: 1,294,613
2026-06-10 09:37:28,946 - [INFO] -   Total rows written: 419,319
2026-06-10 09:37:28,946 - [INFO] - [180/425] Processing chb15_31.edf (Patient: chb15)
2026-06-10 09:40:55,819 - [INFO] -   Running totals - Seizures: 4,300, Background: 1,296,349
2026-06-10 09:40:55,819 - [INFO] -   Total rows written: 421,117
2026-06-10 09:40:55,820 - [INFO] - Progress: 180/425 files, Rows: 421,117, Time: 604.5 min, Memory: 48%
2026-06-10 09:40:55,820 - [INFO] - [181/425] Processing chb15_32.edf (Patient: chb15)
2026-06-10 09:44:21,982 - [INFO] -   Running totals - Seizures: 4,300, Background: 1,298,147
2026-06-10 09:44:21,983 - [INFO] -   Total rows written: 422,915
2026-06-10 09:44:21,983 - [INFO] - [182/425] Processing chb15_33.edf (Patient: chb15)
2026-06-10 09:47:48,179 - [INFO] -   Running totals - Seizures: 4,300, Background: 1,299,945
2026-06-10 09:47:48,179 - [INFO] -   Total rows written: 424,713
2026-06-10 09:47:48,179 - [INFO] - [183/425] Processing chb15_35.edf (Patient: chb15)
2026-06-10 09:51:14,070 - [INFO] -   Running totals - Seizures: 4,300, Background: 1,301,743
2026-06-10 09:51:14,070 - [INFO] -   Total rows written: 426,511
2026-06-10 09:51:14,070 - [INFO] - [184/425] Processing chb15_37.edf (Patient: chb15)
2026-06-10 09:54:39,387 - [INFO] -   Running totals - Seizures: 4,300, Background: 1,303,541
2026-06-10 09:54:39,387 - [INFO] -   Total rows written: 428,309
2026-06-10 09:54:39,387 - [INFO] - [185/425] Processing chb15_40.edf (Patient: chb15)
2026-06-10 09:58:05,027 - [INFO] -   Running totals - Seizures: 4,429, Background: 1,305,210
2026-06-10 09:58:05,027 - [INFO] -   Total rows written: 430,107
2026-06-10 09:58:05,028 - [INFO] - [186/425] Processing chb15_45.edf (Patient: chb15)
2026-06-10 10:07:43,561 - [INFO] - ================================================================================
2026-06-10 10:07:43,562 - [INFO] - NeuroVision Omega - Phase 4 Production Pipeline
2026-06-10 10:07:43,562 - [INFO] - Channel-Aware Aggregated Features (ULTIMATE PRODUCTION VERSION v3)
2026-06-10 10:07:43,563 - [INFO] - Window: 4.0s, Stride: 2.0s (matches V1-V3)
2026-06-10 10:07:43,563 - [INFO] - ================================================================================
2026-06-10 10:07:43,563 - [INFO] - Loading seizure interval database from: E:\Project\neurovision_ai\SEIZURE_INTERVAL_DATABASE.json
2026-06-10 10:07:43,571 - [INFO] - Loaded database for 24 patients
2026-06-10 10:07:43,571 - [INFO] - Validating seizure intervals...
2026-06-10 10:07:43,571 - [INFO] - Seizure database validation passed
2026-06-10 10:07:43,571 - [INFO] - Scanning for EDF files in: E:\NeuroVision\datasets\chbmit
2026-06-10 10:07:43,683 - [INFO] - Found 686 EDF files across 24 patients
2026-06-10 10:07:43,683 - [INFO] - Found 686 EDF files
2026-06-10 10:07:43,697 - [INFO] - Loaded checkpoint: 446 files already processed
2026-06-10 10:07:43,697 - [INFO] - Resuming: 240 files pending out of 686 total
2026-06-10 10:07:43,697 - [INFO] - [1/240] Processing chb15_45.edf (Patient: chb15)
2026-06-10 10:11:13,101 - [INFO] -   Running totals - Seizures: 4,429, Background: 1,307,008
2026-06-10 10:11:13,101 - [INFO] -   Total rows written: 1,798
2026-06-10 10:11:13,101 - [INFO] - [2/240] Processing chb15_46.edf (Patient: chb15)
2026-06-10 10:14:42,624 - [INFO] -   Running totals - Seizures: 4,485, Background: 1,308,750
2026-06-10 10:14:42,624 - [INFO] -   Total rows written: 3,596
2026-06-10 10:14:42,624 - [INFO] - [3/240] Processing chb15_49.edf (Patient: chb15)
2026-06-10 10:18:17,105 - [INFO] -   Running totals - Seizures: 4,558, Background: 1,310,488
2026-06-10 10:18:17,105 - [INFO] -   Total rows written: 5,407
2026-06-10 10:18:17,105 - [INFO] - [4/240] Processing chb15_50.edf (Patient: chb15)
2026-06-10 10:21:44,735 - [INFO] -   Running totals - Seizures: 4,558, Background: 1,312,286
2026-06-10 10:21:44,736 - [INFO] -   Total rows written: 7,205
2026-06-10 10:21:44,736 - [INFO] - [5/240] Processing chb15_51.edf (Patient: chb15)
2026-06-10 10:25:12,261 - [INFO] -   Running totals - Seizures: 4,558, Background: 1,314,084
2026-06-10 10:25:12,261 - [INFO] -   Total rows written: 9,003
2026-06-10 10:25:12,261 - [INFO] - [6/240] Processing chb15_52.edf (Patient: chb15)
2026-06-10 10:28:40,517 - [INFO] -   Running totals - Seizures: 4,596, Background: 1,315,849
2026-06-10 10:28:40,517 - [INFO] -   Total rows written: 10,806
2026-06-10 10:28:40,517 - [INFO] - [7/240] Processing chb15_54.edf (Patient: chb15)
2026-06-10 10:32:08,177 - [INFO] -   Running totals - Seizures: 4,812, Background: 1,317,431
2026-06-10 10:32:08,177 - [INFO] -   Total rows written: 12,604
2026-06-10 10:32:08,177 - [INFO] - [8/240] Processing chb15_61.edf (Patient: chb15)
2026-06-10 10:35:35,762 - [INFO] -   Running totals - Seizures: 4,812, Background: 1,319,229
2026-06-10 10:35:35,762 - [INFO] -   Total rows written: 14,402
2026-06-10 10:35:35,762 - [INFO] - [9/240] Processing chb15_62.edf (Patient: chb15)
2026-06-10 10:39:03,773 - [INFO] -   Running totals - Seizures: 4,868, Background: 1,320,971
2026-06-10 10:39:03,773 - [INFO] -   Total rows written: 16,200
2026-06-10 10:39:03,773 - [INFO] - [10/240] Processing chb15_63.edf (Patient: chb15)
2026-06-10 10:42:31,966 - [INFO] -   Running totals - Seizures: 4,868, Background: 1,322,769
2026-06-10 10:42:31,966 - [INFO] -   Total rows written: 17,998
2026-06-10 10:42:31,966 - [INFO] - Progress: 10/240 files, Rows: 17,998, Time: 34.8 min, Memory: 50%
2026-06-10 10:42:31,966 - [INFO] - [11/240] Processing chb16_01.edf (Patient: chb16)
2026-06-10 10:45:02,410 - [INFO] -   Running totals - Seizures: 4,868, Background: 1,324,567
2026-06-10 10:45:02,411 - [INFO] -   Total rows written: 19,796
2026-06-10 10:45:02,411 - [INFO] - [12/240] Processing chb16_02.edf (Patient: chb16)
2026-06-10 10:47:32,875 - [INFO] -   Running totals - Seizures: 4,868, Background: 1,326,365
2026-06-10 10:47:32,875 - [INFO] -   Total rows written: 21,594
2026-06-10 10:47:32,875 - [INFO] - [13/240] Processing chb16_03.edf (Patient: chb16)
2026-06-10 10:50:03,621 - [INFO] -   Running totals - Seizures: 4,868, Background: 1,328,163
2026-06-10 10:50:03,621 - [INFO] -   Total rows written: 23,392
2026-06-10 10:50:03,621 - [INFO] - [14/240] Processing chb16_04.edf (Patient: chb16)
2026-06-10 10:52:33,958 - [INFO] -   Running totals - Seizures: 4,868, Background: 1,329,961
2026-06-10 10:52:33,958 - [INFO] -   Total rows written: 25,190
2026-06-10 10:52:33,958 - [INFO] - [15/240] Processing chb16_05.edf (Patient: chb16)
2026-06-10 10:55:04,499 - [INFO] -   Running totals - Seizures: 4,868, Background: 1,331,759
2026-06-10 10:55:04,499 - [INFO] -   Total rows written: 26,988
2026-06-10 10:55:04,499 - [INFO] - [16/240] Processing chb16_06.edf (Patient: chb16)
2026-06-10 10:57:34,941 - [INFO] -   Running totals - Seizures: 4,868, Background: 1,333,557
2026-06-10 10:57:34,941 - [INFO] -   Total rows written: 28,786
2026-06-10 10:57:34,941 - [INFO] - [17/240] Processing chb16_07.edf (Patient: chb16)
2026-06-10 11:00:05,905 - [INFO] -   Running totals - Seizures: 4,868, Background: 1,335,355
2026-06-10 11:00:05,905 - [INFO] -   Total rows written: 30,584
2026-06-10 11:00:05,906 - [INFO] - [18/240] Processing chb16_08.edf (Patient: chb16)
2026-06-10 11:02:36,344 - [INFO] -   Running totals - Seizures: 4,868, Background: 1,337,153
2026-06-10 11:02:36,344 - [INFO] -   Total rows written: 32,382
2026-06-10 11:02:36,344 - [INFO] - [19/240] Processing chb16_09.edf (Patient: chb16)
2026-06-10 11:05:06,793 - [INFO] -   Running totals - Seizures: 4,868, Background: 1,338,951
2026-06-10 11:05:06,793 - [INFO] -   Total rows written: 34,180
2026-06-10 11:05:06,793 - [INFO] - [20/240] Processing chb16_10.edf (Patient: chb16)
2026-06-10 11:07:37,896 - [INFO] -   Running totals - Seizures: 4,875, Background: 1,340,742
2026-06-10 11:07:37,896 - [INFO] -   Total rows written: 35,978
2026-06-10 11:07:37,896 - [INFO] - Progress: 20/240 files, Rows: 35,978, Time: 59.9 min, Memory: 49%
2026-06-10 11:07:37,896 - [INFO] - [21/240] Processing chb16_11.edf (Patient: chb16)
2026-06-10 11:10:08,753 - [INFO] -   Running totals - Seizures: 4,882, Background: 1,342,533
2026-06-10 11:10:08,753 - [INFO] -   Total rows written: 37,776
2026-06-10 11:10:08,753 - [INFO] - [22/240] Processing chb16_12.edf (Patient: chb16)
2026-06-10 11:12:38,162 - [INFO] -   Running totals - Seizures: 4,882, Background: 1,344,331
2026-06-10 11:12:38,162 - [INFO] -   Total rows written: 39,574
2026-06-10 11:12:38,162 - [INFO] - [23/240] Processing chb16_13.edf (Patient: chb16)
2026-06-10 11:15:09,546 - [INFO] -   Running totals - Seizures: 4,882, Background: 1,346,129
2026-06-10 11:15:09,546 - [INFO] -   Total rows written: 41,372
2026-06-10 11:15:09,546 - [INFO] - [24/240] Processing chb16_14.edf (Patient: chb16)
2026-06-10 11:17:41,101 - [INFO] -   Running totals - Seizures: 4,892, Background: 1,347,917
2026-06-10 11:17:41,101 - [INFO] -   Total rows written: 43,170
2026-06-10 11:17:41,101 - [INFO] - [25/240] Processing chb16_15.edf (Patient: chb16)
2026-06-10 11:20:12,526 - [INFO] -   Running totals - Seizures: 4,892, Background: 1,349,715
2026-06-10 11:20:12,526 - [INFO] -   Total rows written: 44,968
2026-06-10 11:20:12,526 - [INFO] - [26/240] Processing chb16_16.edf (Patient: chb16)
2026-06-10 11:22:43,035 - [INFO] -   Running totals - Seizures: 4,898, Background: 1,351,507
2026-06-10 11:22:43,035 - [INFO] -   Total rows written: 46,766
2026-06-10 11:22:43,035 - [INFO] - [27/240] Processing chb16_17.edf (Patient: chb16)
2026-06-10 11:25:14,258 - [INFO] -   Running totals - Seizures: 4,925, Background: 1,353,278
2026-06-10 11:25:14,258 - [INFO] -   Total rows written: 48,564
2026-06-10 11:25:14,258 - [INFO] - [28/240] Processing chb16_18.edf (Patient: chb16)
2026-06-10 11:27:13,303 - [INFO] -   Running totals - Seizures: 4,937, Background: 1,355,064
2026-06-10 11:27:13,304 - [INFO] -   Total rows written: 50,362
2026-06-10 11:27:13,304 - [INFO] - [29/240] Processing chb16_19.edf (Patient: chb16)
2026-06-10 11:29:11,062 - [INFO] -   Running totals - Seizures: 4,937, Background: 1,356,862
2026-06-10 11:29:11,062 - [INFO] -   Total rows written: 52,160
2026-06-10 11:29:11,062 - [INFO] - [30/240] Processing chb17a_03.edf (Patient: chb17)
2026-06-10 11:31:41,902 - [INFO] -   Running totals - Seizures: 4,985, Background: 1,358,612
2026-06-10 11:31:41,902 - [INFO] -   Total rows written: 53,958
2026-06-10 11:31:41,902 - [INFO] - Progress: 30/240 files, Rows: 53,958, Time: 84.0 min, Memory: 49%
2026-06-10 11:31:41,902 - [INFO] - [31/240] Processing chb17a_04.edf (Patient: chb17)
2026-06-10 11:34:12,602 - [INFO] -   Running totals - Seizures: 5,045, Background: 1,360,350
2026-06-10 11:34:12,602 - [INFO] -   Total rows written: 55,756
2026-06-10 11:34:12,602 - [INFO] - [32/240] Processing chb17a_05.edf (Patient: chb17)
2026-06-10 11:36:43,341 - [INFO] -   Running totals - Seizures: 5,045, Background: 1,362,148
2026-06-10 11:36:43,341 - [INFO] -   Total rows written: 57,554
2026-06-10 11:36:43,341 - [INFO] - [33/240] Processing chb17a_06.edf (Patient: chb17)
2026-06-10 11:39:13,392 - [INFO] -   Running totals - Seizures: 5,045, Background: 1,363,946
2026-06-10 11:39:13,392 - [INFO] -   Total rows written: 59,352
2026-06-10 11:39:13,392 - [INFO] - [34/240] Processing chb17a_08.edf (Patient: chb17)
2026-06-10 11:41:42,925 - [INFO] -   Running totals - Seizures: 5,045, Background: 1,365,744
2026-06-10 11:41:42,925 - [INFO] -   Total rows written: 61,150
2026-06-10 11:41:42,925 - [INFO] - [35/240] Processing chb17b_57.edf (Patient: chb17)
2026-06-10 11:44:14,460 - [INFO] -   Running totals - Seizures: 5,045, Background: 1,367,542
2026-06-10 11:44:14,460 - [INFO] -   Total rows written: 62,948
2026-06-10 11:44:14,460 - [INFO] - [36/240] Processing chb17b_58.edf (Patient: chb17)
2026-06-10 11:46:45,075 - [INFO] -   Running totals - Seizures: 5,045, Background: 1,369,340
2026-06-10 11:46:45,075 - [INFO] -   Total rows written: 64,746
2026-06-10 11:46:45,076 - [INFO] - [37/240] Processing chb17b_59.edf (Patient: chb17)
2026-06-10 11:49:14,465 - [INFO] -   Running totals - Seizures: 5,045, Background: 1,371,138
2026-06-10 11:49:14,466 - [INFO] -   Total rows written: 66,544
2026-06-10 11:49:14,466 - [INFO] - [38/240] Processing chb17b_60.edf (Patient: chb17)
2026-06-10 11:51:44,697 - [INFO] -   Running totals - Seizures: 5,045, Background: 1,372,936
2026-06-10 11:51:44,697 - [INFO] -   Total rows written: 68,342
2026-06-10 11:51:44,697 - [INFO] - [39/240] Processing chb17b_63.edf (Patient: chb17)
2026-06-10 11:54:15,843 - [INFO] -   Running totals - Seizures: 5,092, Background: 1,374,699
2026-06-10 11:54:15,843 - [INFO] -   Total rows written: 70,152
2026-06-10 11:54:15,843 - [INFO] - [40/240] Processing chb17b_67.edf (Patient: chb17)
2026-06-10 11:56:46,478 - [INFO] -   Running totals - Seizures: 5,092, Background: 1,376,497
2026-06-10 11:56:46,478 - [INFO] -   Total rows written: 71,950
2026-06-10 11:56:46,479 - [INFO] - Progress: 40/240 files, Rows: 71,950, Time: 109.0 min, Memory: 49%
2026-06-10 11:56:46,479 - [INFO] - [41/240] Processing chb17b_68.edf (Patient: chb17)
2026-06-10 11:59:17,243 - [INFO] -   Running totals - Seizures: 5,092, Background: 1,378,295
2026-06-10 11:59:17,243 - [INFO] -   Total rows written: 73,748
2026-06-10 11:59:17,243 - [INFO] - [42/240] Processing chb17b_69.edf (Patient: chb17)
2026-06-10 12:00:22,368 - [WARNING] - Entropy sample_entropy failed 1000 times
2026-06-10 12:00:22,376 - [WARNING] - Entropy higuchi_fd failed 1000 times
2026-06-10 12:00:25,996 - [WARNING] - Entropy sample_entropy failed 2000 times
2026-06-10 12:00:26,000 - [WARNING] - Entropy higuchi_fd failed 2000 times
2026-06-10 12:00:29,629 - [WARNING] - Entropy sample_entropy failed 3000 times
2026-06-10 12:00:29,631 - [WARNING] - Entropy higuchi_fd failed 3000 times
2026-06-10 12:00:33,269 - [WARNING] - Entropy sample_entropy failed 4000 times
2026-06-10 12:00:33,276 - [WARNING] - Entropy higuchi_fd failed 4000 times
2026-06-10 12:00:36,896 - [WARNING] - Entropy sample_entropy failed 5000 times
2026-06-10 12:00:36,898 - [WARNING] - Entropy higuchi_fd failed 5000 times
2026-06-10 12:00:40,541 - [WARNING] - Entropy sample_entropy failed 6000 times
2026-06-10 12:00:40,546 - [WARNING] - Entropy higuchi_fd failed 6000 times
2026-06-10 12:00:44,181 - [WARNING] - Entropy sample_entropy failed 7000 times
2026-06-10 12:00:44,187 - [WARNING] - Entropy higuchi_fd failed 7000 times
2026-06-10 12:00:47,801 - [WARNING] - Entropy sample_entropy failed 8000 times
2026-06-10 12:00:47,806 - [WARNING] - Entropy higuchi_fd failed 8000 times
2026-06-10 12:00:51,429 - [WARNING] - Entropy sample_entropy failed 9000 times
2026-06-10 12:00:51,432 - [WARNING] - Entropy higuchi_fd failed 9000 times
2026-06-10 12:00:55,070 - [WARNING] - Entropy sample_entropy failed 10000 times
2026-06-10 12:00:55,075 - [WARNING] - Entropy higuchi_fd failed 10000 times
2026-06-10 12:00:58,702 - [WARNING] - Entropy sample_entropy failed 11000 times
2026-06-10 12:00:58,705 - [WARNING] - Entropy higuchi_fd failed 11000 times
2026-06-10 12:01:02,334 - [WARNING] - Entropy sample_entropy failed 12000 times
2026-06-10 12:01:02,339 - [WARNING] - Entropy higuchi_fd failed 12000 times
2026-06-10 12:01:05,978 - [WARNING] - Entropy sample_entropy failed 13000 times
2026-06-10 12:01:05,985 - [WARNING] - Entropy higuchi_fd failed 13000 times
2026-06-10 12:01:09,610 - [WARNING] - Entropy sample_entropy failed 14000 times
2026-06-10 12:01:09,616 - [WARNING] - Entropy higuchi_fd failed 14000 times
2026-06-10 12:01:13,235 - [WARNING] - Entropy sample_entropy failed 15000 times
2026-06-10 12:01:13,241 - [WARNING] - Entropy higuchi_fd failed 15000 times
2026-06-10 12:01:16,874 - [WARNING] - Entropy sample_entropy failed 16000 times
2026-06-10 12:01:16,882 - [WARNING] - Entropy higuchi_fd failed 16000 times
2026-06-10 12:01:20,513 - [WARNING] - Entropy sample_entropy failed 17000 times
2026-06-10 12:01:20,519 - [WARNING] - Entropy higuchi_fd failed 17000 times
2026-06-10 12:01:24,158 - [WARNING] - Entropy sample_entropy failed 18000 times
2026-06-10 12:01:24,161 - [WARNING] - Entropy higuchi_fd failed 18000 times
2026-06-10 12:01:27,803 - [WARNING] - Entropy sample_entropy failed 19000 times
2026-06-10 12:01:27,807 - [WARNING] - Entropy higuchi_fd failed 19000 times
2026-06-10 12:01:31,449 - [WARNING] - Entropy sample_entropy failed 20000 times
2026-06-10 12:01:31,453 - [WARNING] - Entropy higuchi_fd failed 20000 times
2026-06-10 12:01:35,104 - [WARNING] - Entropy sample_entropy failed 21000 times
2026-06-10 12:01:35,112 - [WARNING] - Entropy higuchi_fd failed 21000 times
2026-06-10 12:01:38,747 - [WARNING] - Entropy sample_entropy failed 22000 times
2026-06-10 12:01:38,753 - [WARNING] - Entropy higuchi_fd failed 22000 times
2026-06-10 12:01:42,396 - [WARNING] - Entropy sample_entropy failed 23000 times
2026-06-10 12:01:42,402 - [WARNING] - Entropy higuchi_fd failed 23000 times
2026-06-10 12:01:46,031 - [WARNING] - Entropy sample_entropy failed 24000 times
2026-06-10 12:01:46,038 - [WARNING] - Entropy higuchi_fd failed 24000 times
2026-06-10 12:01:48,144 - [INFO] -   Running totals - Seizures: 5,092, Background: 1,380,093
2026-06-10 12:01:48,144 - [INFO] -   Total rows written: 75,546
2026-06-10 12:01:48,144 - [WARNING] -   sample_entropy failure rate: 1.30%
2026-06-10 12:01:48,144 - [INFO] - [43/240] Processing chb17c_02.edf (Patient: chb17)
2026-06-10 12:04:18,360 - [INFO] -   Running totals - Seizures: 5,092, Background: 1,381,891
2026-06-10 12:04:18,360 - [INFO] -   Total rows written: 77,344
2026-06-10 12:04:18,360 - [WARNING] -   sample_entropy failure rate: 1.28%
2026-06-10 12:04:18,360 - [INFO] - [44/240] Processing chb17c_03.edf (Patient: chb17)
2026-06-10 12:06:49,335 - [INFO] -   Running totals - Seizures: 5,092, Background: 1,383,689
2026-06-10 12:06:49,335 - [INFO] -   Total rows written: 79,142
2026-06-10 12:06:49,335 - [WARNING] -   sample_entropy failure rate: 1.25%
2026-06-10 12:06:49,336 - [INFO] - [45/240] Processing chb17c_04.edf (Patient: chb17)
2026-06-10 12:09:20,157 - [INFO] -   Running totals - Seizures: 5,092, Background: 1,385,487
2026-06-10 12:09:20,157 - [INFO] -   Total rows written: 80,940
2026-06-10 12:09:20,158 - [WARNING] -   sample_entropy failure rate: 1.22%
2026-06-10 12:09:20,158 - [INFO] - [46/240] Processing chb17c_05.edf (Patient: chb17)
2026-06-10 12:11:49,970 - [INFO] -   Running totals - Seizures: 5,092, Background: 1,387,285
2026-06-10 12:11:49,970 - [INFO] -   Total rows written: 82,738
2026-06-10 12:11:49,971 - [WARNING] -   sample_entropy failure rate: 1.20%
2026-06-10 12:11:49,971 - [INFO] - [47/240] Processing chb17c_06.edf (Patient: chb17)
2026-06-10 12:55:25,550 - [INFO] - ================================================================================
2026-06-10 12:55:25,551 - [INFO] - NeuroVision Omega - Phase 4 Production Pipeline
2026-06-10 12:55:25,551 - [INFO] - Channel-Aware Aggregated Features (ULTIMATE PRODUCTION VERSION v3)
2026-06-10 12:55:25,551 - [INFO] - Window: 4.0s, Stride: 2.0s (matches V1-V3)
2026-06-10 12:55:25,551 - [INFO] - ================================================================================
2026-06-10 12:55:25,551 - [INFO] - Loading seizure interval database from: E:\Project\neurovision_ai\SEIZURE_INTERVAL_DATABASE.json
2026-06-10 12:55:25,560 - [INFO] - Loaded database for 24 patients
2026-06-10 12:55:25,560 - [INFO] - Validating seizure intervals...
2026-06-10 12:55:25,560 - [INFO] - Seizure database validation passed
2026-06-10 12:55:25,560 - [INFO] - Scanning for EDF files in: E:\NeuroVision\datasets\chbmit
2026-06-10 12:55:25,624 - [INFO] - Found 686 EDF files across 24 patients
2026-06-10 12:55:25,624 - [INFO] - Found 686 EDF files
2026-06-10 12:55:25,637 - [INFO] - Loaded checkpoint: 492 files already processed
2026-06-10 12:55:25,637 - [INFO] - Resuming: 194 files pending out of 686 total
2026-06-10 12:55:25,637 - [INFO] - [1/194] Processing chb17c_06.edf (Patient: chb17)
2026-06-10 12:57:56,077 - [INFO] -   Running totals - Seizures: 5,092, Background: 1,389,083
2026-06-10 12:57:56,077 - [INFO] -   Total rows written: 1,798
2026-06-10 12:57:56,077 - [INFO] - [2/194] Processing chb17c_07.edf (Patient: chb17)
2026-06-10 13:00:25,978 - [INFO] -   Running totals - Seizures: 5,092, Background: 1,390,881
2026-06-10 13:00:25,978 - [INFO] -   Total rows written: 3,596
2026-06-10 13:00:25,978 - [INFO] - [3/194] Processing chb17c_08.edf (Patient: chb17)
2026-06-10 13:02:56,769 - [INFO] -   Running totals - Seizures: 5,092, Background: 1,392,679
2026-06-10 13:02:56,769 - [INFO] -   Total rows written: 5,394
2026-06-10 13:02:56,769 - [INFO] - [4/194] Processing chb17c_13.edf (Patient: chb17)
2026-06-10 13:04:57,000 - [INFO] -   Running totals - Seizures: 5,092, Background: 1,394,477
2026-06-10 13:04:57,001 - [INFO] -   Total rows written: 7,192
2026-06-10 13:04:57,001 - [INFO] - [5/194] Processing chb18_01.edf (Patient: chb18)
2026-06-10 13:06:55,164 - [INFO] -   Running totals - Seizures: 5,092, Background: 1,396,281
2026-06-10 13:06:55,164 - [INFO] -   Total rows written: 8,996
2026-06-10 13:06:55,164 - [INFO] - [6/194] Processing chb18_02.edf (Patient: chb18)
2026-06-10 13:09:24,672 - [INFO] -   Running totals - Seizures: 5,092, Background: 1,398,079
2026-06-10 13:09:24,672 - [INFO] -   Total rows written: 10,794
2026-06-10 13:09:24,672 - [INFO] - [7/194] Processing chb18_03.edf (Patient: chb18)
2026-06-10 13:11:55,121 - [INFO] -   Running totals - Seizures: 5,092, Background: 1,399,877
2026-06-10 13:11:55,121 - [INFO] -   Total rows written: 12,592
2026-06-10 13:11:55,121 - [INFO] - [8/194] Processing chb18_04.edf (Patient: chb18)
2026-06-10 13:14:24,217 - [INFO] -   Running totals - Seizures: 5,092, Background: 1,401,675
2026-06-10 13:14:24,217 - [INFO] -   Total rows written: 14,390
2026-06-10 13:14:24,218 - [INFO] - [9/194] Processing chb18_05.edf (Patient: chb18)
2026-06-10 13:16:54,106 - [INFO] -   Running totals - Seizures: 5,092, Background: 1,403,473
2026-06-10 13:16:54,106 - [INFO] -   Total rows written: 16,188
2026-06-10 13:16:54,106 - [INFO] - [10/194] Processing chb18_06.edf (Patient: chb18)
2026-06-10 13:19:23,578 - [INFO] -   Running totals - Seizures: 5,092, Background: 1,405,271
2026-06-10 13:19:23,578 - [INFO] -   Total rows written: 17,986
2026-06-10 13:19:23,579 - [INFO] - Progress: 10/194 files, Rows: 17,986, Time: 24.0 min, Memory: 42%
2026-06-10 13:19:23,579 - [INFO] - [11/194] Processing chb18_07.edf (Patient: chb18)
2026-06-10 13:21:53,259 - [INFO] -   Running totals - Seizures: 5,092, Background: 1,407,069
2026-06-10 13:21:53,259 - [INFO] -   Total rows written: 19,784
2026-06-10 13:21:53,259 - [INFO] - [12/194] Processing chb18_08.edf (Patient: chb18)
2026-06-10 13:24:23,991 - [INFO] -   Running totals - Seizures: 5,092, Background: 1,408,867
2026-06-10 13:24:23,991 - [INFO] -   Total rows written: 21,582
2026-06-10 13:24:23,992 - [INFO] - [13/194] Processing chb18_09.edf (Patient: chb18)
2026-06-10 13:26:52,766 - [INFO] -   Running totals - Seizures: 5,092, Background: 1,410,665
2026-06-10 13:26:52,766 - [INFO] -   Total rows written: 23,380
2026-06-10 13:26:52,766 - [INFO] - [14/194] Processing chb18_10.edf (Patient: chb18)
2026-06-10 13:29:21,882 - [INFO] -   Running totals - Seizures: 5,092, Background: 1,412,463
2026-06-10 13:29:21,882 - [INFO] -   Total rows written: 25,178
2026-06-10 13:29:21,882 - [INFO] - [15/194] Processing chb18_11.edf (Patient: chb18)
2026-06-10 13:31:50,931 - [INFO] -   Running totals - Seizures: 5,092, Background: 1,414,261
2026-06-10 13:31:50,931 - [INFO] -   Total rows written: 26,976
2026-06-10 13:31:50,931 - [INFO] - [16/194] Processing chb18_12.edf (Patient: chb18)
2026-06-10 13:34:20,118 - [INFO] -   Running totals - Seizures: 5,092, Background: 1,416,059
2026-06-10 13:34:20,118 - [INFO] -   Total rows written: 28,774
2026-06-10 13:34:20,118 - [INFO] - [17/194] Processing chb18_13.edf (Patient: chb18)
2026-06-10 13:36:50,884 - [INFO] -   Running totals - Seizures: 5,092, Background: 1,417,857
2026-06-10 13:36:50,885 - [INFO] -   Total rows written: 30,572
2026-06-10 13:36:50,885 - [INFO] - [18/194] Processing chb18_14.edf (Patient: chb18)
2026-06-10 13:39:20,319 - [INFO] -   Running totals - Seizures: 5,092, Background: 1,419,655
2026-06-10 13:39:20,319 - [INFO] -   Total rows written: 32,370
2026-06-10 13:39:20,319 - [INFO] - [19/194] Processing chb18_15.edf (Patient: chb18)
2026-06-10 13:41:49,792 - [INFO] -   Running totals - Seizures: 5,092, Background: 1,421,453
2026-06-10 13:41:49,792 - [INFO] -   Total rows written: 34,168
2026-06-10 13:41:49,792 - [INFO] - [20/194] Processing chb18_16.edf (Patient: chb18)
2026-06-10 13:44:19,255 - [INFO] -   Running totals - Seizures: 5,092, Background: 1,423,251
2026-06-10 13:44:19,255 - [INFO] -   Total rows written: 35,966
2026-06-10 13:44:19,255 - [INFO] - Progress: 20/194 files, Rows: 35,966, Time: 48.9 min, Memory: 42%
2026-06-10 13:44:19,255 - [INFO] - [21/194] Processing chb18_17.edf (Patient: chb18)
2026-06-10 13:46:48,508 - [INFO] -   Running totals - Seizures: 5,092, Background: 1,425,049
2026-06-10 13:46:48,508 - [INFO] -   Total rows written: 37,764
2026-06-10 13:46:48,509 - [INFO] - [22/194] Processing chb18_18.edf (Patient: chb18)
2026-06-10 13:49:17,838 - [INFO] -   Running totals - Seizures: 5,092, Background: 1,426,847
2026-06-10 13:49:17,838 - [INFO] -   Total rows written: 39,562
2026-06-10 13:49:17,838 - [INFO] - [23/194] Processing chb18_19.edf (Patient: chb18)
2026-06-10 13:51:47,547 - [INFO] -   Running totals - Seizures: 5,092, Background: 1,428,645
2026-06-10 13:51:47,547 - [INFO] -   Total rows written: 41,360
2026-06-10 13:51:47,547 - [INFO] - [24/194] Processing chb18_20.edf (Patient: chb18)
2026-06-10 13:54:18,151 - [INFO] -   Running totals - Seizures: 5,092, Background: 1,430,443
2026-06-10 13:54:18,151 - [INFO] -   Total rows written: 43,158
2026-06-10 13:54:18,151 - [INFO] - [25/194] Processing chb18_21.edf (Patient: chb18)
2026-06-10 13:56:48,109 - [INFO] -   Running totals - Seizures: 5,092, Background: 1,432,241
2026-06-10 13:56:48,109 - [INFO] -   Total rows written: 44,956
2026-06-10 13:56:48,109 - [INFO] - [26/194] Processing chb18_22.edf (Patient: chb18)
2026-06-10 13:59:18,048 - [INFO] -   Running totals - Seizures: 5,092, Background: 1,434,039
2026-06-10 13:59:18,049 - [INFO] -   Total rows written: 46,754
2026-06-10 13:59:18,049 - [INFO] - [27/194] Processing chb18_23.edf (Patient: chb18)
2026-06-10 14:01:47,465 - [INFO] -   Running totals - Seizures: 5,092, Background: 1,435,837
2026-06-10 14:01:47,465 - [INFO] -   Total rows written: 48,552
2026-06-10 14:01:47,465 - [INFO] - [28/194] Processing chb18_24.edf (Patient: chb18)
2026-06-10 14:04:17,467 - [INFO] -   Running totals - Seizures: 5,092, Background: 1,437,635
2026-06-10 14:04:17,467 - [INFO] -   Total rows written: 50,350
2026-06-10 14:04:17,467 - [INFO] - [29/194] Processing chb18_25.edf (Patient: chb18)
2026-06-10 14:06:46,785 - [INFO] -   Running totals - Seizures: 5,092, Background: 1,439,433
2026-06-10 14:06:46,786 - [INFO] -   Total rows written: 52,148
2026-06-10 14:06:46,786 - [INFO] - [30/194] Processing chb18_26.edf (Patient: chb18)
2026-06-10 14:09:15,838 - [INFO] -   Running totals - Seizures: 5,092, Background: 1,441,231
2026-06-10 14:09:15,838 - [INFO] -   Total rows written: 53,946
2026-06-10 14:09:15,838 - [INFO] - Progress: 30/194 files, Rows: 53,946, Time: 73.8 min, Memory: 43%
2026-06-10 14:09:15,838 - [INFO] - [31/194] Processing chb18_27.edf (Patient: chb18)
2026-06-10 14:11:45,546 - [INFO] -   Running totals - Seizures: 5,092, Background: 1,443,029
2026-06-10 14:11:45,546 - [INFO] -   Total rows written: 55,744
2026-06-10 14:11:45,546 - [INFO] - [32/194] Processing chb18_28.edf (Patient: chb18)
2026-06-10 14:14:14,819 - [INFO] -   Running totals - Seizures: 5,092, Background: 1,444,827
2026-06-10 14:14:14,819 - [INFO] -   Total rows written: 57,542
2026-06-10 14:14:14,819 - [INFO] - [33/194] Processing chb18_29.edf (Patient: chb18)
2026-06-10 14:16:44,330 - [INFO] -   Running totals - Seizures: 5,119, Background: 1,446,598
2026-06-10 14:16:44,330 - [INFO] -   Total rows written: 59,340
2026-06-10 14:16:44,330 - [INFO] - [34/194] Processing chb18_30.edf (Patient: chb18)
2026-06-10 14:19:13,662 - [INFO] -   Running totals - Seizures: 5,136, Background: 1,448,379
2026-06-10 14:19:13,663 - [INFO] -   Total rows written: 61,138
2026-06-10 14:19:13,663 - [INFO] - [35/194] Processing chb18_31.edf (Patient: chb18)
2026-06-10 14:20:47,852 - [INFO] -   Running totals - Seizures: 5,172, Background: 1,449,478
2026-06-10 14:20:47,852 - [INFO] -   Total rows written: 62,273
2026-06-10 14:20:47,852 - [INFO] - [36/194] Processing chb18_32.edf (Patient: chb18)
2026-06-10 14:23:17,077 - [INFO] -   Running totals - Seizures: 5,202, Background: 1,451,246
2026-06-10 14:23:17,077 - [INFO] -   Total rows written: 64,071
2026-06-10 14:23:17,077 - [INFO] - [37/194] Processing chb18_33.edf (Patient: chb18)
2026-06-10 14:25:46,695 - [INFO] -   Running totals - Seizures: 5,202, Background: 1,453,044
2026-06-10 14:25:46,695 - [INFO] -   Total rows written: 65,869
2026-06-10 14:25:46,695 - [INFO] - [38/194] Processing chb18_34.edf (Patient: chb18)
2026-06-10 14:28:16,071 - [INFO] -   Running totals - Seizures: 5,202, Background: 1,454,842
2026-06-10 14:28:16,071 - [INFO] -   Total rows written: 67,667
2026-06-10 14:28:16,071 - [INFO] - [39/194] Processing chb18_35.edf (Patient: chb18)
2026-06-10 14:30:45,415 - [INFO] -   Running totals - Seizures: 5,239, Background: 1,456,603
2026-06-10 14:30:45,415 - [INFO] -   Total rows written: 69,465
2026-06-10 14:30:45,415 - [INFO] - [40/194] Processing chb18_36.edf (Patient: chb18)
2026-06-10 14:33:14,898 - [INFO] -   Running totals - Seizures: 5,264, Background: 1,458,376
2026-06-10 14:33:14,898 - [INFO] -   Total rows written: 71,263
2026-06-10 14:33:14,899 - [INFO] - Progress: 40/194 files, Rows: 71,263, Time: 97.8 min, Memory: 43%
2026-06-10 14:33:14,899 - [INFO] - [41/194] Processing chb19_01.edf (Patient: chb19)
2026-06-10 14:35:13,045 - [INFO] -   Running totals - Seizures: 5,264, Background: 1,460,174
2026-06-10 14:35:13,046 - [INFO] -   Total rows written: 73,061
2026-06-10 14:35:13,046 - [INFO] - [42/194] Processing chb19_02.edf (Patient: chb19)
2026-06-10 14:37:42,516 - [INFO] -   Running totals - Seizures: 5,264, Background: 1,461,972
2026-06-10 14:37:42,516 - [INFO] -   Total rows written: 74,859
2026-06-10 14:37:42,516 - [INFO] - [43/194] Processing chb19_03.edf (Patient: chb19)
2026-06-10 14:40:11,989 - [INFO] -   Running totals - Seizures: 5,264, Background: 1,463,770
2026-06-10 14:40:11,989 - [INFO] -   Total rows written: 76,657
2026-06-10 14:40:11,989 - [INFO] - [44/194] Processing chb19_04.edf (Patient: chb19)
2026-06-10 14:42:42,470 - [INFO] -   Running totals - Seizures: 5,264, Background: 1,465,568
2026-06-10 14:42:42,470 - [INFO] -   Total rows written: 78,455
2026-06-10 14:42:42,470 - [INFO] - [45/194] Processing chb19_05.edf (Patient: chb19)
2026-06-10 14:45:13,371 - [INFO] -   Running totals - Seizures: 5,264, Background: 1,467,366
2026-06-10 14:45:13,372 - [INFO] -   Total rows written: 80,253
2026-06-10 14:45:13,372 - [INFO] - [46/194] Processing chb19_06.edf (Patient: chb19)
2026-06-10 14:47:44,021 - [INFO] -   Running totals - Seizures: 5,264, Background: 1,469,164
2026-06-10 14:47:44,021 - [INFO] -   Total rows written: 82,051
2026-06-10 14:47:44,021 - [INFO] - [47/194] Processing chb19_07.edf (Patient: chb19)
2026-06-10 14:50:14,767 - [INFO] -   Running totals - Seizures: 5,264, Background: 1,470,962
2026-06-10 14:50:14,768 - [INFO] -   Total rows written: 83,849
2026-06-10 14:50:14,768 - [INFO] - [48/194] Processing chb19_08.edf (Patient: chb19)
2026-06-10 14:52:45,997 - [INFO] -   Running totals - Seizures: 5,264, Background: 1,472,760
2026-06-10 14:52:45,997 - [INFO] -   Total rows written: 85,647
2026-06-10 14:52:45,997 - [INFO] - [49/194] Processing chb19_09.edf (Patient: chb19)
2026-06-10 14:55:17,446 - [INFO] -   Running totals - Seizures: 5,264, Background: 1,474,558
2026-06-10 14:55:17,446 - [INFO] -   Total rows written: 87,445
2026-06-10 14:55:17,446 - [INFO] - [50/194] Processing chb19_10.edf (Patient: chb19)
2026-06-10 14:57:46,809 - [INFO] -   Running totals - Seizures: 5,264, Background: 1,476,356
2026-06-10 14:57:46,809 - [INFO] -   Total rows written: 89,243
2026-06-10 14:57:46,809 - [INFO] - Progress: 50/194 files, Rows: 89,243, Time: 122.4 min, Memory: 45%
2026-06-10 14:57:46,810 - [INFO] - [51/194] Processing chb19_11.edf (Patient: chb19)
2026-06-10 15:00:16,641 - [INFO] -   Running totals - Seizures: 5,264, Background: 1,478,154
2026-06-10 15:00:16,641 - [INFO] -   Total rows written: 91,041
2026-06-10 15:00:16,641 - [INFO] - [52/194] Processing chb19_12.edf (Patient: chb19)
2026-06-10 15:02:48,107 - [INFO] -   Running totals - Seizures: 5,264, Background: 1,479,952
2026-06-10 15:02:48,107 - [INFO] -   Total rows written: 92,839
2026-06-10 15:02:48,107 - [INFO] - [53/194] Processing chb19_13.edf (Patient: chb19)
2026-06-10 15:05:18,217 - [INFO] -   Running totals - Seizures: 5,264, Background: 1,481,750
2026-06-10 15:05:18,217 - [INFO] -   Total rows written: 94,637
2026-06-10 15:05:18,218 - [INFO] - [54/194] Processing chb19_14.edf (Patient: chb19)
2026-06-10 15:07:49,894 - [INFO] -   Running totals - Seizures: 5,264, Background: 1,483,548
2026-06-10 15:07:49,894 - [INFO] -   Total rows written: 96,435
2026-06-10 15:07:49,894 - [INFO] - [55/194] Processing chb19_15.edf (Patient: chb19)
2026-06-10 15:10:21,691 - [INFO] -   Running totals - Seizures: 5,264, Background: 1,485,346
2026-06-10 15:10:21,692 - [INFO] -   Total rows written: 98,233
2026-06-10 15:10:21,692 - [INFO] - [56/194] Processing chb19_16.edf (Patient: chb19)
2026-06-10 15:12:52,686 - [INFO] -   Running totals - Seizures: 5,264, Background: 1,487,144
2026-06-10 15:12:52,686 - [INFO] -   Total rows written: 100,031
2026-06-10 15:12:52,686 - [INFO] - [57/194] Processing chb19_17.edf (Patient: chb19)
2026-06-10 15:15:22,346 - [INFO] -   Running totals - Seizures: 5,264, Background: 1,488,942
2026-06-10 15:15:22,346 - [INFO] -   Total rows written: 101,829
2026-06-10 15:15:22,346 - [INFO] - [58/194] Processing chb19_18.edf (Patient: chb19)
2026-06-10 15:17:52,090 - [INFO] -   Running totals - Seizures: 5,264, Background: 1,490,740
2026-06-10 15:17:52,090 - [INFO] -   Total rows written: 103,627
2026-06-10 15:17:52,090 - [INFO] - [59/194] Processing chb19_19.edf (Patient: chb19)
2026-06-10 15:20:21,839 - [INFO] -   Running totals - Seizures: 5,264, Background: 1,492,538
2026-06-10 15:20:21,839 - [INFO] -   Total rows written: 105,425
2026-06-10 15:20:21,839 - [INFO] - [60/194] Processing chb19_20.edf (Patient: chb19)
2026-06-10 15:22:51,510 - [INFO] -   Running totals - Seizures: 5,264, Background: 1,494,336
2026-06-10 15:22:51,510 - [INFO] -   Total rows written: 107,223
2026-06-10 15:22:51,510 - [INFO] - Progress: 60/194 files, Rows: 107,223, Time: 147.4 min, Memory: 43%
2026-06-10 15:22:51,511 - [INFO] - [61/194] Processing chb19_21.edf (Patient: chb19)
2026-06-10 15:25:21,081 - [INFO] -   Running totals - Seizures: 5,264, Background: 1,496,134
2026-06-10 15:25:21,081 - [INFO] -   Total rows written: 109,021
2026-06-10 15:25:21,081 - [INFO] - [62/194] Processing chb19_22.edf (Patient: chb19)
2026-06-10 15:27:52,381 - [INFO] -   Running totals - Seizures: 5,264, Background: 1,497,932
2026-06-10 15:27:52,381 - [INFO] -   Total rows written: 110,819
2026-06-10 15:27:52,381 - [INFO] - [63/194] Processing chb19_23.edf (Patient: chb19)
2026-06-10 15:30:23,399 - [INFO] -   Running totals - Seizures: 5,264, Background: 1,499,730
2026-06-10 15:30:23,399 - [INFO] -   Total rows written: 112,617
2026-06-10 15:30:23,399 - [INFO] - [64/194] Processing chb19_24.edf (Patient: chb19)
2026-06-10 15:32:53,095 - [INFO] -   Running totals - Seizures: 5,264, Background: 1,501,528
2026-06-10 15:32:53,095 - [INFO] -   Total rows written: 114,415
2026-06-10 15:32:53,096 - [INFO] - [65/194] Processing chb19_25.edf (Patient: chb19)
2026-06-10 15:35:24,225 - [INFO] -   Running totals - Seizures: 5,264, Background: 1,503,326
2026-06-10 15:35:24,225 - [INFO] -   Total rows written: 116,213
2026-06-10 15:35:24,225 - [INFO] - [66/194] Processing chb19_26.edf (Patient: chb19)
2026-06-10 15:37:55,226 - [INFO] -   Running totals - Seizures: 5,264, Background: 1,505,124
2026-06-10 15:37:55,226 - [INFO] -   Total rows written: 118,011
2026-06-10 15:37:55,226 - [INFO] - [67/194] Processing chb19_27.edf (Patient: chb19)
2026-06-10 15:40:26,429 - [INFO] -   Running totals - Seizures: 5,264, Background: 1,506,922
2026-06-10 15:40:26,429 - [INFO] -   Total rows written: 119,809
2026-06-10 15:40:26,429 - [INFO] - [68/194] Processing chb19_28.edf (Patient: chb19)
2026-06-10 15:42:58,314 - [INFO] -   Running totals - Seizures: 5,305, Background: 1,508,685
2026-06-10 15:42:58,314 - [INFO] -   Total rows written: 121,613
2026-06-10 15:42:58,314 - [INFO] - [69/194] Processing chb19_29.edf (Patient: chb19)
2026-06-10 15:45:29,549 - [INFO] -   Running totals - Seizures: 5,346, Background: 1,510,442
2026-06-10 15:45:29,549 - [INFO] -   Total rows written: 123,411
2026-06-10 15:45:29,549 - [INFO] - [70/194] Processing chb19_30.edf (Patient: chb19)
2026-06-10 15:47:49,335 - [INFO] -   Running totals - Seizures: 5,389, Background: 1,512,064
2026-06-10 15:47:49,335 - [INFO] -   Total rows written: 125,076
2026-06-10 15:47:49,335 - [INFO] - Progress: 70/194 files, Rows: 125,076, Time: 172.4 min, Memory: 43%
2026-06-10 15:47:49,335 - [INFO] - [71/194] Processing chb20_01.edf (Patient: chb20)
2026-06-10 15:50:20,198 - [INFO] -   Running totals - Seizures: 5,389, Background: 1,513,865
2026-06-10 15:50:20,198 - [INFO] -   Total rows written: 126,877
2026-06-10 15:50:20,198 - [INFO] - [72/194] Processing chb20_02.edf (Patient: chb20)
2026-06-10 15:52:50,924 - [INFO] -   Running totals - Seizures: 5,389, Background: 1,515,663
2026-06-10 15:52:50,924 - [INFO] -   Total rows written: 128,675
2026-06-10 15:52:50,924 - [INFO] - [73/194] Processing chb20_03.edf (Patient: chb20)
2026-06-10 15:55:22,127 - [INFO] -   Running totals - Seizures: 5,389, Background: 1,517,461
2026-06-10 15:55:22,127 - [INFO] -   Total rows written: 130,473
2026-06-10 15:55:22,127 - [INFO] - [74/194] Processing chb20_04.edf (Patient: chb20)
2026-06-10 15:57:51,844 - [INFO] -   Running totals - Seizures: 5,389, Background: 1,519,259
2026-06-10 15:57:51,844 - [INFO] -   Total rows written: 132,271
2026-06-10 15:57:51,845 - [INFO] - [75/194] Processing chb20_05.edf (Patient: chb20)
2026-06-10 16:00:21,244 - [INFO] -   Running totals - Seizures: 5,389, Background: 1,521,057
2026-06-10 16:00:21,244 - [INFO] -   Total rows written: 134,069
2026-06-10 16:00:21,244 - [INFO] - [76/194] Processing chb20_06.edf (Patient: chb20)
2026-06-10 16:02:51,127 - [INFO] -   Running totals - Seizures: 5,389, Background: 1,522,855
2026-06-10 16:02:51,128 - [INFO] -   Total rows written: 135,867
2026-06-10 16:02:51,128 - [INFO] - [77/194] Processing chb20_07.edf (Patient: chb20)
2026-06-10 16:05:21,362 - [INFO] -   Running totals - Seizures: 5,389, Background: 1,524,653
2026-06-10 16:05:21,362 - [INFO] -   Total rows written: 137,665
2026-06-10 16:05:21,362 - [INFO] - [78/194] Processing chb20_08.edf (Patient: chb20)
2026-06-10 16:07:51,413 - [INFO] -   Running totals - Seizures: 5,389, Background: 1,526,451
2026-06-10 16:07:51,413 - [INFO] -   Total rows written: 139,463
2026-06-10 16:07:51,414 - [INFO] - [79/194] Processing chb20_11.edf (Patient: chb20)
2026-06-10 16:10:21,629 - [INFO] -   Running totals - Seizures: 5,389, Background: 1,528,249
2026-06-10 16:10:21,629 - [INFO] -   Total rows written: 141,261
2026-06-10 16:10:21,629 - [INFO] - [80/194] Processing chb20_12.edf (Patient: chb20)
2026-06-10 16:12:51,157 - [INFO] -   Running totals - Seizures: 5,406, Background: 1,530,030
2026-06-10 16:12:51,158 - [INFO] -   Total rows written: 143,059
2026-06-10 16:12:51,158 - [INFO] - Progress: 80/194 files, Rows: 143,059, Time: 197.4 min, Memory: 44%
2026-06-10 16:12:51,158 - [INFO] - [81/194] Processing chb20_13.edf (Patient: chb20)
2026-06-10 16:15:20,846 - [INFO] -   Running totals - Seizures: 5,446, Background: 1,531,788
2026-06-10 16:15:20,846 - [INFO] -   Total rows written: 144,857
2026-06-10 16:15:20,846 - [INFO] - [82/194] Processing chb20_14.edf (Patient: chb20)
2026-06-10 16:17:50,046 - [INFO] -   Running totals - Seizures: 5,467, Background: 1,533,565
2026-06-10 16:17:50,047 - [INFO] -   Total rows written: 146,655
2026-06-10 16:17:50,047 - [INFO] - [83/194] Processing chb20_15.edf (Patient: chb20)
2026-06-10 16:20:19,900 - [INFO] -   Running totals - Seizures: 5,514, Background: 1,535,316
2026-06-10 16:20:19,900 - [INFO] -   Total rows written: 148,453
2026-06-10 16:20:19,900 - [INFO] - [84/194] Processing chb20_16.edf (Patient: chb20)
2026-06-10 16:22:44,412 - [INFO] -   Running totals - Seizures: 5,534, Background: 1,537,029
2026-06-10 16:22:44,412 - [INFO] -   Total rows written: 150,186
2026-06-10 16:22:44,412 - [INFO] - [85/194] Processing chb20_17.edf (Patient: chb20)
2026-06-10 17:48:22,239 - [INFO] - ================================================================================
2026-06-10 17:48:22,240 - [INFO] - NeuroVision Omega - Phase 4 Production Pipeline
2026-06-10 17:48:22,240 - [INFO] - Channel-Aware Aggregated Features (ULTIMATE PRODUCTION VERSION v3)
2026-06-10 17:48:22,240 - [INFO] - Window: 4.0s, Stride: 2.0s (matches V1-V3)
2026-06-10 17:48:22,240 - [INFO] - ================================================================================
2026-06-10 17:48:22,241 - [INFO] - Loading seizure interval database from: E:\Project\neurovision_ai\SEIZURE_INTERVAL_DATABASE.json
2026-06-10 17:48:22,248 - [INFO] - Loaded database for 24 patients
2026-06-10 17:48:22,249 - [INFO] - Validating seizure intervals...
2026-06-10 17:48:22,249 - [INFO] - Seizure database validation passed
2026-06-10 17:48:22,249 - [INFO] - Scanning for EDF files in: E:\NeuroVision\datasets\chbmit
2026-06-10 17:48:22,301 - [INFO] - Found 686 EDF files across 24 patients
2026-06-10 17:48:22,301 - [INFO] - Found 686 EDF files
2026-06-10 17:48:22,319 - [INFO] - Loaded checkpoint: 576 files already processed
2026-06-10 17:48:22,320 - [INFO] - Resuming: 110 files pending out of 686 total
2026-06-10 17:48:22,320 - [INFO] - [1/110] Processing chb20_17.edf (Patient: chb20)
2026-06-10 17:50:53,308 - [INFO] -   Running totals - Seizures: 5,534, Background: 1,538,827
2026-06-10 17:50:53,308 - [INFO] -   Total rows written: 1,798
2026-06-10 17:50:53,308 - [INFO] - [2/110] Processing chb20_21.edf (Patient: chb20)
2026-06-10 17:53:25,227 - [INFO] -   Running totals - Seizures: 5,534, Background: 1,540,634
2026-06-10 17:53:25,228 - [INFO] -   Total rows written: 3,605
2026-06-10 17:53:25,228 - [INFO] - [3/110] Processing chb20_22.edf (Patient: chb20)
2026-06-10 17:53:56,583 - [INFO] -   Running totals - Seizures: 5,534, Background: 1,541,003
2026-06-10 17:53:56,583 - [INFO] -   Total rows written: 3,974
2026-06-10 17:53:56,583 - [INFO] - [4/110] Processing chb20_23.edf (Patient: chb20)
2026-06-10 17:56:02,608 - [INFO] -   Running totals - Seizures: 5,534, Background: 1,542,483
2026-06-10 17:56:02,608 - [INFO] -   Total rows written: 5,454
2026-06-10 17:56:02,608 - [INFO] - [5/110] Processing chb20_25.edf (Patient: chb20)
2026-06-10 17:58:34,889 - [INFO] -   Running totals - Seizures: 5,534, Background: 1,544,281
2026-06-10 17:58:34,889 - [INFO] -   Total rows written: 7,252
2026-06-10 17:58:34,890 - [INFO] - [6/110] Processing chb20_26.edf (Patient: chb20)
2026-06-10 18:01:06,600 - [INFO] -   Running totals - Seizures: 5,534, Background: 1,546,079
2026-06-10 18:01:06,600 - [INFO] -   Total rows written: 9,050
2026-06-10 18:01:06,600 - [INFO] - [7/110] Processing chb20_27.edf (Patient: chb20)
2026-06-10 18:03:42,103 - [INFO] -   Running totals - Seizures: 5,534, Background: 1,547,877
2026-06-10 18:03:42,103 - [INFO] -   Total rows written: 10,848
2026-06-10 18:03:42,103 - [INFO] - [8/110] Processing chb20_28.edf (Patient: chb20)
2026-06-10 18:06:18,943 - [INFO] -   Running totals - Seizures: 5,534, Background: 1,549,675
2026-06-10 18:06:18,943 - [INFO] -   Total rows written: 12,646
2026-06-10 18:06:18,943 - [INFO] - [9/110] Processing chb20_29.edf (Patient: chb20)
2026-06-10 18:08:53,161 - [INFO] -   Running totals - Seizures: 5,534, Background: 1,551,473
2026-06-10 18:08:53,161 - [INFO] -   Total rows written: 14,444
2026-06-10 18:08:53,162 - [INFO] - [10/110] Processing chb20_30.edf (Patient: chb20)
2026-06-10 18:11:29,933 - [INFO] -   Running totals - Seizures: 5,534, Background: 1,553,271
2026-06-10 18:11:29,933 - [INFO] -   Total rows written: 16,242
2026-06-10 18:11:29,933 - [INFO] - Progress: 10/110 files, Rows: 16,242, Time: 23.1 min, Memory: 45%
2026-06-10 18:11:29,933 - [INFO] - [11/110] Processing chb20_31.edf (Patient: chb20)
2026-06-10 18:14:03,582 - [INFO] -   Running totals - Seizures: 5,534, Background: 1,555,069
2026-06-10 18:14:03,582 - [INFO] -   Total rows written: 18,040
2026-06-10 18:14:03,582 - [INFO] - [12/110] Processing chb20_34.edf (Patient: chb20)
2026-06-10 18:16:35,813 - [INFO] -   Running totals - Seizures: 5,534, Background: 1,556,867
2026-06-10 18:16:35,813 - [INFO] -   Total rows written: 19,838
2026-06-10 18:16:35,813 - [INFO] - [13/110] Processing chb20_59.edf (Patient: chb20)
2026-06-10 18:19:10,600 - [INFO] -   Running totals - Seizures: 5,534, Background: 1,558,665
2026-06-10 18:19:10,600 - [INFO] -   Total rows written: 21,636
2026-06-10 18:19:10,600 - [INFO] - [14/110] Processing chb20_60.edf (Patient: chb20)
2026-06-10 18:21:41,959 - [INFO] -   Running totals - Seizures: 5,534, Background: 1,560,463
2026-06-10 18:21:41,959 - [INFO] -   Total rows written: 23,434
2026-06-10 18:21:41,959 - [INFO] - [15/110] Processing chb20_68.edf (Patient: chb20)
2026-06-10 18:23:12,702 - [INFO] -   Running totals - Seizures: 5,556, Background: 1,561,523
2026-06-10 18:23:12,702 - [INFO] -   Total rows written: 24,516
2026-06-10 18:23:12,702 - [INFO] - [16/110] Processing chb21_01.edf (Patient: chb21)
2026-06-10 18:25:43,207 - [INFO] -   Running totals - Seizures: 5,556, Background: 1,563,321
2026-06-10 18:25:43,207 - [INFO] -   Total rows written: 26,314
2026-06-10 18:25:43,207 - [INFO] - [17/110] Processing chb21_02.edf (Patient: chb21)
2026-06-10 18:28:13,720 - [INFO] -   Running totals - Seizures: 5,556, Background: 1,565,119
2026-06-10 18:28:13,720 - [INFO] -   Total rows written: 28,112
2026-06-10 18:28:13,720 - [INFO] - [18/110] Processing chb21_03.edf (Patient: chb21)
2026-06-10 18:30:44,315 - [INFO] -   Running totals - Seizures: 5,556, Background: 1,566,917
2026-06-10 18:30:44,315 - [INFO] -   Total rows written: 29,910
2026-06-10 18:30:44,315 - [INFO] - [19/110] Processing chb21_04.edf (Patient: chb21)
2026-06-10 18:33:15,127 - [INFO] -   Running totals - Seizures: 5,556, Background: 1,568,715
2026-06-10 18:33:15,127 - [INFO] -   Total rows written: 31,708
2026-06-10 18:33:15,127 - [INFO] - [20/110] Processing chb21_05.edf (Patient: chb21)
2026-06-10 18:35:45,601 - [INFO] -   Running totals - Seizures: 5,556, Background: 1,570,513
2026-06-10 18:35:45,601 - [INFO] -   Total rows written: 33,506
2026-06-10 18:35:45,602 - [INFO] - Progress: 20/110 files, Rows: 33,506, Time: 47.4 min, Memory: 45%
2026-06-10 18:35:45,602 - [INFO] - [21/110] Processing chb21_06.edf (Patient: chb21)
2026-06-10 18:38:16,052 - [INFO] -   Running totals - Seizures: 5,556, Background: 1,572,311
2026-06-10 18:38:16,052 - [INFO] -   Total rows written: 35,304
2026-06-10 18:38:16,052 - [INFO] - [22/110] Processing chb21_07.edf (Patient: chb21)
2026-06-10 18:40:46,962 - [INFO] -   Running totals - Seizures: 5,556, Background: 1,574,109
2026-06-10 18:40:46,963 - [INFO] -   Total rows written: 37,102
2026-06-10 18:40:46,963 - [INFO] - [23/110] Processing chb21_08.edf (Patient: chb21)
2026-06-10 18:43:17,778 - [INFO] -   Running totals - Seizures: 5,556, Background: 1,575,907
2026-06-10 18:43:17,778 - [INFO] -   Total rows written: 38,900
2026-06-10 18:43:17,778 - [INFO] - [24/110] Processing chb21_09.edf (Patient: chb21)
2026-06-10 18:45:48,855 - [INFO] -   Running totals - Seizures: 5,556, Background: 1,577,705
2026-06-10 18:45:48,855 - [INFO] -   Total rows written: 40,698
2026-06-10 18:45:48,855 - [INFO] - [25/110] Processing chb21_10.edf (Patient: chb21)
2026-06-10 18:48:19,122 - [INFO] -   Running totals - Seizures: 5,556, Background: 1,579,503
2026-06-10 18:48:19,122 - [INFO] -   Total rows written: 42,496
2026-06-10 18:48:19,122 - [INFO] - [26/110] Processing chb21_11.edf (Patient: chb21)
2026-06-10 18:50:49,518 - [INFO] -   Running totals - Seizures: 5,556, Background: 1,581,301
2026-06-10 18:50:49,518 - [INFO] -   Total rows written: 44,294
2026-06-10 18:50:49,518 - [INFO] - [27/110] Processing chb21_12.edf (Patient: chb21)
2026-06-10 18:53:19,892 - [INFO] -   Running totals - Seizures: 5,556, Background: 1,583,099
2026-06-10 18:53:19,892 - [INFO] -   Total rows written: 46,092
2026-06-10 18:53:19,892 - [INFO] - [28/110] Processing chb21_13.edf (Patient: chb21)
2026-06-10 18:55:50,207 - [INFO] -   Running totals - Seizures: 5,556, Background: 1,584,897
2026-06-10 18:55:50,208 - [INFO] -   Total rows written: 47,890
2026-06-10 18:55:50,208 - [INFO] - [29/110] Processing chb21_14.edf (Patient: chb21)
2026-06-10 18:58:20,659 - [INFO] -   Running totals - Seizures: 5,556, Background: 1,586,695
2026-06-10 18:58:20,659 - [INFO] -   Total rows written: 49,688
2026-06-10 18:58:20,659 - [INFO] - [30/110] Processing chb21_15.edf (Patient: chb21)
2026-06-10 19:00:51,516 - [INFO] -   Running totals - Seizures: 5,556, Background: 1,588,493
2026-06-10 19:00:51,516 - [INFO] -   Total rows written: 51,486
2026-06-10 19:00:51,517 - [INFO] - Progress: 30/110 files, Rows: 51,486, Time: 72.5 min, Memory: 44%
2026-06-10 19:00:51,517 - [INFO] - [31/110] Processing chb21_16.edf (Patient: chb21)
2026-06-10 19:03:21,858 - [INFO] -   Running totals - Seizures: 5,556, Background: 1,590,291
2026-06-10 19:03:21,858 - [INFO] -   Total rows written: 53,284
2026-06-10 19:03:21,858 - [INFO] - [32/110] Processing chb21_17.edf (Patient: chb21)
2026-06-10 19:05:52,183 - [INFO] -   Running totals - Seizures: 5,556, Background: 1,592,089
2026-06-10 19:05:52,183 - [INFO] -   Total rows written: 55,082
2026-06-10 19:05:52,183 - [INFO] - [33/110] Processing chb21_18.edf (Patient: chb21)
2026-06-10 19:08:22,405 - [INFO] -   Running totals - Seizures: 5,556, Background: 1,593,887
2026-06-10 19:08:22,406 - [INFO] -   Total rows written: 56,880
2026-06-10 19:08:22,406 - [INFO] - [34/110] Processing chb21_19.edf (Patient: chb21)
2026-06-10 19:10:52,621 - [INFO] -   Running totals - Seizures: 5,587, Background: 1,595,654
2026-06-10 19:10:52,621 - [INFO] -   Total rows written: 58,678
2026-06-10 19:10:52,621 - [INFO] - [35/110] Processing chb21_20.edf (Patient: chb21)
2026-06-10 19:12:57,580 - [INFO] -   Running totals - Seizures: 5,614, Background: 1,597,120
2026-06-10 19:12:57,580 - [INFO] -   Total rows written: 60,171
2026-06-10 19:12:57,580 - [INFO] - [36/110] Processing chb21_21.edf (Patient: chb21)
2026-06-10 19:15:29,100 - [INFO] -   Running totals - Seizures: 5,657, Background: 1,598,875
2026-06-10 19:15:29,100 - [INFO] -   Total rows written: 61,969
2026-06-10 19:15:29,100 - [INFO] - [37/110] Processing chb21_22.edf (Patient: chb21)
2026-06-10 19:17:59,602 - [INFO] -   Running totals - Seizures: 5,665, Background: 1,600,665
2026-06-10 19:17:59,602 - [INFO] -   Total rows written: 63,767
2026-06-10 19:17:59,602 - [INFO] - [38/110] Processing chb21_23.edf (Patient: chb21)
2026-06-10 19:20:30,336 - [INFO] -   Running totals - Seizures: 5,665, Background: 1,602,463
2026-06-10 19:20:30,336 - [INFO] -   Total rows written: 65,565
2026-06-10 19:20:30,336 - [INFO] - [39/110] Processing chb21_24.edf (Patient: chb21)
2026-06-10 19:23:00,950 - [INFO] -   Running totals - Seizures: 5,665, Background: 1,604,261
2026-06-10 19:23:00,950 - [INFO] -   Total rows written: 67,363
2026-06-10 19:23:00,950 - [INFO] - [40/110] Processing chb21_25.edf (Patient: chb21)
2026-06-10 19:25:31,523 - [INFO] -   Running totals - Seizures: 5,665, Background: 1,606,059
2026-06-10 19:25:31,523 - [INFO] -   Total rows written: 69,161
2026-06-10 19:25:31,523 - [INFO] - Progress: 40/110 files, Rows: 69,161, Time: 97.2 min, Memory: 44%
2026-06-10 19:25:31,523 - [INFO] - [41/110] Processing chb21_26.edf (Patient: chb21)
2026-06-10 19:28:02,385 - [INFO] -   Running totals - Seizures: 5,665, Background: 1,607,857
2026-06-10 19:28:02,385 - [INFO] -   Total rows written: 70,959
2026-06-10 19:28:02,386 - [INFO] - [42/110] Processing chb21_27.edf (Patient: chb21)
2026-06-10 19:30:33,391 - [INFO] -   Running totals - Seizures: 5,665, Background: 1,609,655
2026-06-10 19:30:33,391 - [INFO] -   Total rows written: 72,757
2026-06-10 19:30:33,392 - [INFO] - [43/110] Processing chb21_28.edf (Patient: chb21)
2026-06-10 19:33:04,105 - [INFO] -   Running totals - Seizures: 5,665, Background: 1,611,453
2026-06-10 19:33:04,105 - [INFO] -   Total rows written: 74,555
2026-06-10 19:33:04,105 - [INFO] - [44/110] Processing chb21_29.edf (Patient: chb21)
2026-06-10 19:35:34,865 - [INFO] -   Running totals - Seizures: 5,665, Background: 1,613,251
2026-06-10 19:35:34,865 - [INFO] -   Total rows written: 76,353
2026-06-10 19:35:34,865 - [INFO] - [45/110] Processing chb21_30.edf (Patient: chb21)
2026-06-10 19:38:06,603 - [INFO] -   Running totals - Seizures: 5,665, Background: 1,615,049
2026-06-10 19:38:06,603 - [INFO] -   Total rows written: 78,151
2026-06-10 19:38:06,604 - [INFO] - [46/110] Processing chb21_31.edf (Patient: chb21)
2026-06-10 19:40:37,232 - [INFO] -   Running totals - Seizures: 5,665, Background: 1,616,847
2026-06-10 19:40:37,232 - [INFO] -   Total rows written: 79,949
2026-06-10 19:40:37,232 - [INFO] - [47/110] Processing chb21_32.edf (Patient: chb21)
2026-06-10 19:43:08,225 - [INFO] -   Running totals - Seizures: 5,665, Background: 1,618,645
2026-06-10 19:43:08,226 - [INFO] -   Total rows written: 81,747
2026-06-10 19:43:08,226 - [INFO] - [48/110] Processing chb21_33.edf (Patient: chb21)
2026-06-10 19:45:38,827 - [INFO] -   Running totals - Seizures: 5,665, Background: 1,620,443
2026-06-10 19:45:38,827 - [INFO] -   Total rows written: 83,545
2026-06-10 19:45:38,827 - [INFO] - [49/110] Processing chb22_01.edf (Patient: chb22)
2026-06-10 19:48:09,582 - [INFO] -   Running totals - Seizures: 5,665, Background: 1,622,241
2026-06-10 19:48:09,582 - [INFO] -   Total rows written: 85,343
2026-06-10 19:48:09,582 - [INFO] - [50/110] Processing chb22_02.edf (Patient: chb22)
2026-06-10 19:50:40,323 - [INFO] -   Running totals - Seizures: 5,665, Background: 1,624,039
2026-06-10 19:50:40,323 - [INFO] -   Total rows written: 87,141
2026-06-10 19:50:40,323 - [INFO] - Progress: 50/110 files, Rows: 87,141, Time: 122.3 min, Memory: 45%
2026-06-10 19:50:40,324 - [INFO] - [51/110] Processing chb22_03.edf (Patient: chb22)
2026-06-10 19:53:11,180 - [INFO] -   Running totals - Seizures: 5,665, Background: 1,625,837
2026-06-10 19:53:11,180 - [INFO] -   Total rows written: 88,939
2026-06-10 19:53:11,180 - [INFO] - [52/110] Processing chb22_04.edf (Patient: chb22)
2026-06-10 19:55:42,308 - [INFO] -   Running totals - Seizures: 5,665, Background: 1,627,635
2026-06-10 19:55:42,308 - [INFO] -   Total rows written: 90,737
2026-06-10 19:55:42,308 - [INFO] - [53/110] Processing chb22_05.edf (Patient: chb22)
2026-06-10 19:58:14,183 - [INFO] -   Running totals - Seizures: 5,665, Background: 1,629,433
2026-06-10 19:58:14,184 - [INFO] -   Total rows written: 92,535
2026-06-10 19:58:14,184 - [INFO] - [54/110] Processing chb22_06.edf (Patient: chb22)
2026-06-10 20:00:46,417 - [INFO] -   Running totals - Seizures: 5,665, Background: 1,631,231
2026-06-10 20:00:46,417 - [INFO] -   Total rows written: 94,333
2026-06-10 20:00:46,418 - [INFO] - [55/110] Processing chb22_07.edf (Patient: chb22)
2026-06-10 20:03:18,451 - [INFO] -   Running totals - Seizures: 5,665, Background: 1,633,029
2026-06-10 20:03:18,451 - [INFO] -   Total rows written: 96,131
2026-06-10 20:03:18,451 - [INFO] - [56/110] Processing chb22_08.edf (Patient: chb22)
2026-06-10 20:05:49,308 - [INFO] -   Running totals - Seizures: 5,665, Background: 1,634,827
2026-06-10 20:05:49,308 - [INFO] -   Total rows written: 97,929
2026-06-10 20:05:49,308 - [INFO] - [57/110] Processing chb22_09.edf (Patient: chb22)
2026-06-10 20:08:21,557 - [INFO] -   Running totals - Seizures: 5,665, Background: 1,636,625
2026-06-10 20:08:21,557 - [INFO] -   Total rows written: 99,727
2026-06-10 20:08:21,557 - [INFO] - [58/110] Processing chb22_10.edf (Patient: chb22)
2026-06-10 20:10:54,293 - [INFO] -   Running totals - Seizures: 5,665, Background: 1,638,423
2026-06-10 20:10:54,293 - [INFO] -   Total rows written: 101,525
2026-06-10 20:10:54,293 - [INFO] - [59/110] Processing chb22_11.edf (Patient: chb22)
2026-06-10 20:13:25,642 - [INFO] -   Running totals - Seizures: 5,665, Background: 1,640,227
2026-06-10 20:13:25,643 - [INFO] -   Total rows written: 103,329
2026-06-10 20:13:25,643 - [INFO] - [60/110] Processing chb22_15.edf (Patient: chb22)
2026-06-10 20:15:56,491 - [INFO] -   Running totals - Seizures: 5,665, Background: 1,642,025
2026-06-10 20:15:56,491 - [INFO] -   Total rows written: 105,127
2026-06-10 20:15:56,492 - [INFO] - Progress: 60/110 files, Rows: 105,127, Time: 147.6 min, Memory: 44%
2026-06-10 20:15:56,492 - [INFO] - [61/110] Processing chb22_16.edf (Patient: chb22)
2026-06-10 20:18:27,095 - [INFO] -   Running totals - Seizures: 5,665, Background: 1,643,823
2026-06-10 20:18:27,095 - [INFO] -   Total rows written: 106,925
2026-06-10 20:18:27,095 - [INFO] - [62/110] Processing chb22_17.edf (Patient: chb22)
2026-06-10 20:20:57,667 - [INFO] -   Running totals - Seizures: 5,665, Background: 1,645,621
2026-06-10 20:20:57,667 - [INFO] -   Total rows written: 108,723
2026-06-10 20:20:57,668 - [INFO] - [63/110] Processing chb22_18.edf (Patient: chb22)
2026-06-10 20:23:28,749 - [INFO] -   Running totals - Seizures: 5,665, Background: 1,647,419
2026-06-10 20:23:28,749 - [INFO] -   Total rows written: 110,521
2026-06-10 20:23:28,750 - [INFO] - [64/110] Processing chb22_19.edf (Patient: chb22)
2026-06-10 20:25:59,827 - [INFO] -   Running totals - Seizures: 5,665, Background: 1,649,217
2026-06-10 20:25:59,828 - [INFO] -   Total rows written: 112,319
2026-06-10 20:25:59,828 - [INFO] - [65/110] Processing chb22_20.edf (Patient: chb22)
2026-06-10 20:28:30,786 - [INFO] -   Running totals - Seizures: 5,696, Background: 1,650,984
2026-06-10 20:28:30,786 - [INFO] -   Total rows written: 114,117
2026-06-10 20:28:30,786 - [INFO] - [66/110] Processing chb22_21.edf (Patient: chb22)
2026-06-10 20:31:01,705 - [INFO] -   Running totals - Seizures: 5,696, Background: 1,652,782
2026-06-10 20:31:01,706 - [INFO] -   Total rows written: 115,915
2026-06-10 20:31:01,706 - [INFO] - [67/110] Processing chb22_22.edf (Patient: chb22)
2026-06-10 20:33:32,334 - [INFO] -   Running totals - Seizures: 5,696, Background: 1,654,580
2026-06-10 20:33:32,335 - [INFO] -   Total rows written: 117,713
2026-06-10 20:33:32,335 - [INFO] - [68/110] Processing chb22_23.edf (Patient: chb22)
2026-06-10 20:36:02,889 - [INFO] -   Running totals - Seizures: 5,696, Background: 1,656,378
2026-06-10 20:36:02,889 - [INFO] -   Total rows written: 119,511
2026-06-10 20:36:02,889 - [INFO] - [69/110] Processing chb22_24.edf (Patient: chb22)
2026-06-10 20:38:34,129 - [INFO] -   Running totals - Seizures: 5,696, Background: 1,658,176
2026-06-10 20:38:34,129 - [INFO] -   Total rows written: 121,309
2026-06-10 20:38:34,129 - [INFO] - [70/110] Processing chb22_25.edf (Patient: chb22)
2026-06-10 20:41:04,840 - [INFO] -   Running totals - Seizures: 5,735, Background: 1,659,935
2026-06-10 20:41:04,840 - [INFO] -   Total rows written: 123,107
2026-06-10 20:41:04,840 - [INFO] - Progress: 70/110 files, Rows: 123,107, Time: 172.7 min, Memory: 45%
2026-06-10 20:41:04,840 - [INFO] - [71/110] Processing chb22_26.edf (Patient: chb22)
2026-06-10 20:43:35,475 - [INFO] -   Running totals - Seizures: 5,735, Background: 1,661,733
2026-06-10 20:43:35,476 - [INFO] -   Total rows written: 124,905
2026-06-10 20:43:35,476 - [INFO] - [72/110] Processing chb22_27.edf (Patient: chb22)
2026-06-10 20:46:06,167 - [INFO] -   Running totals - Seizures: 5,735, Background: 1,663,531
2026-06-10 20:46:06,167 - [INFO] -   Total rows written: 126,703
2026-06-10 20:46:06,167 - [INFO] - [73/110] Processing chb22_28.edf (Patient: chb22)
2026-06-10 20:48:37,128 - [INFO] -   Running totals - Seizures: 5,735, Background: 1,665,329
2026-06-10 20:48:37,129 - [INFO] -   Total rows written: 128,501
2026-06-10 20:48:37,129 - [INFO] - [74/110] Processing chb22_29.edf (Patient: chb22)
2026-06-10 20:51:07,965 - [INFO] -   Running totals - Seizures: 5,735, Background: 1,667,127
2026-06-10 20:51:07,965 - [INFO] -   Total rows written: 130,299
2026-06-10 20:51:07,965 - [INFO] - [75/110] Processing chb22_30.edf (Patient: chb22)
2026-06-10 20:53:38,156 - [INFO] -   Running totals - Seizures: 5,735, Background: 1,668,925
2026-06-10 20:53:38,156 - [INFO] -   Total rows written: 132,097
2026-06-10 20:53:38,156 - [INFO] - [76/110] Processing chb22_38.edf (Patient: chb22)
2026-06-10 20:56:08,703 - [INFO] -   Running totals - Seizures: 5,773, Background: 1,670,685
2026-06-10 20:56:08,703 - [INFO] -   Total rows written: 133,895
2026-06-10 20:56:08,703 - [INFO] - [77/110] Processing chb22_51.edf (Patient: chb22)
2026-06-10 20:58:39,306 - [INFO] -   Running totals - Seizures: 5,773, Background: 1,672,483
2026-06-10 20:58:39,306 - [INFO] -   Total rows written: 135,693
2026-06-10 20:58:39,306 - [INFO] - [78/110] Processing chb22_54.edf (Patient: chb22)
2026-06-10 21:01:10,310 - [INFO] -   Running totals - Seizures: 5,773, Background: 1,674,281
2026-06-10 21:01:10,310 - [INFO] -   Total rows written: 137,491
2026-06-10 21:01:10,310 - [INFO] - [79/110] Processing chb22_77.edf (Patient: chb22)
2026-06-10 21:03:41,875 - [INFO] -   Running totals - Seizures: 5,773, Background: 1,676,079
2026-06-10 21:03:41,875 - [INFO] -   Total rows written: 139,289
2026-06-10 21:03:41,875 - [INFO] - [80/110] Processing chb23_06.edf (Patient: chb23)
2026-06-10 21:08:54,553 - [INFO] -   Running totals - Seizures: 5,832, Background: 1,679,761
2026-06-10 21:08:54,553 - [INFO] -   Total rows written: 143,030
2026-06-10 21:08:54,553 - [INFO] - Progress: 80/110 files, Rows: 143,030, Time: 200.5 min, Memory: 45%
2026-06-10 21:08:54,554 - [INFO] - [81/110] Processing chb23_07.edf (Patient: chb23)
2026-06-10 21:10:41,494 - [INFO] -   Running totals - Seizures: 5,832, Background: 1,681,039
2026-06-10 21:10:41,494 - [INFO] -   Total rows written: 144,308
2026-06-10 21:10:41,494 - [INFO] - [82/110] Processing chb23_08.edf (Patient: chb23)
2026-06-10 21:17:53,596 - [INFO] -   Running totals - Seizures: 5,870, Background: 1,686,170
2026-06-10 21:17:53,596 - [INFO] -   Total rows written: 149,477
2026-06-10 21:17:53,597 - [INFO] - [83/110] Processing chb23_09.edf (Patient: chb23)
2026-06-10 21:27:57,370 - [INFO] -   Running totals - Seizures: 6,002, Background: 1,693,249
2026-06-10 21:27:57,370 - [INFO] -   Total rows written: 156,688
2026-06-10 21:27:57,370 - [INFO] - [84/110] Processing chb23_10.edf (Patient: chb23)
2026-06-10 21:38:00,945 - [INFO] -   Running totals - Seizures: 6,002, Background: 1,700,447
2026-06-10 21:38:00,945 - [INFO] -   Total rows written: 163,886
2026-06-10 21:38:00,945 - [INFO] - [85/110] Processing chb23_16.edf (Patient: chb23)
2026-06-10 21:48:05,951 - [INFO] -   Running totals - Seizures: 6,002, Background: 1,707,645
2026-06-10 21:48:05,951 - [INFO] -   Total rows written: 171,084
2026-06-10 21:48:05,951 - [INFO] - [86/110] Processing chb23_17.edf (Patient: chb23)
2026-06-10 21:56:53,003 - [INFO] -   Running totals - Seizures: 6,002, Background: 1,713,937
2026-06-10 21:56:53,004 - [INFO] -   Total rows written: 177,376
2026-06-10 21:56:53,004 - [INFO] - [87/110] Processing chb23_19.edf (Patient: chb23)
2026-06-10 22:06:55,219 - [INFO] -   Running totals - Seizures: 6,002, Background: 1,721,135
2026-06-10 22:06:55,219 - [INFO] -   Total rows written: 184,574
2026-06-10 22:06:55,219 - [INFO] - [88/110] Processing chb23_20.edf (Patient: chb23)
2026-06-10 22:10:24,542 - [INFO] -   Running totals - Seizures: 6,002, Background: 1,723,638
2026-06-10 22:10:24,542 - [INFO] -   Total rows written: 187,077
2026-06-10 22:10:24,542 - [INFO] - [89/110] Processing chb24_01.edf (Patient: chb24)
2026-06-10 22:12:55,018 - [INFO] -   Running totals - Seizures: 6,032, Background: 1,725,406
2026-06-10 22:12:55,018 - [INFO] -   Total rows written: 188,875
2026-06-10 22:12:55,019 - [INFO] - [90/110] Processing chb24_02.edf (Patient: chb24)
2026-06-10 22:15:25,867 - [INFO] -   Running totals - Seizures: 6,032, Background: 1,727,204
2026-06-10 22:15:25,867 - [INFO] -   Total rows written: 190,673
2026-06-10 22:15:25,868 - [INFO] - Progress: 90/110 files, Rows: 190,673, Time: 267.1 min, Memory: 45%
2026-06-10 22:15:25,868 - [INFO] - [91/110] Processing chb24_03.edf (Patient: chb24)
2026-06-10 22:17:56,704 - [INFO] -   Running totals - Seizures: 6,064, Background: 1,728,970
2026-06-10 22:17:56,704 - [INFO] -   Total rows written: 192,471
2026-06-10 22:17:56,704 - [INFO] - [92/110] Processing chb24_04.edf (Patient: chb24)
2026-06-10 22:20:27,450 - [INFO] -   Running totals - Seizures: 6,111, Background: 1,730,721
2026-06-10 22:20:27,450 - [INFO] -   Total rows written: 194,269
2026-06-10 22:20:27,450 - [INFO] - [93/110] Processing chb24_05.edf (Patient: chb24)
2026-06-10 22:22:58,480 - [INFO] -   Running totals - Seizures: 6,111, Background: 1,732,519
2026-06-10 22:22:58,480 - [INFO] -   Total rows written: 196,067
2026-06-10 22:22:58,480 - [INFO] - [94/110] Processing chb24_06.edf (Patient: chb24)
2026-06-10 22:25:29,131 - [INFO] -   Running totals - Seizures: 6,125, Background: 1,734,303
2026-06-10 22:25:29,131 - [INFO] -   Total rows written: 197,865
2026-06-10 22:25:29,131 - [INFO] - [95/110] Processing chb24_07.edf (Patient: chb24)
2026-06-10 22:27:59,839 - [INFO] -   Running totals - Seizures: 6,139, Background: 1,736,087
2026-06-10 22:27:59,839 - [INFO] -   Total rows written: 199,663
2026-06-10 22:27:59,839 - [INFO] - [96/110] Processing chb24_08.edf (Patient: chb24)
2026-06-10 22:30:30,895 - [INFO] -   Running totals - Seizures: 6,139, Background: 1,737,885
2026-06-10 22:30:30,895 - [INFO] -   Total rows written: 201,461
2026-06-10 22:30:30,895 - [INFO] - [97/110] Processing chb24_09.edf (Patient: chb24)
2026-06-10 22:33:01,337 - [INFO] -   Running totals - Seizures: 6,151, Background: 1,739,671
2026-06-10 22:33:01,338 - [INFO] -   Total rows written: 203,259
2026-06-10 22:33:01,338 - [INFO] - [98/110] Processing chb24_10.edf (Patient: chb24)
2026-06-10 22:35:31,766 - [INFO] -   Running totals - Seizures: 6,151, Background: 1,741,469
2026-06-10 22:35:31,766 - [INFO] -   Total rows written: 205,057
2026-06-10 22:35:31,766 - [INFO] - [99/110] Processing chb24_11.edf (Patient: chb24)
2026-06-10 22:38:02,375 - [INFO] -   Running totals - Seizures: 6,187, Background: 1,743,231
2026-06-10 22:38:02,375 - [INFO] -   Total rows written: 206,855
2026-06-10 22:38:02,375 - [INFO] - [100/110] Processing chb24_12.edf (Patient: chb24)
2026-06-10 22:40:32,779 - [INFO] -   Running totals - Seizures: 6,187, Background: 1,745,029
2026-06-10 22:40:32,779 - [INFO] -   Total rows written: 208,653
2026-06-10 22:40:32,779 - [INFO] - Progress: 100/110 files, Rows: 208,653, Time: 292.2 min, Memory: 44%
2026-06-10 22:40:32,779 - [INFO] - [101/110] Processing chb24_13.edf (Patient: chb24)
2026-06-10 22:43:03,311 - [INFO] -   Running totals - Seizures: 6,198, Background: 1,746,816
2026-06-10 22:43:03,312 - [INFO] -   Total rows written: 210,451
2026-06-10 22:43:03,312 - [INFO] - [102/110] Processing chb24_14.edf (Patient: chb24)
2026-06-10 22:45:33,634 - [INFO] -   Running totals - Seizures: 6,214, Background: 1,748,598
2026-06-10 22:45:33,634 - [INFO] -   Total rows written: 212,249
2026-06-10 22:45:33,634 - [INFO] - [103/110] Processing chb24_15.edf (Patient: chb24)
2026-06-10 22:48:03,936 - [INFO] -   Running totals - Seizures: 6,225, Background: 1,750,385
2026-06-10 22:48:03,936 - [INFO] -   Total rows written: 214,047
2026-06-10 22:48:03,937 - [INFO] - [104/110] Processing chb24_16.edf (Patient: chb24)
2026-06-10 22:50:34,375 - [INFO] -   Running totals - Seizures: 6,225, Background: 1,752,183
2026-06-10 22:50:34,375 - [INFO] -   Total rows written: 215,845
2026-06-10 22:50:34,375 - [INFO] - [105/110] Processing chb24_17.edf (Patient: chb24)
2026-06-10 22:53:04,978 - [INFO] -   Running totals - Seizures: 6,260, Background: 1,753,946
2026-06-10 22:53:04,978 - [INFO] -   Total rows written: 217,643
2026-06-10 22:53:04,978 - [INFO] - [106/110] Processing chb24_18.edf (Patient: chb24)
2026-06-10 22:55:35,323 - [INFO] -   Running totals - Seizures: 6,260, Background: 1,755,744
2026-06-10 22:55:35,323 - [INFO] -   Total rows written: 219,441
2026-06-10 22:55:35,323 - [INFO] - [107/110] Processing chb24_19.edf (Patient: chb24)
2026-06-10 22:58:06,025 - [INFO] -   Running totals - Seizures: 6,260, Background: 1,757,542
2026-06-10 22:58:06,025 - [INFO] -   Total rows written: 221,239
2026-06-10 22:58:06,025 - [INFO] - [108/110] Processing chb24_20.edf (Patient: chb24)
2026-06-10 23:00:36,561 - [INFO] -   Running totals - Seizures: 6,260, Background: 1,759,340
2026-06-10 23:00:36,561 - [INFO] -   Total rows written: 223,037
2026-06-10 23:00:36,561 - [INFO] - [109/110] Processing chb24_21.edf (Patient: chb24)
2026-06-10 23:03:06,994 - [INFO] -   Running totals - Seizures: 6,297, Background: 1,761,101
2026-06-10 23:03:06,994 - [INFO] -   Total rows written: 224,835
2026-06-10 23:03:06,994 - [INFO] - [110/110] Processing chb24_22.edf (Patient: chb24)
2026-06-10 23:03:51,966 - [INFO] -   Running totals - Seizures: 6,297, Background: 1,761,633
2026-06-10 23:03:51,967 - [INFO] -   Total rows written: 225,367
2026-06-10 23:03:51,967 - [INFO] - Progress: 110/110 files, Rows: 225,367, Time: 315.5 min, Memory: 45%
2026-06-10 23:03:51,967 - [INFO] - Finalizing batch writer...
2026-06-10 23:03:52,210 - [INFO] - Validating output dataset...
2026-06-10 23:03:52,949 - [INFO] - Label distribution: Background=224,604, Seizure=763
2026-06-10 23:03:52,976 - [WARNING] - Found 225257 duplicate patient-edf entries
2026-06-10 23:03:52,977 - [INFO] - ================================================================================
2026-06-10 23:03:52,977 - [INFO] - PROCESSING COMPLETE
2026-06-10 23:03:52,978 - [INFO] - ================================================================================
2026-06-10 23:03:52,978 - [INFO] - EDF processed successfully: 686
2026-06-10 23:03:52,978 - [INFO] - EDF failed: 0
2026-06-10 23:03:52,978 - [INFO] - Total rows: 225,367
2026-06-10 23:03:52,978 - [INFO] - Seizure windows: 6,297
2026-06-10 23:03:52,978 - [INFO] - Background windows: 1,761,633
2026-06-10 23:03:52,978 - [INFO] - Feature count: 96
2026-06-10 23:03:52,978 - [INFO] - Output file: E:\Project\neurovision_ai\real_feature_dataset_v4.parquet
2026-06-10 23:03:52,978 - [INFO] - Output size: 183.75 MB
2026-06-10 23:03:52,978 - [INFO] - Execution time: 315.51 minutes
2026-06-10 23:03:52,978 - [INFO] - Processing rate: 11.9 rows/second
2026-06-10 23:03:52,979 - [INFO] - 
Entropy Computation Statistics:
2026-06-10 23:03:52,979 - [INFO] -   sample_entropy: 12/5,183,441 failures (0.00%)
2026-06-10 23:03:52,979 - [INFO] -   perm_entropy: 0/5,183,441 failures (0.00%)
2026-06-10 23:03:52,979 - [INFO] -   spectral_entropy: 0/5,183,441 failures (0.00%)
2026-06-10 23:03:52,979 - [INFO] - ================================================================================
2026-06-10 23:03:52,979 - [INFO] - Phase 4 Production Build Complete!
2026-06-10 23:03:52,979 - [INFO] - Dataset ready for training at: E:\Project\neurovision_ai\real_feature_dataset_v4.parquet
2026-06-10 23:03:52,980 - [INFO] - Final checkpoint saved to E:\Project\neurovision_ai\checkpoints_v4
2026-06-11 01:01:28,345 - [INFO] - ================================================================================
2026-06-11 01:01:28,345 - [INFO] - NEUROVISION OMEGA - PHASE 4 SHARD-BASED DATASET BUILDER
2026-06-11 01:01:28,346 - [INFO] - Window: 4.0s, Stride: 2.0s
2026-06-11 01:01:28,346 - [INFO] - Shard directory: E:\Project\neurovision_ai\real_feature_dataset_v4_shards
2026-06-11 01:01:28,346 - [INFO] - Source of truth = SHARD FILES (NOT checkpoint)
2026-06-11 01:01:28,346 - [INFO] - ================================================================================
2026-06-11 01:01:28,347 - [INFO] - Loaded seizure database for 24 patients
2026-06-11 01:01:28,347 - [INFO] - Scanning for EDF files...
2026-06-11 01:01:28,394 - [INFO] - Found 686 EDF files total
2026-06-11 01:01:28,410 - [INFO] - Shards already valid: 0
2026-06-11 01:01:28,411 - [INFO] - Pending EDF files: 686
2026-06-11 01:01:28,411 - [INFO] - [1/686] Processing: chb01/chb01_01.edf
2026-06-11 01:03:38,141 - [INFO] - [2/686] Processing: chb01/chb01_02.edf
2026-06-11 01:05:49,673 - [INFO] - [3/686] Processing: chb01/chb01_03.edf
2026-06-11 01:07:58,232 - [INFO] - [4/686] Processing: chb01/chb01_04.edf
2026-06-11 01:10:07,584 - [INFO] - [5/686] Processing: chb01/chb01_05.edf
2026-06-11 01:12:16,781 - [INFO] - [6/686] Processing: chb01/chb01_06.edf
2026-06-11 01:14:25,300 - [INFO] - [7/686] Processing: chb01/chb01_07.edf
2026-06-11 01:16:34,405 - [INFO] - [8/686] Processing: chb01/chb01_08.edf
2026-06-11 01:18:43,313 - [INFO] - [9/686] Processing: chb01/chb01_09.edf
2026-06-11 01:20:51,901 - [INFO] - [10/686] Processing: chb01/chb01_10.edf
2026-06-11 01:23:00,733 - [INFO] - --- PROGRESS: 10/686 files, Seizure windows: 39, Background: 17,941, Memory: 51%, Time: 21.5 min ---
2026-06-11 01:23:00,813 - [INFO] - [11/686] Processing: chb01/chb01_11.edf
2026-06-11 01:25:09,723 - [INFO] - [12/686] Processing: chb01/chb01_12.edf
2026-06-11 01:27:18,777 - [INFO] - [13/686] Processing: chb01/chb01_13.edf
2026-06-11 01:29:28,098 - [INFO] - [14/686] Processing: chb01/chb01_14.edf
2026-06-11 01:31:37,041 - [INFO] - [15/686] Processing: chb01/chb01_15.edf
2026-06-11 01:33:45,752 - [INFO] - [16/686] Processing: chb01/chb01_16.edf
2026-06-11 01:35:54,409 - [INFO] - [17/686] Processing: chb01/chb01_17.edf
2026-06-11 01:38:03,297 - [INFO] - [18/686] Processing: chb01/chb01_18.edf
2026-06-11 01:40:12,571 - [INFO] - [19/686] Processing: chb01/chb01_19.edf
2026-06-11 01:42:20,852 - [INFO] - [20/686] Processing: chb01/chb01_20.edf
2026-06-11 01:43:56,207 - [INFO] - --- PROGRESS: 20/686 files, Seizure windows: 138, Background: 35,354, Memory: 51%, Time: 42.5 min ---
2026-06-11 01:43:56,286 - [INFO] - [21/686] Processing: chb01/chb01_21.edf
2026-06-11 01:46:05,308 - [INFO] - [22/686] Processing: chb01/chb01_22.edf
2026-06-11 01:48:14,527 - [INFO] - [23/686] Processing: chb01/chb01_23.edf
2026-06-11 01:50:23,687 - [INFO] - [24/686] Processing: chb01/chb01_24.edf
2026-06-11 01:52:32,205 - [INFO] - [25/686] Processing: chb01/chb01_25.edf
2026-06-11 01:54:41,191 - [INFO] - [26/686] Processing: chb01/chb01_26.edf
2026-06-11 01:56:04,463 - [INFO] - [27/686] Processing: chb01/chb01_27.edf
2026-06-11 01:56:26,030 - [INFO] - [28/686] Processing: chb01/chb01_29.edf
2026-06-11 01:58:35,353 - [INFO] - [29/686] Processing: chb01/chb01_30.edf
2026-06-11 02:00:44,522 - [INFO] - [30/686] Processing: chb01/chb01_31.edf
2026-06-11 02:02:53,512 - [INFO] - --- PROGRESS: 30/686 files, Seizure windows: 240, Background: 51,095, Memory: 52%, Time: 61.4 min ---
2026-06-11 02:02:53,590 - [INFO] - [31/686] Processing: chb01/chb01_32.edf
2026-06-11 02:05:03,617 - [INFO] - [32/686] Processing: chb01/chb01_33.edf
2026-06-11 02:07:12,163 - [INFO] - [33/686] Processing: chb01/chb01_34.edf
2026-06-11 02:09:19,793 - [INFO] - [34/686] Processing: chb01/chb01_36.edf
2026-06-11 02:11:27,419 - [INFO] - [35/686] Processing: chb01/chb01_37.edf
2026-06-11 02:13:34,869 - [INFO] - [36/686] Processing: chb01/chb01_38.edf
2026-06-11 02:15:41,972 - [INFO] - [37/686] Processing: chb01/chb01_39.edf
2026-06-11 02:17:49,579 - [INFO] - [38/686] Processing: chb01/chb01_40.edf
2026-06-11 02:19:56,706 - [INFO] - [39/686] Processing: chb01/chb01_41.edf
2026-06-11 02:22:03,653 - [INFO] - [40/686] Processing: chb01/chb01_42.edf
2026-06-11 02:24:11,260 - [INFO] - --- PROGRESS: 40/686 files, Seizure windows: 240, Background: 69,075, Memory: 50%, Time: 82.7 min ---
2026-06-11 02:24:11,337 - [INFO] - [41/686] Processing: chb01/chb01_43.edf
2026-06-11 02:26:19,012 - [INFO] - [42/686] Processing: chb01/chb01_46.edf
2026-06-11 02:28:26,233 - [INFO] - [43/686] Processing: chb02/chb02_01.edf
2026-06-11 02:30:33,856 - [INFO] - [44/686] Processing: chb02/chb02_02.edf
2026-06-11 02:32:41,264 - [INFO] - [45/686] Processing: chb02/chb02_03.edf
2026-06-11 02:34:48,817 - [INFO] - [46/686] Processing: chb02/chb02_04.edf
2026-06-11 02:36:56,428 - [INFO] - [47/686] Processing: chb02/chb02_05.edf
2026-06-11 02:39:04,382 - [INFO] - [48/686] Processing: chb02/chb02_06.edf
2026-06-11 02:41:11,546 - [INFO] - [49/686] Processing: chb02/chb02_07.edf
2026-06-11 02:43:19,006 - [INFO] - [50/686] Processing: chb02/chb02_08.edf
2026-06-11 02:45:26,458 - [INFO] - --- PROGRESS: 50/686 files, Seizure windows: 240, Background: 87,055, Memory: 50%, Time: 104.0 min ---
2026-06-11 02:45:26,534 - [INFO] - [51/686] Processing: chb02/chb02_09.edf
2026-06-11 02:47:34,128 - [INFO] - [52/686] Processing: chb02/chb02_10.edf
2026-06-11 02:49:41,851 - [INFO] - [53/686] Processing: chb02/chb02_11.edf
2026-06-11 02:51:48,780 - [INFO] - [54/686] Processing: chb02/chb02_12.edf
2026-06-11 02:53:56,420 - [INFO] - [55/686] Processing: chb02/chb02_13.edf
2026-06-11 02:56:03,694 - [INFO] - [56/686] Processing: chb02/chb02_14.edf
2026-06-11 02:58:11,169 - [INFO] - [57/686] Processing: chb02/chb02_15.edf
2026-06-11 03:00:18,853 - [INFO] - [58/686] Processing: chb02/chb02_16+.edf
2026-06-11 03:02:26,646 - [INFO] - [59/686] Processing: chb02/chb02_16.edf
2026-06-11 03:03:00,560 - [INFO] - [60/686] Processing: chb02/chb02_17.edf
2026-06-11 03:05:08,002 - [INFO] - --- PROGRESS: 60/686 files, Seizure windows: 327, Background: 103,628, Memory: 51%, Time: 123.7 min ---
2026-06-11 03:05:08,081 - [INFO] - [61/686] Processing: chb02/chb02_18.edf
2026-06-11 03:07:15,540 - [INFO] - [62/686] Processing: chb02/chb02_19.edf
2026-06-11 03:09:22,406 - [INFO] - [63/686] Processing: chb02/chb02_20.edf
2026-06-11 03:11:29,696 - [INFO] - [64/686] Processing: chb02/chb02_21.edf
2026-06-11 03:13:37,178 - [INFO] - [65/686] Processing: chb02/chb02_22.edf
2026-06-11 03:15:44,566 - [INFO] - [66/686] Processing: chb02/chb02_23.edf
2026-06-11 03:17:51,903 - [INFO] - [67/686] Processing: chb02/chb02_24.edf
2026-06-11 03:19:59,634 - [INFO] - [68/686] Processing: chb02/chb02_25.edf
2026-06-11 03:22:07,278 - [INFO] - [69/686] Processing: chb02/chb02_26.edf
2026-06-11 03:24:14,901 - [INFO] - [70/686] Processing: chb02/chb02_27.edf
2026-06-11 03:26:22,168 - [INFO] - --- PROGRESS: 70/686 files, Seizure windows: 334, Background: 121,601, Memory: 50%, Time: 144.9 min ---
2026-06-11 03:26:22,243 - [INFO] - [71/686] Processing: chb02/chb02_28.edf
2026-06-11 03:28:29,755 - [INFO] - [72/686] Processing: chb02/chb02_29.edf
2026-06-11 03:30:37,228 - [INFO] - [73/686] Processing: chb02/chb02_30.edf
2026-06-11 03:32:44,932 - [INFO] - [74/686] Processing: chb02/chb02_31.edf
2026-06-11 03:34:52,303 - [INFO] - [75/686] Processing: chb02/chb02_32.edf
2026-06-11 03:36:59,627 - [INFO] - [76/686] Processing: chb02/chb02_33.edf
2026-06-11 03:39:07,364 - [INFO] - [77/686] Processing: chb02/chb02_34.edf
2026-06-11 03:41:15,009 - [INFO] - [78/686] Processing: chb02/chb02_35.edf
2026-06-11 03:43:22,722 - [INFO] - [79/686] Processing: chb03/chb03_01.edf
2026-06-11 03:45:30,585 - [INFO] - [80/686] Processing: chb03/chb03_02.edf
2026-06-11 03:47:37,891 - [INFO] - --- PROGRESS: 80/686 files, Seizure windows: 398, Background: 139,517, Memory: 51%, Time: 166.2 min ---
2026-06-11 03:47:37,967 - [INFO] - [81/686] Processing: chb03/chb03_03.edf
2026-06-11 03:49:45,631 - [INFO] - [82/686] Processing: chb03/chb03_04.edf
2026-06-11 03:51:53,207 - [INFO] - [83/686] Processing: chb03/chb03_05.edf
2026-06-11 03:54:00,781 - [INFO] - [84/686] Processing: chb03/chb03_06.edf
2026-06-11 03:56:08,433 - [INFO] - [85/686] Processing: chb03/chb03_07.edf
2026-06-11 03:58:16,051 - [INFO] - [86/686] Processing: chb03/chb03_08.edf
2026-06-11 04:00:23,894 - [INFO] - [87/686] Processing: chb03/chb03_09.edf
2026-06-11 04:02:30,871 - [INFO] - [88/686] Processing: chb03/chb03_10.edf
2026-06-11 04:04:38,993 - [INFO] - [89/686] Processing: chb03/chb03_11.edf
2026-06-11 04:06:46,743 - [INFO] - [90/686] Processing: chb03/chb03_12.edf
2026-06-11 04:08:54,424 - [INFO] - --- PROGRESS: 90/686 files, Seizure windows: 464, Background: 157,431, Memory: 52%, Time: 187.4 min ---
2026-06-11 04:08:54,502 - [INFO] - [91/686] Processing: chb03/chb03_13.edf
2026-06-11 04:11:02,613 - [INFO] - [92/686] Processing: chb03/chb03_14.edf
2026-06-11 04:13:10,272 - [INFO] - [93/686] Processing: chb03/chb03_15.edf
2026-06-11 04:15:17,687 - [INFO] - [94/686] Processing: chb03/chb03_16.edf
2026-06-11 04:17:25,188 - [INFO] - [95/686] Processing: chb03/chb03_17.edf
2026-06-11 04:19:32,269 - [INFO] - [96/686] Processing: chb03/chb03_18.edf
2026-06-11 04:21:39,884 - [INFO] - [97/686] Processing: chb03/chb03_19.edf
2026-06-11 04:23:47,744 - [INFO] - [98/686] Processing: chb03/chb03_20.edf
2026-06-11 04:25:55,550 - [INFO] - [99/686] Processing: chb03/chb03_21.edf
2026-06-11 04:28:03,057 - [INFO] - [100/686] Processing: chb03/chb03_22.edf
2026-06-11 04:30:10,701 - [INFO] - --- PROGRESS: 100/686 files, Seizure windows: 464, Background: 175,414, Memory: 51%, Time: 208.7 min ---
2026-06-11 04:30:10,778 - [INFO] - [101/686] Processing: chb03/chb03_23.edf
2026-06-11 04:32:18,493 - [INFO] - [102/686] Processing: chb03/chb03_24.edf
2026-06-11 04:34:26,000 - [INFO] - [103/686] Processing: chb03/chb03_25.edf
2026-06-11 04:36:33,427 - [INFO] - [104/686] Processing: chb03/chb03_26.edf
2026-06-11 04:38:40,732 - [INFO] - [105/686] Processing: chb03/chb03_27.edf
2026-06-11 04:40:48,376 - [INFO] - [106/686] Processing: chb03/chb03_28.edf
2026-06-11 04:42:56,078 - [INFO] - [107/686] Processing: chb03/chb03_29.edf
2026-06-11 04:45:03,686 - [INFO] - [108/686] Processing: chb03/chb03_30.edf
2026-06-11 04:47:11,182 - [INFO] - [109/686] Processing: chb03/chb03_31.edf
2026-06-11 04:49:18,880 - [INFO] - [110/686] Processing: chb03/chb03_32.edf
2026-06-11 04:51:26,577 - [INFO] - --- PROGRESS: 110/686 files, Seizure windows: 464, Background: 193,394, Memory: 51%, Time: 230.0 min ---
2026-06-11 04:51:26,667 - [INFO] - [111/686] Processing: chb03/chb03_33.edf
2026-06-11 04:53:33,784 - [INFO] - [112/686] Processing: chb03/chb03_34.edf
2026-06-11 04:55:41,420 - [INFO] - [113/686] Processing: chb03/chb03_35.edf
2026-06-11 04:57:48,378 - [INFO] - [114/686] Processing: chb03/chb03_36.edf
2026-06-11 04:59:55,475 - [INFO] - [115/686] Processing: chb03/chb03_37.edf
2026-06-11 05:02:02,438 - [INFO] - [116/686] Processing: chb03/chb03_38.edf
2026-06-11 05:04:10,081 - [INFO] - [117/686] Processing: chb04/chb04_01.edf
2026-06-11 05:12:40,398 - [INFO] - [118/686] Processing: chb04/chb04_02.edf
2026-06-11 05:21:12,011 - [INFO] - [119/686] Processing: chb04/chb04_03.edf
2026-06-11 05:29:43,095 - [INFO] - [120/686] Processing: chb04/chb04_04.edf
2026-06-11 05:38:14,124 - [INFO] - --- PROGRESS: 120/686 files, Seizure windows: 554, Background: 232,883, Memory: 52%, Time: 276.8 min ---
2026-06-11 05:38:14,200 - [INFO] - [121/686] Processing: chb04/chb04_05.edf
2026-06-11 05:43:53,255 - [INFO] - [122/686] Processing: chb04/chb04_06.edf
2026-06-11 05:52:24,528 - [INFO] - [123/686] Processing: chb04/chb04_07.edf
2026-06-11 05:57:02,028 - [INFO] - [124/686] Processing: chb04/chb04_08.edf
2026-06-11 06:05:53,511 - [INFO] - [125/686] Processing: chb04/chb04_09.edf
2026-06-11 06:14:48,024 - [INFO] - [126/686] Processing: chb04/chb04_10.edf
2026-06-11 06:23:39,335 - [INFO] - [127/686] Processing: chb04/chb04_11.edf
2026-06-11 06:26:37,535 - [INFO] - [128/686] Processing: chb04/chb04_12.edf
2026-06-11 06:35:31,872 - [INFO] - [129/686] Processing: chb04/chb04_13.edf
2026-06-11 06:44:24,694 - [INFO] - [130/686] Processing: chb04/chb04_14.edf
2026-06-11 06:53:18,240 - [INFO] - --- PROGRESS: 130/686 files, Seizure windows: 639, Background: 294,128, Memory: 52%, Time: 351.8 min ---
2026-06-11 06:53:18,315 - [INFO] - [131/686] Processing: chb04/chb04_15.edf
2026-06-11 07:02:12,062 - [INFO] - [132/686] Processing: chb04/chb04_16.edf
2026-06-11 07:11:04,725 - [INFO] - [133/686] Processing: chb04/chb04_17.edf
2026-06-11 07:19:33,029 - [INFO] - [134/686] Processing: chb04/chb04_18.edf
2026-06-11 07:28:27,082 - [INFO] - [135/686] Processing: chb04/chb04_19.edf
2026-06-11 07:37:20,105 - [INFO] - [136/686] Processing: chb04/chb04_21.edf
2026-06-11 07:46:13,762 - [INFO] - [137/686] Processing: chb04/chb04_22.edf
2026-06-11 07:55:05,312 - [INFO] - [138/686] Processing: chb04/chb04_23.edf
2026-06-11 08:01:41,623 - [INFO] - [139/686] Processing: chb04/chb04_24.edf
2026-06-11 08:10:35,563 - [INFO] - [140/686] Processing: chb04/chb04_25.edf
2026-06-11 08:19:29,227 - [INFO] - --- PROGRESS: 140/686 files, Seizure windows: 639, Background: 363,932, Memory: 52%, Time: 438.0 min ---
2026-06-11 08:19:29,304 - [INFO] - [141/686] Processing: chb04/chb04_26.edf
2026-06-11 08:28:22,361 - [INFO] - [142/686] Processing: chb04/chb04_27.edf
2026-06-11 08:37:16,930 - [INFO] - [143/686] Processing: chb04/chb04_28.edf
2026-06-11 08:46:11,419 - [INFO] - [144/686] Processing: chb04/chb04_29.edf
2026-06-11 08:55:04,749 - [INFO] - [145/686] Processing: chb04/chb04_30.edf
2026-06-11 09:03:57,912 - [INFO] - [146/686] Processing: chb04/chb04_31.edf
2026-06-11 09:12:51,644 - [INFO] - [147/686] Processing: chb04/chb04_32.edf
2026-06-11 09:21:44,614 - [INFO] - [148/686] Processing: chb04/chb04_33.edf
2026-06-11 09:30:38,168 - [INFO] - [149/686] Processing: chb04/chb04_34.edf
2026-06-11 09:39:31,026 - [INFO] - [150/686] Processing: chb04/chb04_35.edf
2026-06-11 09:48:23,822 - [INFO] - --- PROGRESS: 150/686 files, Seizure windows: 753, Background: 435,826, Memory: 52%, Time: 526.9 min ---
2026-06-11 09:48:23,896 - [INFO] - [151/686] Processing: chb04/chb04_36.edf
2026-06-11 09:57:18,387 - [INFO] - [152/686] Processing: chb04/chb04_37.edf
2026-06-11 10:00:45,909 - [INFO] - [153/686] Processing: chb04/chb04_38.edf
2026-06-11 10:09:38,517 - [INFO] - [154/686] Processing: chb04/chb04_39.edf
2026-06-11 10:18:31,603 - [INFO] - [155/686] Processing: chb04/chb04_40.edf
2026-06-11 10:27:25,566 - [INFO] - [156/686] Processing: chb04/chb04_41.edf
2026-06-11 10:36:18,760 - [INFO] - [157/686] Processing: chb04/chb04_42.edf
2026-06-11 10:39:54,145 - [INFO] - [158/686] Processing: chb04/chb04_43.edf
2026-06-11 10:48:47,527 - [INFO] - [159/686] Processing: chb05/chb05_01.edf
2026-06-11 10:50:55,754 - [INFO] - [160/686] Processing: chb05/chb05_02.edf
2026-06-11 10:53:02,704 - [INFO] - --- PROGRESS: 160/686 files, Seizure windows: 753, Background: 488,330, Memory: 53%, Time: 591.6 min ---
2026-06-11 10:53:02,781 - [INFO] - [161/686] Processing: chb05/chb05_03.edf
2026-06-11 10:55:10,358 - [INFO] - [162/686] Processing: chb05/chb05_04.edf
2026-06-11 10:57:17,323 - [INFO] - [163/686] Processing: chb05/chb05_05.edf
2026-06-11 10:59:24,849 - [INFO] - [164/686] Processing: chb05/chb05_06.edf
2026-06-11 11:01:31,692 - [INFO] - [165/686] Processing: chb05/chb05_07.edf
2026-06-11 11:03:39,155 - [INFO] - [166/686] Processing: chb05/chb05_08.edf
2026-06-11 11:05:46,864 - [INFO] - [167/686] Processing: chb05/chb05_09.edf
2026-06-11 11:07:54,561 - [INFO] - [168/686] Processing: chb05/chb05_10.edf
2026-06-11 11:10:02,026 - [INFO] - [169/686] Processing: chb05/chb05_11.edf
2026-06-11 11:12:09,426 - [INFO] - [170/686] Processing: chb05/chb05_12.edf
2026-06-11 11:14:16,838 - [INFO] - --- PROGRESS: 170/686 files, Seizure windows: 813, Background: 506,250, Memory: 53%, Time: 612.8 min ---
2026-06-11 11:14:16,908 - [INFO] - [171/686] Processing: chb05/chb05_13.edf
2026-06-11 11:16:24,098 - [INFO] - [172/686] Processing: chb05/chb05_14.edf
2026-06-11 11:18:31,416 - [INFO] - [173/686] Processing: chb05/chb05_15.edf
2026-06-11 11:20:38,764 - [INFO] - [174/686] Processing: chb05/chb05_16.edf
2026-06-11 11:22:46,124 - [INFO] - [175/686] Processing: chb05/chb05_17.edf
2026-06-11 11:24:53,727 - [INFO] - [176/686] Processing: chb05/chb05_18.edf
2026-06-11 11:27:01,165 - [INFO] - [177/686] Processing: chb05/chb05_19.edf
2026-06-11 11:29:08,682 - [INFO] - [178/686] Processing: chb05/chb05_20.edf
2026-06-11 11:31:16,320 - [INFO] - [179/686] Processing: chb05/chb05_21.edf
2026-06-11 11:33:23,641 - [INFO] - [180/686] Processing: chb05/chb05_22.edf
2026-06-11 11:35:30,421 - [INFO] - --- PROGRESS: 180/686 files, Seizure windows: 1,044, Background: 523,999, Memory: 53%, Time: 634.0 min ---
2026-06-11 11:35:30,494 - [INFO] - [181/686] Processing: chb05/chb05_23.edf
2026-06-11 11:37:37,883 - [INFO] - [182/686] Processing: chb05/chb05_24.edf
2026-06-11 11:39:45,263 - [INFO] - [183/686] Processing: chb05/chb05_25.edf
2026-06-11 11:41:52,885 - [INFO] - [184/686] Processing: chb05/chb05_26.edf
2026-06-11 11:44:00,422 - [INFO] - [185/686] Processing: chb05/chb05_27.edf
2026-06-11 11:46:07,670 - [INFO] - [186/686] Processing: chb05/chb05_28.edf
2026-06-11 11:48:15,277 - [INFO] - [187/686] Processing: chb05/chb05_29.edf
2026-06-11 11:50:22,897 - [INFO] - [188/686] Processing: chb05/chb05_30.edf
2026-06-11 11:52:30,508 - [INFO] - [189/686] Processing: chb05/chb05_31.edf
2026-06-11 11:54:37,838 - [INFO] - [190/686] Processing: chb05/chb05_32.edf
2026-06-11 11:56:45,174 - [INFO] - --- PROGRESS: 190/686 files, Seizure windows: 1,044, Background: 541,979, Memory: 52%, Time: 655.3 min ---
2026-06-11 11:56:45,252 - [INFO] - [191/686] Processing: chb05/chb05_33.edf
2026-06-11 11:58:52,622 - [INFO] - [192/686] Processing: chb05/chb05_34.edf
2026-06-11 12:01:00,331 - [INFO] - [193/686] Processing: chb05/chb05_35.edf
2026-06-11 12:03:07,797 - [INFO] - [194/686] Processing: chb05/chb05_36.edf
2026-06-11 12:05:16,064 - [INFO] - [195/686] Processing: chb05/chb05_37.edf
2026-06-11 12:07:25,187 - [INFO] - [196/686] Processing: chb05/chb05_38.edf
2026-06-11 12:09:32,208 - [INFO] - [197/686] Processing: chb05/chb05_39.edf
2026-06-11 12:11:39,829 - [INFO] - [198/686] Processing: chb06/chb06_01.edf
2026-06-11 12:20:12,754 - [INFO] - [199/686] Processing: chb06/chb06_02.edf
2026-06-11 12:28:43,342 - [INFO] - [200/686] Processing: chb06/chb06_03.edf
2026-06-11 12:37:11,325 - [INFO] - --- PROGRESS: 200/686 files, Seizure windows: 1,074, Background: 576,143, Memory: 53%, Time: 695.7 min ---
2026-06-11 12:37:11,399 - [INFO] - [201/686] Processing: chb06/chb06_04.edf
2026-06-11 12:45:00,137 - [INFO] - [202/686] Processing: chb06/chb06_05.edf
2026-06-11 12:53:28,643 - [INFO] - [203/686] Processing: chb06/chb06_06.edf
2026-06-11 13:02:00,227 - [INFO] - [204/686] Processing: chb06/chb06_07.edf
2026-06-11 13:10:30,701 - [INFO] - [205/686] Processing: chb06/chb06_08.edf
2026-06-11 13:19:01,659 - [INFO] - [206/686] Processing: chb06/chb06_09.edf
2026-06-11 13:27:28,978 - [INFO] - [207/686] Processing: chb06/chb06_10.edf
2026-06-11 13:35:58,926 - [INFO] - [208/686] Processing: chb06/chb06_12.edf
2026-06-11 13:44:29,201 - [INFO] - [209/686] Processing: chb06/chb06_13.edf
2026-06-11 13:53:00,416 - [INFO] - [210/686] Processing: chb06/chb06_14.edf
2026-06-11 14:01:31,653 - [INFO] - --- PROGRESS: 210/686 files, Seizure windows: 1,126, Background: 647,502, Memory: 53%, Time: 780.1 min ---
2026-06-11 14:01:31,736 - [INFO] - [211/686] Processing: chb06/chb06_15.edf
2026-06-11 14:10:02,803 - [INFO] - [212/686] Processing: chb06/chb06_16.edf
2026-06-11 14:11:50,063 - [INFO] - [213/686] Processing: chb06/chb06_17.edf
2026-06-11 14:20:20,820 - [INFO] - [214/686] Processing: chb06/chb06_18.edf
2026-06-11 14:25:00,539 - [INFO] - [215/686] Processing: chb06/chb06_24.edf
2026-06-11 14:33:29,103 - [INFO] - [216/686] Processing: chb07/chb07_01.edf
2026-06-11 14:42:00,978 - [INFO] - [217/686] Processing: chb07/chb07_02.edf
2026-06-11 14:50:32,309 - [INFO] - [218/686] Processing: chb07/chb07_03.edf
2026-06-11 14:59:00,353 - [INFO] - [219/686] Processing: chb07/chb07_04.edf
2026-06-11 15:07:28,706 - [INFO] - [220/686] Processing: chb07/chb07_05.edf
2026-06-11 15:16:02,871 - [INFO] - --- PROGRESS: 220/686 files, Seizure windows: 1,144, Background: 710,549, Memory: 54%, Time: 854.6 min ---
2026-06-11 15:16:02,944 - [INFO] - [221/686] Processing: chb07/chb07_06.edf
2026-06-11 15:18:56,842 - [INFO] - [222/686] Processing: chb07/chb07_07.edf
2026-06-11 15:21:41,488 - [INFO] - [223/686] Processing: chb07/chb07_08.edf
2026-06-11 15:30:11,734 - [INFO] - [224/686] Processing: chb07/chb07_09.edf
2026-06-11 15:38:42,971 - [INFO] - [225/686] Processing: chb07/chb07_10.edf
2026-06-11 15:47:11,183 - [INFO] - [226/686] Processing: chb07/chb07_11.edf
2026-06-11 15:55:41,392 - [INFO] - [227/686] Processing: chb07/chb07_12.edf
2026-06-11 16:04:11,209 - [INFO] - [228/686] Processing: chb07/chb07_13.edf
2026-06-11 16:06:23,953 - [INFO] - [229/686] Processing: chb07/chb07_14.edf
2026-06-11 16:14:52,497 - [INFO] - [230/686] Processing: chb07/chb07_15.edf
2026-06-11 16:23:22,955 - [INFO] - --- PROGRESS: 230/686 files, Seizure windows: 1,240, Background: 767,486, Memory: 53%, Time: 921.9 min ---
2026-06-11 16:23:23,030 - [INFO] - [231/686] Processing: chb07/chb07_16.edf
2026-06-11 16:31:52,731 - [INFO] - [232/686] Processing: chb07/chb07_17.edf
2026-06-11 16:40:20,961 - [INFO] - [233/686] Processing: chb07/chb07_18.edf
2026-06-11 16:47:27,463 - [INFO] - [234/686] Processing: chb07/chb07_19.edf
2026-06-11 16:55:57,267 - [INFO] - [235/686] Processing: chb08/chb08_02.edf
2026-06-11 16:58:04,630 - [INFO] - [236/686] Processing: chb08/chb08_03.edf
2026-06-11 17:00:11,964 - [INFO] - [237/686] Processing: chb08/chb08_04.edf
2026-06-11 17:02:19,186 - [INFO] - [238/686] Processing: chb08/chb08_05.edf
2026-06-11 17:04:26,703 - [INFO] - [239/686] Processing: chb08/chb08_10.edf
2026-06-11 17:06:34,030 - [INFO] - [240/686] Processing: chb08/chb08_11.edf
2026-06-11 17:08:41,358 - [INFO] - --- PROGRESS: 240/686 files, Seizure windows: 1,570, Background: 805,572, Memory: 54%, Time: 967.2 min ---
2026-06-11 17:08:41,437 - [INFO] - [241/686] Processing: chb08/chb08_12.edf
2026-06-11 17:10:49,882 - [INFO] - [242/686] Processing: chb08/chb08_13.edf
2026-06-11 17:12:57,459 - [INFO] - [243/686] Processing: chb08/chb08_14.edf
2026-06-11 17:15:05,449 - [INFO] - [244/686] Processing: chb08/chb08_15.edf
2026-06-11 17:17:12,816 - [INFO] - [245/686] Processing: chb08/chb08_16.edf
2026-06-11 17:19:20,363 - [INFO] - [246/686] Processing: chb08/chb08_17.edf
2026-06-11 17:21:27,799 - [INFO] - [247/686] Processing: chb08/chb08_18.edf
2026-06-11 17:23:35,337 - [INFO] - [248/686] Processing: chb08/chb08_19.edf
2026-06-11 17:25:42,869 - [INFO] - [249/686] Processing: chb08/chb08_20.edf
2026-06-11 17:27:50,318 - [INFO] - [250/686] Processing: chb08/chb08_21.edf
2026-06-11 17:30:00,778 - [INFO] - --- PROGRESS: 250/686 files, Seizure windows: 1,786, Background: 823,336, Memory: 56%, Time: 988.5 min ---
2026-06-11 17:30:00,863 - [INFO] - [251/686] Processing: chb08/chb08_22.edf
2026-06-11 17:32:09,939 - [INFO] - [252/686] Processing: chb08/chb08_23.edf
2026-06-11 17:34:17,344 - [INFO] - [253/686] Processing: chb08/chb08_24.edf
2026-06-11 17:36:24,883 - [INFO] - [254/686] Processing: chb08/chb08_29.edf
2026-06-11 17:38:33,368 - [INFO] - [255/686] Processing: chb09/chb09_01.edf
2026-06-11 17:43:18,043 - [INFO] - [256/686] Processing: chb09/chb09_02.edf
2026-06-11 17:52:12,594 - [INFO] - [257/686] Processing: chb09/chb09_03.edf
2026-06-11 18:01:05,361 - [INFO] - [258/686] Processing: chb09/chb09_04.edf
2026-06-11 18:09:59,093 - [INFO] - [259/686] Processing: chb09/chb09_05.edf
2026-06-11 18:18:52,770 - [INFO] - [260/686] Processing: chb09/chb09_06.edf
2026-06-11 18:27:46,153 - [INFO] - --- PROGRESS: 260/686 files, Seizure windows: 1,820, Background: 870,514, Memory: 54%, Time: 1046.3 min ---
2026-06-11 18:27:46,228 - [INFO] - [261/686] Processing: chb09/chb09_07.edf
2026-06-11 18:36:39,508 - [INFO] - [262/686] Processing: chb09/chb09_08.edf
2026-06-11 18:45:30,498 - [INFO] - [263/686] Processing: chb09/chb09_09.edf
2026-06-11 18:54:21,569 - [INFO] - [264/686] Processing: chb09/chb09_10.edf
2026-06-11 19:03:12,423 - [INFO] - [265/686] Processing: chb09/chb09_11.edf
2026-06-11 19:12:06,142 - [INFO] - [266/686] Processing: chb09/chb09_12.edf
2026-06-11 19:20:59,111 - [INFO] - [267/686] Processing: chb09/chb09_13.edf
2026-06-11 19:29:52,427 - [INFO] - [268/686] Processing: chb09/chb09_14.edf
2026-06-11 19:38:45,545 - [INFO] - [269/686] Processing: chb09/chb09_15.edf
2026-06-11 19:47:39,170 - [INFO] - [270/686] Processing: chb09/chb09_16.edf
2026-06-11 19:56:05,609 - [INFO] - --- PROGRESS: 270/686 files, Seizure windows: 1,900, Background: 942,030, Memory: 57%, Time: 1134.6 min ---
2026-06-11 19:56:05,693 - [INFO] - [271/686] Processing: chb09/chb09_17.edf
2026-06-11 19:56:42,764 - [INFO] - [272/686] Processing: chb09/chb09_18.edf
2026-06-11 20:05:37,831 - [INFO] - [273/686] Processing: chb09/chb09_19.edf
2026-06-11 20:09:09,653 - [INFO] - [274/686] Processing: chb10/chb10_01.edf
2026-06-11 20:13:25,498 - [INFO] - [275/686] Processing: chb10/chb10_02.edf
2026-06-11 20:17:40,999 - [INFO] - [276/686] Processing: chb10/chb10_03.edf
2026-06-11 20:21:56,008 - [INFO] - [277/686] Processing: chb10/chb10_04.edf
2026-06-11 20:26:09,239 - [INFO] - [278/686] Processing: chb10/chb10_05.edf
2026-06-11 20:30:23,013 - [INFO] - [279/686] Processing: chb10/chb10_06.edf
2026-06-11 20:34:37,970 - [INFO] - [280/686] Processing: chb10/chb10_07.edf
2026-06-11 20:38:53,246 - [INFO] - --- PROGRESS: 280/686 files, Seizure windows: 1,933, Background: 977,724, Memory: 54%, Time: 1177.4 min ---
2026-06-11 20:38:53,323 - [INFO] - [281/686] Processing: chb10/chb10_08.edf
2026-06-11 20:43:09,018 - [INFO] - [282/686] Processing: chb10/chb10_12.edf
2026-06-11 20:47:24,320 - [INFO] - [283/686] Processing: chb10/chb10_13.edf
2026-06-11 20:51:39,928 - [INFO] - [284/686] Processing: chb10/chb10_14.edf
2026-06-11 20:55:54,759 - [INFO] - [285/686] Processing: chb10/chb10_15.edf
2026-06-11 21:00:10,118 - [INFO] - [286/686] Processing: chb10/chb10_16.edf
2026-06-11 21:04:24,936 - [INFO] - [287/686] Processing: chb10/chb10_17.edf
2026-06-11 21:08:40,159 - [INFO] - [288/686] Processing: chb10/chb10_18.edf
2026-06-11 21:12:55,331 - [INFO] - [289/686] Processing: chb10/chb10_19.edf
2026-06-11 21:17:10,592 - [INFO] - [290/686] Processing: chb10/chb10_20.edf
2026-06-11 21:21:25,812 - [INFO] - --- PROGRESS: 290/686 files, Seizure windows: 1,991, Background: 1,013,652, Memory: 54%, Time: 1220.0 min ---
2026-06-11 21:21:25,885 - [INFO] - [291/686] Processing: chb10/chb10_21.edf
2026-06-11 21:25:41,251 - [INFO] - [292/686] Processing: chb10/chb10_22.edf
2026-06-11 21:29:56,423 - [INFO] - [293/686] Processing: chb10/chb10_27.edf
2026-06-11 21:34:11,582 - [INFO] - [294/686] Processing: chb10/chb10_28.edf
2026-06-11 21:38:26,392 - [INFO] - [295/686] Processing: chb10/chb10_30.edf
2026-06-11 21:42:40,959 - [INFO] - [296/686] Processing: chb10/chb10_31.edf
2026-06-11 21:46:56,364 - [INFO] - [297/686] Processing: chb10/chb10_38.edf
2026-06-11 21:51:11,583 - [INFO] - [298/686] Processing: chb10/chb10_89.edf
2026-06-11 21:55:25,548 - [INFO] - [299/686] Processing: chb11/chb11_01.edf
2026-06-11 21:57:32,589 - [INFO] - [300/686] Processing: chb11/chb11_02.edf
2026-06-11 21:59:40,529 - [INFO] - --- PROGRESS: 300/686 files, Seizure windows: 2,173, Background: 1,045,876, Memory: 54%, Time: 1258.2 min ---
2026-06-11 21:59:40,610 - [INFO] - [301/686] Processing: chb11/chb11_03.edf
2026-06-11 22:01:48,499 - [INFO] - [302/686] Processing: chb11/chb11_04.edf
2026-06-11 22:03:56,246 - [INFO] - [303/686] Processing: chb11/chb11_05.edf
2026-06-11 22:06:04,369 - [INFO] - [304/686] Processing: chb11/chb11_06.edf
2026-06-11 22:08:12,259 - [INFO] - [305/686] Processing: chb11/chb11_07.edf
2026-06-11 22:10:20,479 - [INFO] - [306/686] Processing: chb11/chb11_08.edf
2026-06-11 22:12:28,052 - [INFO] - [307/686] Processing: chb11/chb11_09.edf
2026-06-11 22:14:35,925 - [INFO] - [308/686] Processing: chb11/chb11_10.edf
2026-06-11 22:16:43,745 - [INFO] - [309/686] Processing: chb11/chb11_11.edf
2026-06-11 22:18:51,370 - [INFO] - [310/686] Processing: chb11/chb11_12.edf
2026-06-11 22:20:59,361 - [INFO] - --- PROGRESS: 310/686 files, Seizure windows: 2,173, Background: 1,063,856, Memory: 53%, Time: 1279.5 min ---
2026-06-11 22:20:59,442 - [INFO] - [311/686] Processing: chb11/chb11_13.edf
2026-06-11 22:23:07,624 - [INFO] - [312/686] Processing: chb11/chb11_14.edf
2026-06-11 22:25:15,866 - [INFO] - [313/686] Processing: chb11/chb11_15.edf
2026-06-11 22:27:23,849 - [INFO] - [314/686] Processing: chb11/chb11_16.edf
2026-06-11 22:29:31,665 - [INFO] - [315/686] Processing: chb11/chb11_17.edf
2026-06-11 22:31:39,383 - [INFO] - [316/686] Processing: chb11/chb11_18.edf
2026-06-11 22:33:46,843 - [INFO] - [317/686] Processing: chb11/chb11_19.edf
2026-06-11 22:35:54,726 - [INFO] - [318/686] Processing: chb11/chb11_24.edf
2026-06-11 22:38:02,833 - [INFO] - [319/686] Processing: chb11/chb11_25.edf
2026-06-11 22:40:10,850 - [INFO] - [320/686] Processing: chb11/chb11_26.edf
2026-06-11 22:42:18,888 - [INFO] - --- PROGRESS: 320/686 files, Seizure windows: 2,173, Background: 1,081,836, Memory: 53%, Time: 1300.8 min ---
2026-06-11 22:42:18,965 - [INFO] - [321/686] Processing: chb11/chb11_27.edf
2026-06-11 22:44:26,942 - [INFO] - [322/686] Processing: chb11/chb11_53.edf
2026-06-11 22:46:34,580 - [INFO] - [323/686] Processing: chb11/chb11_54.edf
2026-06-11 22:48:42,706 - [INFO] - [324/686] Processing: chb11/chb11_55.edf
2026-06-11 22:50:50,876 - [INFO] - [325/686] Processing: chb11/chb11_56.edf
2026-06-11 22:52:58,810 - [INFO] - [326/686] Processing: chb11/chb11_58.edf
2026-06-11 22:55:06,987 - [INFO] - [327/686] Processing: chb11/chb11_60.edf
2026-06-11 22:57:14,712 - [INFO] - [328/686] Processing: chb11/chb11_61.edf
2026-06-11 22:59:22,307 - [INFO] - [329/686] Processing: chb11/chb11_62.edf
2026-06-11 23:01:30,866 - [INFO] - [330/686] Processing: chb11/chb11_63.edf
2026-06-11 23:03:38,472 - [INFO] - --- PROGRESS: 330/686 files, Seizure windows: 2,173, Background: 1,099,816, Memory: 53%, Time: 1322.2 min ---
2026-06-11 23:03:38,551 - [INFO] - [331/686] Processing: chb11/chb11_82.edf
2026-06-11 23:05:46,000 - [INFO] - [332/686] Processing: chb11/chb11_92.edf
2026-06-11 23:07:54,085 - [INFO] - [333/686] Processing: chb11/chb11_99.edf
2026-06-11 23:09:35,584 - [INFO] - [334/686] Processing: chb12/chb12_06.edf
2026-06-11 23:11:43,549 - [INFO] - [335/686] Processing: chb12/chb12_08.edf
2026-06-11 23:13:51,340 - [INFO] - [336/686] Processing: chb12/chb12_09.edf
2026-06-11 23:15:59,241 - [INFO] - [337/686] Processing: chb12/chb12_10.edf
2026-06-11 23:18:07,519 - [INFO] - [338/686] Processing: chb12/chb12_11.edf
2026-06-11 23:19:33,476 - [INFO] - [339/686] Processing: chb12/chb12_19.edf
2026-06-11 23:21:40,777 - [INFO] - [340/686] Processing: chb12/chb12_20.edf
2026-06-11 23:23:48,515 - [INFO] - --- PROGRESS: 340/686 files, Seizure windows: 2,787, Background: 1,116,243, Memory: 53%, Time: 1342.3 min ---
2026-06-11 23:23:48,593 - [INFO] - [341/686] Processing: chb12/chb12_21.edf
2026-06-11 23:25:56,536 - [INFO] - [342/686] Processing: chb12/chb12_23.edf
2026-06-11 23:28:03,753 - [INFO] - [343/686] Processing: chb12/chb12_24.edf
2026-06-11 23:30:11,668 - [INFO] - [344/686] Processing: chb12/chb12_27.edf
2026-06-11 23:32:24,948 - [INFO] - [345/686] Processing: chb12/chb12_28.edf
2026-06-11 23:34:43,625 - [INFO] - [346/686] Processing: chb12/chb12_29.edf
2026-06-11 23:37:02,913 - [INFO] - [347/686] Processing: chb12/chb12_32.edf
2026-06-11 23:39:16,183 - [INFO] - [348/686] Processing: chb12/chb12_33.edf
2026-06-11 23:41:29,077 - [INFO] - [349/686] Processing: chb12/chb12_34.edf
2026-06-11 23:43:42,289 - [INFO] - [350/686] Processing: chb12/chb12_35.edf
2026-06-11 23:45:54,782 - [INFO] - --- PROGRESS: 350/686 files, Seizure windows: 3,204, Background: 1,133,818, Memory: 53%, Time: 1364.4 min ---
2026-06-11 23:45:54,861 - [INFO] - [351/686] Processing: chb12/chb12_36.edf
2026-06-11 23:48:07,835 - [INFO] - [352/686] Processing: chb12/chb12_37.edf
2026-06-11 23:50:21,592 - [INFO] - [353/686] Processing: chb12/chb12_38.edf
2026-06-11 23:52:34,848 - [INFO] - [354/686] Processing: chb12/chb12_39.edf
2026-06-11 23:54:48,446 - [INFO] - [355/686] Processing: chb12/chb12_40.edf
2026-06-11 23:57:00,799 - [INFO] - [356/686] Processing: chb12/chb12_41.edf
2026-06-11 23:59:14,138 - [INFO] - [357/686] Processing: chb12/chb12_42.edf
2026-06-12 00:01:27,457 - [INFO] - [358/686] Processing: chb13/chb13_02.edf
2026-06-12 00:03:35,227 - [INFO] - [359/686] Processing: chb13/chb13_03.edf
2026-06-12 00:05:42,966 - [INFO] - [360/686] Processing: chb13/chb13_04.edf
2026-06-12 00:07:23,431 - [INFO] - --- PROGRESS: 360/686 files, Seizure windows: 3,419, Background: 1,151,591, Memory: 54%, Time: 1385.9 min ---
2026-06-12 00:07:23,509 - [INFO] - [361/686] Processing: chb13/chb13_05.edf
2026-06-12 00:09:04,002 - [INFO] - [362/686] Processing: chb13/chb13_06.edf
2026-06-12 00:10:44,504 - [INFO] - [363/686] Processing: chb13/chb13_07.edf
2026-06-12 00:12:24,883 - [INFO] - [364/686] Processing: chb13/chb13_08.edf
2026-06-12 00:14:05,194 - [INFO] - [365/686] Processing: chb13/chb13_09.edf
2026-06-12 00:15:45,654 - [INFO] - [366/686] Processing: chb13/chb13_10.edf
2026-06-12 00:17:26,315 - [INFO] - [367/686] Processing: chb13/chb13_11.edf
2026-06-12 00:19:06,779 - [INFO] - [368/686] Processing: chb13/chb13_12.edf
2026-06-12 00:20:46,858 - [INFO] - [369/686] Processing: chb13/chb13_13.edf
2026-06-12 00:22:27,622 - [INFO] - [370/686] Processing: chb13/chb13_14.edf
2026-06-12 00:24:07,962 - [INFO] - --- PROGRESS: 370/686 files, Seizure windows: 3,419, Background: 1,169,571, Memory: 54%, Time: 1402.7 min ---
2026-06-12 00:24:08,041 - [INFO] - [371/686] Processing: chb13/chb13_15.edf
2026-06-12 00:25:48,387 - [INFO] - [372/686] Processing: chb13/chb13_16.edf
2026-06-12 00:27:28,774 - [INFO] - [373/686] Processing: chb13/chb13_18.edf
2026-06-12 00:29:09,309 - [INFO] - [374/686] Processing: chb13/chb13_19.edf
2026-06-12 00:31:17,219 - [INFO] - [375/686] Processing: chb13/chb13_21.edf
2026-06-12 00:33:24,975 - [INFO] - [376/686] Processing: chb13/chb13_22.edf
2026-06-12 00:35:32,845 - [INFO] - [377/686] Processing: chb13/chb13_24.edf
2026-06-12 00:37:13,269 - [INFO] - [378/686] Processing: chb13/chb13_30.edf
2026-06-12 00:38:53,813 - [INFO] - [379/686] Processing: chb13/chb13_36.edf
2026-06-12 00:40:34,270 - [INFO] - [380/686] Processing: chb13/chb13_37.edf
2026-06-12 00:42:14,422 - [INFO] - --- PROGRESS: 380/686 files, Seizure windows: 3,481, Background: 1,187,489, Memory: 54%, Time: 1420.8 min ---
2026-06-12 00:42:14,500 - [INFO] - [381/686] Processing: chb13/chb13_38.edf
2026-06-12 00:43:54,815 - [INFO] - [382/686] Processing: chb13/chb13_39.edf
2026-06-12 00:45:35,068 - [INFO] - [383/686] Processing: chb13/chb13_40.edf
2026-06-12 00:47:15,391 - [INFO] - [384/686] Processing: chb13/chb13_47.edf
2026-06-12 00:48:55,814 - [INFO] - [385/686] Processing: chb13/chb13_55.edf
2026-06-12 00:51:04,087 - [INFO] - [386/686] Processing: chb13/chb13_56.edf
2026-06-12 00:53:11,576 - [INFO] - [387/686] Processing: chb13/chb13_58.edf
2026-06-12 00:55:19,448 - [INFO] - [388/686] Processing: chb13/chb13_59.edf
2026-06-12 00:57:27,050 - [INFO] - [389/686] Processing: chb13/chb13_60.edf
2026-06-12 00:59:34,498 - [INFO] - [390/686] Processing: chb13/chb13_62.edf
2026-06-12 01:01:41,715 - [INFO] - --- PROGRESS: 390/686 files, Seizure windows: 3,718, Background: 1,205,232, Memory: 53%, Time: 1440.2 min ---
2026-06-12 01:01:41,791 - [INFO] - [391/686] Processing: chb14/chb14_01.edf
2026-06-12 01:03:49,503 - [INFO] - [392/686] Processing: chb14/chb14_02.edf
2026-06-12 01:05:56,818 - [INFO] - [393/686] Processing: chb14/chb14_03.edf
2026-06-12 01:08:04,497 - [INFO] - [394/686] Processing: chb14/chb14_04.edf
2026-06-12 01:10:12,662 - [INFO] - [395/686] Processing: chb14/chb14_06.edf
2026-06-12 01:12:20,232 - [INFO] - [396/686] Processing: chb14/chb14_07.edf
2026-06-12 01:14:27,957 - [INFO] - [397/686] Processing: chb14/chb14_11.edf
2026-06-12 01:16:35,907 - [INFO] - [398/686] Processing: chb14/chb14_12.edf
2026-06-12 01:18:43,648 - [INFO] - [399/686] Processing: chb14/chb14_13.edf
2026-06-12 01:20:51,172 - [INFO] - [400/686] Processing: chb14/chb14_14.edf
2026-06-12 01:22:58,633 - [INFO] - --- PROGRESS: 400/686 files, Seizure windows: 3,786, Background: 1,223,144, Memory: 53%, Time: 1461.5 min ---
2026-06-12 01:22:58,710 - [INFO] - [401/686] Processing: chb14/chb14_16.edf
2026-06-12 01:25:06,328 - [INFO] - [402/686] Processing: chb14/chb14_17.edf
2026-06-12 01:27:14,019 - [INFO] - [403/686] Processing: chb14/chb14_18.edf
2026-06-12 01:29:21,843 - [INFO] - [404/686] Processing: chb14/chb14_19.edf
2026-06-12 01:31:28,928 - [INFO] - [405/686] Processing: chb14/chb14_20.edf
2026-06-12 01:33:36,500 - [INFO] - [406/686] Processing: chb14/chb14_22.edf
2026-06-12 01:35:44,256 - [INFO] - [407/686] Processing: chb14/chb14_24.edf
2026-06-12 01:37:52,043 - [INFO] - [408/686] Processing: chb14/chb14_25.edf
2026-06-12 01:39:59,949 - [INFO] - [409/686] Processing: chb14/chb14_26.edf
2026-06-12 01:42:07,591 - [INFO] - [410/686] Processing: chb14/chb14_27.edf
2026-06-12 01:44:15,498 - [INFO] - --- PROGRESS: 410/686 files, Seizure windows: 3,821, Background: 1,241,089, Memory: 53%, Time: 1482.8 min ---
2026-06-12 01:44:15,576 - [INFO] - [411/686] Processing: chb14/chb14_29.edf
2026-06-12 01:46:23,244 - [INFO] - [412/686] Processing: chb14/chb14_30.edf
2026-06-12 01:48:30,856 - [INFO] - [413/686] Processing: chb14/chb14_32.edf
2026-06-12 01:50:38,626 - [INFO] - [414/686] Processing: chb14/chb14_37.edf
2026-06-12 01:52:46,087 - [INFO] - [415/686] Processing: chb14/chb14_39.edf
2026-06-12 01:54:53,690 - [INFO] - [416/686] Processing: chb14/chb14_42.edf
2026-06-12 01:57:01,421 - [INFO] - [417/686] Processing: chb15/chb15_01.edf
2026-06-12 01:59:26,114 - [INFO] - [418/686] Processing: chb15/chb15_02.edf
2026-06-12 02:02:23,376 - [INFO] - [419/686] Processing: chb15/chb15_03.edf
2026-06-12 02:05:20,625 - [INFO] - [420/686] Processing: chb15/chb15_04.edf
2026-06-12 02:08:18,143 - [INFO] - --- PROGRESS: 420/686 files, Seizure windows: 3,821, Background: 1,259,070, Memory: 54%, Time: 1506.8 min ---
2026-06-12 02:08:18,222 - [INFO] - [421/686] Processing: chb15/chb15_05.edf
2026-06-12 02:11:14,876 - [INFO] - [422/686] Processing: chb15/chb15_06.edf
2026-06-12 02:14:12,062 - [INFO] - [423/686] Processing: chb15/chb15_07.edf
2026-06-12 02:17:09,666 - [INFO] - [424/686] Processing: chb15/chb15_08.edf
2026-06-12 02:20:07,104 - [INFO] - [425/686] Processing: chb15/chb15_09.edf
2026-06-12 02:23:04,312 - [INFO] - [426/686] Processing: chb15/chb15_10.edf
2026-06-12 02:26:01,835 - [INFO] - [427/686] Processing: chb15/chb15_11.edf
2026-06-12 02:28:58,989 - [INFO] - [428/686] Processing: chb15/chb15_12.edf
2026-06-12 02:31:56,251 - [INFO] - [429/686] Processing: chb15/chb15_13.edf
2026-06-12 02:34:53,855 - [INFO] - [430/686] Processing: chb15/chb15_14.edf
2026-06-12 02:37:50,952 - [INFO] - --- PROGRESS: 430/686 files, Seizure windows: 3,904, Background: 1,276,967, Memory: 54%, Time: 1536.4 min ---
2026-06-12 02:37:51,027 - [INFO] - [431/686] Processing: chb15/chb15_15.edf
2026-06-12 02:40:47,672 - [INFO] - [432/686] Processing: chb15/chb15_16.edf
2026-06-12 02:43:45,502 - [INFO] - [433/686] Processing: chb15/chb15_17.edf
2026-06-12 02:46:42,657 - [INFO] - [434/686] Processing: chb15/chb15_19.edf
2026-06-12 02:49:40,430 - [INFO] - [435/686] Processing: chb15/chb15_20.edf
2026-06-12 02:52:37,432 - [INFO] - [436/686] Processing: chb15/chb15_22.edf
2026-06-12 02:55:34,920 - [INFO] - [437/686] Processing: chb15/chb15_26.edf
2026-06-12 02:58:32,099 - [INFO] - [438/686] Processing: chb15/chb15_28.edf
2026-06-12 03:01:29,571 - [INFO] - [439/686] Processing: chb15/chb15_29.edf
2026-06-12 03:04:26,705 - [INFO] - [440/686] Processing: chb15/chb15_30.edf
2026-06-12 03:07:23,776 - [INFO] - --- PROGRESS: 440/686 files, Seizure windows: 4,238, Background: 1,294,613, Memory: 54%, Time: 1565.9 min ---
2026-06-12 03:07:23,850 - [INFO] - [441/686] Processing: chb15/chb15_31.edf
2026-06-12 03:10:21,379 - [INFO] - [442/686] Processing: chb15/chb15_32.edf
2026-06-12 03:13:18,639 - [INFO] - [443/686] Processing: chb15/chb15_33.edf
2026-06-12 03:16:15,787 - [INFO] - [444/686] Processing: chb15/chb15_35.edf
2026-06-12 03:19:12,986 - [INFO] - [445/686] Processing: chb15/chb15_37.edf
2026-06-12 03:22:10,419 - [INFO] - [446/686] Processing: chb15/chb15_40.edf
2026-06-12 03:25:07,874 - [INFO] - [447/686] Processing: chb15/chb15_45.edf
2026-06-12 03:28:04,754 - [INFO] - [448/686] Processing: chb15/chb15_46.edf
2026-06-12 03:31:02,523 - [INFO] - [449/686] Processing: chb15/chb15_49.edf
2026-06-12 03:34:00,789 - [INFO] - [450/686] Processing: chb15/chb15_50.edf
2026-06-12 03:36:58,450 - [INFO] - --- PROGRESS: 450/686 files, Seizure windows: 4,558, Background: 1,312,286, Memory: 54%, Time: 1595.5 min ---
2026-06-12 03:36:58,526 - [INFO] - [451/686] Processing: chb15/chb15_51.edf
2026-06-12 03:39:55,002 - [INFO] - [452/686] Processing: chb15/chb15_52.edf
2026-06-12 03:42:51,703 - [INFO] - [453/686] Processing: chb15/chb15_54.edf
2026-06-12 03:45:47,655 - [INFO] - [454/686] Processing: chb15/chb15_61.edf
2026-06-12 03:48:45,112 - [INFO] - [455/686] Processing: chb15/chb15_62.edf
2026-06-12 03:51:41,812 - [INFO] - [456/686] Processing: chb15/chb15_63.edf
2026-06-12 03:54:38,799 - [INFO] - [457/686] Processing: chb16/chb16_01.edf
2026-06-12 03:56:46,497 - [INFO] - [458/686] Processing: chb16/chb16_02.edf
2026-06-12 03:58:53,870 - [INFO] - [459/686] Processing: chb16/chb16_03.edf
2026-06-12 04:01:01,905 - [INFO] - [460/686] Processing: chb16/chb16_04.edf
2026-06-12 04:03:09,601 - [INFO] - --- PROGRESS: 460/686 files, Seizure windows: 4,868, Background: 1,329,961, Memory: 54%, Time: 1621.7 min ---
2026-06-12 04:03:09,675 - [INFO] - [461/686] Processing: chb16/chb16_05.edf
2026-06-12 04:05:17,551 - [INFO] - [462/686] Processing: chb16/chb16_06.edf
2026-06-12 04:07:25,565 - [INFO] - [463/686] Processing: chb16/chb16_07.edf
2026-06-12 04:09:33,281 - [INFO] - [464/686] Processing: chb16/chb16_08.edf
2026-06-12 04:11:40,568 - [INFO] - [465/686] Processing: chb16/chb16_09.edf
2026-06-12 04:13:47,951 - [INFO] - [466/686] Processing: chb16/chb16_10.edf
2026-06-12 04:15:56,032 - [INFO] - [467/686] Processing: chb16/chb16_11.edf
2026-06-12 04:18:03,718 - [INFO] - [468/686] Processing: chb16/chb16_12.edf
2026-06-12 04:20:11,703 - [INFO] - [469/686] Processing: chb16/chb16_13.edf
2026-06-12 04:22:19,552 - [INFO] - [470/686] Processing: chb16/chb16_14.edf
2026-06-12 04:24:27,361 - [INFO] - --- PROGRESS: 470/686 files, Seizure windows: 4,892, Background: 1,347,917, Memory: 54%, Time: 1643.0 min ---
2026-06-12 04:24:27,445 - [INFO] - [471/686] Processing: chb16/chb16_15.edf
2026-06-12 04:26:35,348 - [INFO] - [472/686] Processing: chb16/chb16_16.edf
2026-06-12 04:28:43,254 - [INFO] - [473/686] Processing: chb16/chb16_17.edf
2026-06-12 04:30:51,316 - [INFO] - [474/686] Processing: chb16/chb16_18.edf
2026-06-12 04:32:31,667 - [INFO] - [475/686] Processing: chb16/chb16_19.edf
2026-06-12 04:34:12,220 - [INFO] - [476/686] Processing: chb17/chb17a_03.edf
2026-06-12 04:36:20,485 - [INFO] - [477/686] Processing: chb17/chb17a_04.edf
2026-06-12 04:38:28,318 - [INFO] - [478/686] Processing: chb17/chb17a_05.edf
2026-06-12 04:40:36,188 - [INFO] - [479/686] Processing: chb17/chb17a_06.edf
2026-06-12 04:42:43,955 - [INFO] - [480/686] Processing: chb17/chb17a_08.edf
2026-06-12 04:44:51,732 - [INFO] - --- PROGRESS: 480/686 files, Seizure windows: 5,045, Background: 1,365,744, Memory: 54%, Time: 1663.4 min ---
2026-06-12 04:44:51,810 - [INFO] - [481/686] Processing: chb17/chb17b_57.edf
2026-06-12 04:46:58,822 - [INFO] - [482/686] Processing: chb17/chb17b_58.edf
2026-06-12 04:49:06,676 - [INFO] - [483/686] Processing: chb17/chb17b_59.edf
2026-06-12 04:51:14,794 - [INFO] - [484/686] Processing: chb17/chb17b_60.edf
2026-06-12 04:53:22,749 - [INFO] - [485/686] Processing: chb17/chb17b_63.edf
2026-06-12 04:55:31,254 - [INFO] - [486/686] Processing: chb17/chb17b_67.edf
2026-06-12 04:57:39,303 - [INFO] - [487/686] Processing: chb17/chb17b_68.edf
2026-06-12 04:59:47,148 - [INFO] - [488/686] Processing: chb17/chb17b_69.edf
2026-06-12 05:01:54,417 - [INFO] - [489/686] Processing: chb17/chb17c_02.edf
2026-06-12 05:04:02,018 - [INFO] - [490/686] Processing: chb17/chb17c_03.edf
2026-06-12 05:06:10,016 - [INFO] - --- PROGRESS: 490/686 files, Seizure windows: 5,092, Background: 1,383,689, Memory: 54%, Time: 1684.7 min ---
2026-06-12 05:06:10,110 - [INFO] - [491/686] Processing: chb17/chb17c_04.edf
2026-06-12 05:08:17,859 - [INFO] - [492/686] Processing: chb17/chb17c_05.edf
2026-06-12 05:10:26,028 - [INFO] - [493/686] Processing: chb17/chb17c_06.edf
2026-06-12 05:12:34,597 - [INFO] - [494/686] Processing: chb17/chb17c_07.edf
2026-06-12 05:14:42,508 - [INFO] - [495/686] Processing: chb17/chb17c_08.edf
2026-06-12 05:16:49,799 - [INFO] - [496/686] Processing: chb17/chb17c_13.edf
2026-06-12 05:18:30,183 - [INFO] - [497/686] Processing: chb18/chb18_01.edf
2026-06-12 05:20:10,976 - [INFO] - [498/686] Processing: chb18/chb18_02.edf
2026-06-12 05:22:18,963 - [INFO] - [499/686] Processing: chb18/chb18_03.edf
2026-06-12 05:24:26,859 - [INFO] - [500/686] Processing: chb18/chb18_04.edf
2026-06-12 05:26:34,699 - [INFO] - --- PROGRESS: 500/686 files, Seizure windows: 5,092, Background: 1,401,675, Memory: 54%, Time: 1705.1 min ---
2026-06-12 05:26:34,777 - [INFO] - [501/686] Processing: chb18/chb18_05.edf
2026-06-12 05:28:42,776 - [INFO] - [502/686] Processing: chb18/chb18_06.edf
2026-06-12 05:30:50,424 - [INFO] - [503/686] Processing: chb18/chb18_07.edf
2026-06-12 05:32:58,210 - [INFO] - [504/686] Processing: chb18/chb18_08.edf
2026-06-12 05:35:05,604 - [INFO] - [505/686] Processing: chb18/chb18_09.edf
2026-06-12 05:37:13,562 - [INFO] - [506/686] Processing: chb18/chb18_10.edf
2026-06-12 05:39:20,897 - [INFO] - [507/686] Processing: chb18/chb18_11.edf
2026-06-12 05:41:28,449 - [INFO] - [508/686] Processing: chb18/chb18_12.edf
2026-06-12 05:43:36,086 - [INFO] - [509/686] Processing: chb18/chb18_13.edf
2026-06-12 05:45:43,933 - [INFO] - [510/686] Processing: chb18/chb18_14.edf
2026-06-12 05:47:51,375 - [INFO] - --- PROGRESS: 510/686 files, Seizure windows: 5,092, Background: 1,419,655, Memory: 54%, Time: 1726.4 min ---
2026-06-12 05:47:51,455 - [INFO] - [511/686] Processing: chb18/chb18_15.edf
2026-06-12 05:49:59,139 - [INFO] - [512/686] Processing: chb18/chb18_16.edf
2026-06-12 05:52:06,552 - [INFO] - [513/686] Processing: chb18/chb18_17.edf
2026-06-12 05:54:14,165 - [INFO] - [514/686] Processing: chb18/chb18_18.edf
2026-06-12 05:56:22,067 - [INFO] - [515/686] Processing: chb18/chb18_19.edf
2026-06-12 05:58:30,198 - [INFO] - [516/686] Processing: chb18/chb18_20.edf
2026-06-12 06:00:38,236 - [INFO] - [517/686] Processing: chb18/chb18_21.edf
2026-06-12 06:02:46,359 - [INFO] - [518/686] Processing: chb18/chb18_22.edf
2026-06-12 06:04:54,261 - [INFO] - [519/686] Processing: chb18/chb18_23.edf
2026-06-12 06:07:02,138 - [INFO] - [520/686] Processing: chb18/chb18_24.edf
2026-06-12 06:09:09,233 - [INFO] - --- PROGRESS: 520/686 files, Seizure windows: 5,092, Background: 1,437,635, Memory: 54%, Time: 1747.7 min ---
2026-06-12 06:09:09,309 - [INFO] - [521/686] Processing: chb18/chb18_25.edf
2026-06-12 06:11:17,274 - [INFO] - [522/686] Processing: chb18/chb18_26.edf
2026-06-12 06:13:25,065 - [INFO] - [523/686] Processing: chb18/chb18_27.edf
2026-06-12 06:15:33,196 - [INFO] - [524/686] Processing: chb18/chb18_28.edf
2026-06-12 06:17:41,007 - [INFO] - [525/686] Processing: chb18/chb18_29.edf
2026-06-12 06:19:49,072 - [INFO] - [526/686] Processing: chb18/chb18_30.edf
2026-06-12 06:21:56,885 - [INFO] - [527/686] Processing: chb18/chb18_31.edf
2026-06-12 06:23:17,712 - [INFO] - [528/686] Processing: chb18/chb18_32.edf
2026-06-12 06:25:25,802 - [INFO] - [529/686] Processing: chb18/chb18_33.edf
2026-06-12 06:27:33,643 - [INFO] - [530/686] Processing: chb18/chb18_34.edf
2026-06-12 06:29:41,748 - [INFO] - --- PROGRESS: 530/686 files, Seizure windows: 5,202, Background: 1,454,842, Memory: 54%, Time: 1768.2 min ---
2026-06-12 06:29:41,824 - [INFO] - [531/686] Processing: chb18/chb18_35.edf
2026-06-12 06:31:49,386 - [INFO] - [532/686] Processing: chb18/chb18_36.edf
2026-06-12 06:33:57,158 - [INFO] - [533/686] Processing: chb19/chb19_01.edf
2026-06-12 06:35:37,702 - [INFO] - [534/686] Processing: chb19/chb19_02.edf
2026-06-12 06:37:45,292 - [INFO] - [535/686] Processing: chb19/chb19_03.edf
2026-06-12 06:39:52,643 - [INFO] - [536/686] Processing: chb19/chb19_04.edf
2026-06-12 06:42:00,186 - [INFO] - [537/686] Processing: chb19/chb19_05.edf
2026-06-12 06:44:08,109 - [INFO] - [538/686] Processing: chb19/chb19_06.edf
2026-06-12 06:46:16,017 - [INFO] - [539/686] Processing: chb19/chb19_07.edf
2026-06-12 06:48:23,987 - [INFO] - [540/686] Processing: chb19/chb19_08.edf
2026-06-12 06:50:31,870 - [INFO] - --- PROGRESS: 540/686 files, Seizure windows: 5,264, Background: 1,472,760, Memory: 54%, Time: 1789.1 min ---
2026-06-12 06:50:31,947 - [INFO] - [541/686] Processing: chb19/chb19_09.edf
2026-06-12 06:52:39,686 - [INFO] - [542/686] Processing: chb19/chb19_10.edf
2026-06-12 06:54:47,356 - [INFO] - [543/686] Processing: chb19/chb19_11.edf
2026-06-12 06:56:54,973 - [INFO] - [544/686] Processing: chb19/chb19_12.edf
2026-06-12 06:59:02,695 - [INFO] - [545/686] Processing: chb19/chb19_13.edf
2026-06-12 07:01:10,612 - [INFO] - [546/686] Processing: chb19/chb19_14.edf
2026-06-12 07:03:18,630 - [INFO] - [547/686] Processing: chb19/chb19_15.edf
2026-06-12 07:05:26,070 - [INFO] - [548/686] Processing: chb19/chb19_16.edf
2026-06-12 07:07:34,006 - [INFO] - [549/686] Processing: chb19/chb19_17.edf
2026-06-12 07:09:42,021 - [INFO] - [550/686] Processing: chb19/chb19_18.edf
2026-06-12 07:11:50,024 - [INFO] - --- PROGRESS: 550/686 files, Seizure windows: 5,264, Background: 1,490,740, Memory: 54%, Time: 1810.4 min ---
2026-06-12 07:11:50,101 - [INFO] - [551/686] Processing: chb19/chb19_19.edf
2026-06-12 07:13:58,207 - [INFO] - [552/686] Processing: chb19/chb19_20.edf
2026-06-12 07:16:06,311 - [INFO] - [553/686] Processing: chb19/chb19_21.edf
2026-06-12 07:18:14,316 - [INFO] - [554/686] Processing: chb19/chb19_22.edf
2026-06-12 07:20:22,147 - [INFO] - [555/686] Processing: chb19/chb19_23.edf
2026-06-12 07:22:30,180 - [INFO] - [556/686] Processing: chb19/chb19_24.edf
2026-06-12 07:24:38,045 - [INFO] - [557/686] Processing: chb19/chb19_25.edf
2026-06-12 07:26:45,829 - [INFO] - [558/686] Processing: chb19/chb19_26.edf
2026-06-12 07:28:53,228 - [INFO] - [559/686] Processing: chb19/chb19_27.edf
2026-06-12 07:31:01,251 - [INFO] - [560/686] Processing: chb19/chb19_28.edf
2026-06-12 07:33:09,330 - [INFO] - --- PROGRESS: 560/686 files, Seizure windows: 5,305, Background: 1,508,685, Memory: 54%, Time: 1831.7 min ---
2026-06-12 07:33:09,406 - [INFO] - [561/686] Processing: chb19/chb19_29.edf
2026-06-12 07:35:17,537 - [INFO] - [562/686] Processing: chb19/chb19_30.edf
2026-06-12 07:37:15,911 - [INFO] - [563/686] Processing: chb20/chb20_01.edf
2026-06-12 07:39:24,103 - [INFO] - [564/686] Processing: chb20/chb20_02.edf
2026-06-12 07:41:31,857 - [INFO] - [565/686] Processing: chb20/chb20_03.edf
2026-06-12 07:43:39,666 - [INFO] - [566/686] Processing: chb20/chb20_04.edf
2026-06-12 07:45:47,363 - [INFO] - [567/686] Processing: chb20/chb20_05.edf
2026-06-12 07:47:55,121 - [INFO] - [568/686] Processing: chb20/chb20_06.edf
2026-06-12 07:50:02,941 - [INFO] - [569/686] Processing: chb20/chb20_07.edf
2026-06-12 07:52:10,683 - [INFO] - [570/686] Processing: chb20/chb20_08.edf
2026-06-12 07:54:18,776 - [INFO] - --- PROGRESS: 570/686 files, Seizure windows: 5,389, Background: 1,526,451, Memory: 54%, Time: 1852.8 min ---
2026-06-12 07:54:18,851 - [INFO] - [571/686] Processing: chb20/chb20_11.edf
2026-06-12 07:56:26,696 - [INFO] - [572/686] Processing: chb20/chb20_12.edf
2026-06-12 07:58:34,847 - [INFO] - [573/686] Processing: chb20/chb20_13.edf
2026-06-12 08:00:42,700 - [INFO] - [574/686] Processing: chb20/chb20_14.edf
2026-06-12 08:02:49,805 - [INFO] - [575/686] Processing: chb20/chb20_15.edf
2026-06-12 08:04:57,621 - [INFO] - [576/686] Processing: chb20/chb20_16.edf
2026-06-12 08:07:00,691 - [INFO] - [577/686] Processing: chb20/chb20_17.edf
2026-06-12 08:09:08,633 - [INFO] - [578/686] Processing: chb20/chb20_21.edf
2026-06-12 08:11:17,329 - [INFO] - [579/686] Processing: chb20/chb20_22.edf
2026-06-12 08:11:43,653 - [INFO] - [580/686] Processing: chb20/chb20_23.edf
2026-06-12 08:13:28,695 - [INFO] - --- PROGRESS: 580/686 files, Seizure windows: 5,534, Background: 1,542,483, Memory: 53%, Time: 1872.0 min ---
2026-06-12 08:13:28,773 - [INFO] - [581/686] Processing: chb20/chb20_25.edf
2026-06-12 08:15:36,103 - [INFO] - [582/686] Processing: chb20/chb20_26.edf
2026-06-12 08:17:43,857 - [INFO] - [583/686] Processing: chb20/chb20_27.edf
2026-06-12 08:19:51,822 - [INFO] - [584/686] Processing: chb20/chb20_28.edf
2026-06-12 08:21:59,856 - [INFO] - [585/686] Processing: chb20/chb20_29.edf
2026-06-12 08:24:07,631 - [INFO] - [586/686] Processing: chb20/chb20_30.edf
2026-06-12 08:26:15,657 - [INFO] - [587/686] Processing: chb20/chb20_31.edf
2026-06-12 08:28:23,631 - [INFO] - [588/686] Processing: chb20/chb20_34.edf
2026-06-12 08:30:31,581 - [INFO] - [589/686] Processing: chb20/chb20_59.edf
2026-06-12 08:32:39,356 - [INFO] - [590/686] Processing: chb20/chb20_60.edf
2026-06-12 08:34:47,125 - [INFO] - --- PROGRESS: 590/686 files, Seizure windows: 5,534, Background: 1,560,463, Memory: 54%, Time: 1893.3 min ---
2026-06-12 08:34:47,200 - [INFO] - [591/686] Processing: chb20/chb20_68.edf
2026-06-12 08:36:04,284 - [INFO] - [592/686] Processing: chb21/chb21_01.edf
2026-06-12 08:38:12,147 - [INFO] - [593/686] Processing: chb21/chb21_02.edf
2026-06-12 08:40:20,328 - [INFO] - [594/686] Processing: chb21/chb21_03.edf
2026-06-12 08:42:27,726 - [INFO] - [595/686] Processing: chb21/chb21_04.edf
2026-06-12 08:44:35,838 - [INFO] - [596/686] Processing: chb21/chb21_05.edf
2026-06-12 08:46:43,857 - [INFO] - [597/686] Processing: chb21/chb21_06.edf
2026-06-12 08:48:51,490 - [INFO] - [598/686] Processing: chb21/chb21_07.edf
2026-06-12 08:50:59,422 - [INFO] - [599/686] Processing: chb21/chb21_08.edf
2026-06-12 08:53:07,529 - [INFO] - [600/686] Processing: chb21/chb21_09.edf
2026-06-12 08:55:15,185 - [INFO] - --- PROGRESS: 600/686 files, Seizure windows: 5,556, Background: 1,577,705, Memory: 54%, Time: 1913.8 min ---
2026-06-12 08:55:15,268 - [INFO] - [601/686] Processing: chb21/chb21_10.edf
2026-06-12 08:57:22,927 - [INFO] - [602/686] Processing: chb21/chb21_11.edf
2026-06-12 08:59:30,623 - [INFO] - [603/686] Processing: chb21/chb21_12.edf
2026-06-12 09:01:38,441 - [INFO] - [604/686] Processing: chb21/chb21_13.edf
2026-06-12 09:03:45,312 - [INFO] - [605/686] Processing: chb21/chb21_14.edf
2026-06-12 09:05:53,066 - [INFO] - [606/686] Processing: chb21/chb21_15.edf
2026-06-12 09:08:01,108 - [INFO] - [607/686] Processing: chb21/chb21_16.edf
2026-06-12 09:10:08,597 - [INFO] - [608/686] Processing: chb21/chb21_17.edf
2026-06-12 09:12:16,444 - [INFO] - [609/686] Processing: chb21/chb21_18.edf
2026-06-12 09:14:23,869 - [INFO] - [610/686] Processing: chb21/chb21_19.edf
2026-06-12 09:16:31,620 - [INFO] - --- PROGRESS: 610/686 files, Seizure windows: 5,587, Background: 1,595,654, Memory: 54%, Time: 1935.1 min ---
2026-06-12 09:16:31,698 - [INFO] - [611/686] Processing: chb21/chb21_20.edf
2026-06-12 09:18:18,164 - [INFO] - [612/686] Processing: chb21/chb21_21.edf
2026-06-12 09:20:25,877 - [INFO] - [613/686] Processing: chb21/chb21_22.edf
2026-06-12 09:22:33,921 - [INFO] - [614/686] Processing: chb21/chb21_23.edf
2026-06-12 09:24:41,686 - [INFO] - [615/686] Processing: chb21/chb21_24.edf
2026-06-12 09:26:49,916 - [INFO] - [616/686] Processing: chb21/chb21_25.edf
2026-06-12 09:28:57,785 - [INFO] - [617/686] Processing: chb21/chb21_26.edf
2026-06-12 09:31:05,448 - [INFO] - [618/686] Processing: chb21/chb21_27.edf
2026-06-12 09:33:13,310 - [INFO] - [619/686] Processing: chb21/chb21_28.edf
2026-06-12 09:35:21,191 - [INFO] - [620/686] Processing: chb21/chb21_29.edf
2026-06-12 09:37:29,038 - [INFO] - --- PROGRESS: 620/686 files, Seizure windows: 5,665, Background: 1,613,251, Memory: 54%, Time: 1956.0 min ---
2026-06-12 09:37:29,113 - [INFO] - [621/686] Processing: chb21/chb21_30.edf
2026-06-12 09:39:36,983 - [INFO] - [622/686] Processing: chb21/chb21_31.edf
2026-06-12 09:41:44,666 - [INFO] - [623/686] Processing: chb21/chb21_32.edf
2026-06-12 09:43:52,522 - [INFO] - [624/686] Processing: chb21/chb21_33.edf
2026-06-12 09:46:00,162 - [INFO] - [625/686] Processing: chb22/chb22_01.edf
2026-06-12 09:48:07,960 - [INFO] - [626/686] Processing: chb22/chb22_02.edf
2026-06-12 09:50:16,305 - [INFO] - [627/686] Processing: chb22/chb22_03.edf
2026-06-12 09:52:24,137 - [INFO] - [628/686] Processing: chb22/chb22_04.edf
2026-06-12 09:54:31,582 - [INFO] - [629/686] Processing: chb22/chb22_05.edf
2026-06-12 09:56:39,176 - [INFO] - [630/686] Processing: chb22/chb22_06.edf
2026-06-12 09:58:47,194 - [INFO] - --- PROGRESS: 630/686 files, Seizure windows: 5,665, Background: 1,631,231, Memory: 55%, Time: 1977.3 min ---
2026-06-12 09:58:47,274 - [INFO] - [631/686] Processing: chb22/chb22_07.edf
2026-06-12 10:00:55,046 - [INFO] - [632/686] Processing: chb22/chb22_08.edf
2026-06-12 10:03:02,847 - [INFO] - [633/686] Processing: chb22/chb22_09.edf
2026-06-12 10:05:10,089 - [INFO] - [634/686] Processing: chb22/chb22_10.edf
2026-06-12 10:07:17,993 - [INFO] - [635/686] Processing: chb22/chb22_11.edf
2026-06-12 10:09:26,149 - [INFO] - [636/686] Processing: chb22/chb22_15.edf
2026-06-12 10:11:34,305 - [INFO] - [637/686] Processing: chb22/chb22_16.edf
2026-06-12 10:13:41,901 - [INFO] - [638/686] Processing: chb22/chb22_17.edf
2026-06-12 10:15:50,002 - [INFO] - [639/686] Processing: chb22/chb22_18.edf
2026-06-12 10:17:58,467 - [INFO] - [640/686] Processing: chb22/chb22_19.edf
2026-06-12 10:20:06,246 - [INFO] - --- PROGRESS: 640/686 files, Seizure windows: 5,665, Background: 1,649,217, Memory: 54%, Time: 1998.6 min ---
2026-06-12 10:20:06,320 - [INFO] - [641/686] Processing: chb22/chb22_20.edf
2026-06-12 10:22:13,575 - [INFO] - [642/686] Processing: chb22/chb22_21.edf
2026-06-12 10:24:21,173 - [INFO] - [643/686] Processing: chb22/chb22_22.edf
2026-06-12 10:26:28,933 - [INFO] - [644/686] Processing: chb22/chb22_23.edf
2026-06-12 10:28:36,748 - [INFO] - [645/686] Processing: chb22/chb22_24.edf
2026-06-12 10:30:44,862 - [INFO] - [646/686] Processing: chb22/chb22_25.edf
2026-06-12 10:32:52,499 - [INFO] - [647/686] Processing: chb22/chb22_26.edf
2026-06-12 10:35:00,162 - [INFO] - [648/686] Processing: chb22/chb22_27.edf
2026-06-12 10:37:07,671 - [INFO] - [649/686] Processing: chb22/chb22_28.edf
2026-06-12 10:39:15,418 - [INFO] - [650/686] Processing: chb22/chb22_29.edf
2026-06-12 10:41:23,127 - [INFO] - --- PROGRESS: 650/686 files, Seizure windows: 5,735, Background: 1,667,127, Memory: 54%, Time: 2019.9 min ---
2026-06-12 10:41:23,204 - [INFO] - [651/686] Processing: chb22/chb22_30.edf
2026-06-12 10:43:30,993 - [INFO] - [652/686] Processing: chb22/chb22_38.edf
2026-06-12 10:45:38,808 - [INFO] - [653/686] Processing: chb22/chb22_51.edf
2026-06-12 10:47:46,117 - [INFO] - [654/686] Processing: chb22/chb22_54.edf
2026-06-12 10:49:53,074 - [INFO] - [655/686] Processing: chb22/chb22_77.edf
2026-06-12 10:52:00,699 - [INFO] - [656/686] Processing: chb23/chb23_06.edf
2026-06-12 10:56:26,227 - [INFO] - [657/686] Processing: chb23/chb23_07.edf
2026-06-12 10:57:56,634 - [INFO] - [658/686] Processing: chb23/chb23_08.edf
2026-06-12 11:04:04,562 - [INFO] - [659/686] Processing: chb23/chb23_09.edf
2026-06-12 11:12:33,986 - [INFO] - [660/686] Processing: chb23/chb23_10.edf
2026-06-12 11:21:04,499 - [INFO] - --- PROGRESS: 660/686 files, Seizure windows: 6,002, Background: 1,700,447, Memory: 54%, Time: 2059.6 min ---
2026-06-12 11:21:04,578 - [INFO] - [661/686] Processing: chb23/chb23_16.edf
2026-06-12 11:29:35,232 - [INFO] - [662/686] Processing: chb23/chb23_17.edf
2026-06-12 11:37:02,640 - [INFO] - [663/686] Processing: chb23/chb23_19.edf
2026-06-12 11:45:33,519 - [INFO] - [664/686] Processing: chb23/chb23_20.edf
2026-06-12 11:48:31,234 - [INFO] - [665/686] Processing: chb24/chb24_01.edf
2026-06-12 11:50:38,727 - [INFO] - [666/686] Processing: chb24/chb24_02.edf
2026-06-12 11:52:46,553 - [INFO] - [667/686] Processing: chb24/chb24_03.edf
2026-06-12 11:54:54,163 - [INFO] - [668/686] Processing: chb24/chb24_04.edf
2026-06-12 11:57:01,685 - [INFO] - [669/686] Processing: chb24/chb24_05.edf
2026-06-12 11:59:08,925 - [INFO] - [670/686] Processing: chb24/chb24_06.edf
2026-06-12 12:01:16,249 - [INFO] - --- PROGRESS: 670/686 files, Seizure windows: 6,125, Background: 1,734,303, Memory: 54%, Time: 2099.8 min ---
2026-06-12 12:01:16,330 - [INFO] - [671/686] Processing: chb24/chb24_07.edf
2026-06-12 12:03:23,085 - [INFO] - [672/686] Processing: chb24/chb24_08.edf
2026-06-12 12:05:30,289 - [INFO] - [673/686] Processing: chb24/chb24_09.edf
2026-06-12 12:07:37,899 - [INFO] - [674/686] Processing: chb24/chb24_10.edf
2026-06-12 12:09:45,173 - [INFO] - [675/686] Processing: chb24/chb24_11.edf
2026-06-12 12:11:52,831 - [INFO] - [676/686] Processing: chb24/chb24_12.edf
2026-06-12 12:14:00,399 - [INFO] - [677/686] Processing: chb24/chb24_13.edf
2026-06-12 12:16:07,832 - [INFO] - [678/686] Processing: chb24/chb24_14.edf
2026-06-12 12:18:15,439 - [INFO] - [679/686] Processing: chb24/chb24_15.edf
2026-06-12 12:20:22,803 - [INFO] - [680/686] Processing: chb24/chb24_16.edf
2026-06-12 12:22:30,527 - [INFO] - --- PROGRESS: 680/686 files, Seizure windows: 6,225, Background: 1,752,183, Memory: 54%, Time: 2121.0 min ---
2026-06-12 12:22:30,603 - [INFO] - [681/686] Processing: chb24/chb24_17.edf
2026-06-12 12:24:38,498 - [INFO] - [682/686] Processing: chb24/chb24_18.edf
2026-06-12 12:26:45,653 - [INFO] - [683/686] Processing: chb24/chb24_19.edf
2026-06-12 12:28:53,471 - [INFO] - [684/686] Processing: chb24/chb24_20.edf
2026-06-12 12:31:01,472 - [INFO] - [685/686] Processing: chb24/chb24_21.edf
2026-06-12 12:33:09,068 - [INFO] - [686/686] Processing: chb24/chb24_22.edf
2026-06-12 12:33:47,038 - [INFO] - ================================================================================
2026-06-12 12:33:47,039 - [INFO] - PROCESSING COMPLETE
2026-06-12 12:33:47,039 - [INFO] - ================================================================================
2026-06-12 12:33:47,039 - [INFO] - Successfully processed: 686
2026-06-12 12:33:47,039 - [INFO] - Failed: 0
2026-06-12 12:33:47,039 - [INFO] - Total seizure windows: 6,297
2026-06-12 12:33:47,039 - [INFO] - Total background windows: 1,761,633
2026-06-12 12:33:47,040 - [INFO] - Total rows: 1,767,930
2026-06-12 12:33:47,040 - [INFO] - Execution time: 2132.31 minutes
2026-06-12 12:33:47,040 - [INFO] - Shard directory: E:\Project\neurovision_ai\real_feature_dataset_v4_shards
2026-06-12 12:33:47,040 - [INFO] - 
2026-06-12 12:33:47,040 - [INFO] - NEXT STEPS:
2026-06-12 12:33:47,040 - [INFO] - 1. Run merge_v4_shards.py to create final dataset
2026-06-12 12:33:47,040 - [INFO] - 2. Run audit_v4_dataset.py to validate
2026-06-12 12:33:47,040 - [INFO] - 3. Run prepare_v4_training_dataset.py for training
2026-06-12 12:33:47,040 - [INFO] - ================================================================================
2026-06-12 12:33:47,040 - [INFO] - 
Entropy Computation Statistics:
2026-06-12 12:33:47,040 - [INFO] -   sample_entropy: 25,752/41,443,293 failures (0.06%)
2026-06-12 12:33:47,041 - [INFO] -   perm_entropy: 0/41,443,293 failures (0.00%)
2026-06-12 12:33:47,041 - [INFO] -   spectral_entropy: 0/41,443,293 failures (0.00%)
